post_id,subreddit,title,body,score,num_comments,search_term,cluster,cluster_name,sentiment,flag_pain_point,flag_coping,flag_unmet_need,flag_app_signal
2d6f192e8e7c,PMDD,Don't make decisions in luteal lol,"Friendly reminder to not make any major life decisions while in luteal. I've quit jobs, made appointments to see plastic surgeons, contemplated leaving my partner, the list goes on. 

Every questionable decision ive made can be followed back to a PMDD episode 😭",601,91,decision,0,Luteal Phase Decision-Making: Advice & Warnings,0.1779,1,0,0,1
6e0354cbd179,PMDD,I made a really big life decision during PMDD &amp; I can’t get out of it,"so about a week ago? this is gonna sound really dumb I was debating at looking at schools and what to do and I even brought my dad and I told my dad i don’t want to sign anything yet I’m just checking things out! so I went to check out a massage therapy school and during that manic PMDD phase I guess I liked it but also was kinda pressured by the admissions girl and one thing led to another and NOW my dumb ass is all signed up to go to massage therapy school the end of April 🙃 

  
my period just ended and I came to my senses the other day and I just balled my eyes out like wtf did I jsut do ? Im not even physically capable of doing this I have scoliosis and back pain as it is. it’s a 7 month course I live in Florida now the problem is I CANT fucking quit because I told my aunt that I was going to school and she is so happy for me that she sent me money yesterday for school 😭 I literally can’t tell her I can’t go or any about this cuz also she’s the only relative that I have that I talk too,everyone and including my birth mother is abusive and hates me and talks so bad about me and I’m so scared if I tell my aunt that I can’t do it or quit she’s just gonna assume they are all right about me that I’m a loser etc ..😔 like me going to school is a way of proving myself but I can’t tell her If I quit cuz it’s gonna make me look so bad to her and I’m just so dumb 

  
and another thing is I’m 30 yrs old I have NO idea what I want to do career wise I dealt with mental health things in my twenties so that’s why I’m started to like branch out when it comes to careers jobs and stuff cuz I wasn’t able to do much in my twenties and also where I’ve live I have such a hard time getting a job cuz I can’t work full time hours cuz of mental health and PMDD that I feel like now I’m scared if I don’t do this school then I’m gonna regret it cuz atleast I would have idk some type of career with it after but the Same time I don’t wanna fucking do it .

  
im so mad at myself cuz if i didn’t do this during PMDD I probably would’ve waited and thought about it. my anxiety has been so high im crying one moment and then the next im fine and i cant work and go to this school at the same time either cuz i signed up for full time so its shorter months for me and i will only have 2 days off…🫠 idk what the fuck to do I’m so mad at myself and also my PMDD screws me up every month so that’s another thing I worry about that ",19,22,decision,2,Personal PMDD Narratives & Life Decisions,-0.9983,1,1,0,0
4c9eddbf3fdc,PMDD,"If it can wait, let it wait. The luteal phase isn’t when we should be making big, life-altering decisions.",I have a feeling that someone needed this reminder. I tell myself that no big life decisions or questions about my self worth need to be figured out during my luteal phase or after 10pm.,96,15,decision,0,Luteal Phase Decision-Making: Advice & Warnings,0.0516,1,0,1,1
e02d34da015b,PMDD,Making big life decisions?! And when 😩,"Hi all! Curious as to how and when during your cycle you commit and feel good about making big life decisions? Are we not our real selves during luteal?? Should we only listen to our more positive self’s before ovulation? It’s so confusing 😭 

Feel like I’m two people these days.. it’s really hard to decipher which of my thoughts are my real ones ",10,9,decision,2,Personal PMDD Narratives & Life Decisions,0.771,1,0,0,0
723faa64580c,PMDD,Not making big decisions or confronting issues during luteal,"Just venting. Feel free to commiserate, or share how you handle this feeling, or just drop a meme so I can laugh for a second, lol.

I have the wisdom not to take any big steps during luteal, and I think I even have the willpower, but god, is it painful and draining. 

I need to have a difficult conversation which could end my long-term relationship. I also need clarification around something he said recently, and not understanding is driving me up a wall - I'm hurt and sad and afraid (for my/our future, to be clear - I am safe). I know I can't possibly handle that conversation until I'm out of luteal, so all I can do is sit and wait. I suppose, on the bright side, it gives me time to figure out the best way to approach things.

But right now, I don't really care. I'm just driving myself insane, leaving things up in the air for another week or two. I can't stand uncertainty on my best days, let alone  at this point in the month. 

Ugh.",24,3,decision,0,Luteal Phase Decision-Making: Advice & Warnings,0.7416,1,0,1,0
1072dedbabf3,PMDD,Has PMDD ever made you make the RIGHT decision?,"
When you’ve had a certain feeling month after month, like quitting your job, justifying leaving your partner, not being sympathetic to a family member—it kinda just makes you confused. 

Is it me or the pmdd? Is waiting a week to feel differently or more patient the WRONG choice? Am I settling in my life because idgaf usually?

Other times of the month  ✨ let it gooo ✨
Luteal phase ✨ oh honey fuck no 🤬✨

Other times of the month ✨ I am blessed ✨
Luteal phase ✨ DO BETTER OR DIE ✨ 

Sigh…don’t make major life choices now…don’t make major life choices now…

Edit: I just wanted to say that you guys saved my day. This entire week has been one huge massive breakdown. Yesterday I posted here in tears and deleted. Reading all of your replies randomly while I was trying to get through my work day did just that. It got me through and I am feeling weirdly grateful for other women sharing their nuggets of life. Thank you. Thank you. Thank you. ",46,53,decision,0,Luteal Phase Decision-Making: Advice & Warnings,0.9753,1,0,0,0
774a48fc9e18,PMDD,"Finally decided to manage my pmdd about a year ago, best decision ever.","Good day everyone, Just got my period (which is way more regular now than before), so I’m in a good mood and wanted to share my positive experience! I’ve been checked through and beyond because of my often irregular periods, and Was always told by doctors that I may react very sensitive to stress wich makes sense since pmdd amplifies any stress by a magnitude so it’s a vicious cycle when it comes to that. 

I made a post 6 months ago where i was sharing my relief after a while of finally deciding to try out one of the clinically recommended treatment options for pmdd which was a hard decision due to my allover mental state of being completely stressed out and fearful of everything worsening. 

It‘s just some plain old sertraline, cheap and easy to get medicine where I live but it just works very well for me. But I also improved my living conditions and reduced some stressors alongside it, which I think is important too.  
When I made the post I was always lower than the recommended dosage because I was scared of side effects and had zero prior experience with it. At first I was fine with only taking the edge off a bit, but now I feel comfortable with taking 50 mg on the worst days. I mean it was a massive improvement already to how it was before, but I was still sufferin- Like all of us here I was just wayyy to used to suffering over time. 

After ovulating when the mood swings and crying usually starts, 25 mg makes it way more bearable but doesn’t make it completely go away. 50 seems to be the sweet spot. When I take it I literally don’t feel like I have pmdd anymore on days where I was losing my mind prior to treating it?? I just live. Overall stress extremely reduced. Relationship strain due to my condition? Gone, we‘re finally having a good time together again which is not constantly overshadowed by this shit condition. Feels good. I don’t want it to rule my life and I feel like I finally have some real relief. Let’s hope it sticks! ",55,27,decision,2,Personal PMDD Narratives & Life Decisions,0.9488,1,0,0,0
e1eb69790884,PMDD,Ever regretted a decision during luteal ,"I'm ""dating"" someone who suffers from PMDD and I was wondering if some of you ever decided something and regretted it afterwards?",19,43,decision,0,Luteal Phase Decision-Making: Advice & Warnings,-0.8074,1,0,0,0
0189a35d1c95,PMDD,"For those of you who are parents, how has it been managing your PMDD? Do you regret your decision to have kids?","I'm (30 F) very much so on the fence around having kids, I have an immensely supportive partner and we both have always wanted to have a family of our own, but there's a lot that's holding me back. My experiences with my PMDD really worry me that I won't be able to be the kind of mother that I'd really want to be, and I don't know how fair it is to bring a child into that world with me. 

Can the parents in this group share their experiences? I'd love to hear both sides if possible. I want to have hope that we can make it work, but am terrified of my PMDD worsening because of the increased stress and lack of alone time and sleep that comes with being a parent.

Thank you!

Edit/Update: I cannot even begin to express how much gratitude I have for all of your posts! Literally brought me to tears multiple times. I feel blessed to have access to this community and all you wonderful souls! I received a lot of really grounded, self compassionate, and real as hell advice and insight. I thank you for all of it, I hope to respond to each and every one of you.Thank you so! Makes a world of a difference to not feel alone in this struggle. Wish you all the best in this wild ride that is being human.",72,88,decision,2,Personal PMDD Narratives & Life Decisions,0.9799,1,0,1,0
449bf186a9c0,PMDD,Best decision I’ve made all day. This week hasn’t been easy ya’ll. Btw the apple cider donut is 10/10,,99,28,decision,2,Personal PMDD Narratives & Life Decisions,0.7964,0,0,0,0
e6d90e1fce2d,PMDD,I can't trust myself to make decisions,"Literally what the title says, during this week I'm pretty much driven by emotions and I can't trust my own judgement to make decisions, which sucks. I always try to not make any important or life altering decision but it's really hard sometimes. The most common thing I do and regret after is go on shopping sprees because it gives me a boost of serotonin that doesn't last very long because then I regret it immediately and start crying. This is soooooo exhausting 😭",19,2,decision,2,Personal PMDD Narratives & Life Decisions,-0.9642,1,0,0,0
8c5ebda36baa,PMDD,What’s the biggest life decision you’ve made when suffering?,"I was about 7 days into arriving at my prestigious university, classes hadn’t even started yet and I quit, got my period on drive home ",26,9,decision,2,Personal PMDD Narratives & Life Decisions,-0.4767,0,0,0,0
0c54145999d5,PMDD,I'm breaking my own rule and making a major life decision during luteal. Helppppp!,"So, as the new year rolled around, I made it one of my resolutions to find a better/less stressful/higher paying job.

Got an interview last week (during luteal) and... I got the job. I will be working for one attorney, not two at a large firm that is very respected where I live. I will be working in a completely different area of law.

I went to one of my bosses yesterday and discussed my resignation and two weeks notice. I explained to him that since November, when I had a miscarriage and my cat died, I really threw myself into work to deal with my grief and burnt myself out. We have also been chronically short staffed and my workload has been 33% more than it should be. I've trained two different people to help, neither worked out. One bombed so hard and sucked so bad it caused me a great deal of stress around the time I miscarried.

I'm currently training the third person... and she used to do this kind of law in the 90's... but she is barely computer literate. I had to teach her what a file explorer was.

It is going to be a t.a.s.k.

So... told other attorney.... and they are going to try to match and beat my job offer to keep me...

Yeah... 

I legit almost cried on his office. I've never had a boss fight to keep me. It made me feel really valued and wanted.

Now I dont know if I want to quit. 

Ughhjjh!!!!

And I'm shit at negotiating. I chronically undersell myself. I dont know my worth.

All. During. Luteal.

But this isn't going to change the existing problems where I am. But then again, is the grass really gonna be greener on the other side???

Yall, plz advise. 😭😭😭




Update: thank yall for your kind advice. It was super helpful with making this decison. I tend to get analysis paralysis...

So, the offer was matched, not beat. After a text convo with hubs (and I let him read your advice), I'm going to take the new position!

Yall are absolutely the best and I appreciate yall so much!

This is why this community kicks ass!",36,15,decision,2,Personal PMDD Narratives & Life Decisions,-0.6883,1,0,0,0
b894b763bb33,PMDD,Sort of regretting my decision to resign from a new job due to PMDD episode.,"Would like advice. A part of me respects the fact I have PMDD. It helps me manage certain things such as avoiding toxic people or high stress situations. It also has taught me when to start taking care of myself. For example in my hell week, I notify supervisors of where I am mentally and request accommodations if needed. I do my best to take accountability for abnormal behaviors such as tardiness, isolating myself, lower work performance etc.. In my personal life, this is when I say NO, as I’m an over giver. I also do my best to avoid people with unpleasant personality traits as l’m able to better manage to them in during my normal days. I have 2 jobs. 1 my primary and the second is for extra income.I’m only going to address the extra income job.  A couple months ago, I began helping a friend who is opening her own company. We were close close friends and supportive towards each other on deep levels. We are both BCBA’s and provide ABA to children with autism. My friend/boss is the owner and I am a supervisor who supervises 1 RBT via Telehealth (The RBT is stationed about 3 hours out).. Long story short, when I started working with my friend, she hired this RBT and paid her 3 times the normal rate just to get the company started which I understand. My friend still regrets it to this day. I was excited to take on the case. I only work Monday’s  for a couple hours as the kid does not have high needs or intense behaviors. This specific RBT on my case started off on a bad foot. My friend noticed she was Stealing hours the first 3 weeks of employment and we’ve both addressed her rude behavior towards the client,  lack of professionalism and respect for feedback and continues to request multiple schedule changes that are outside of my supervision availability. Very sneaky and passive aggressive behavior. This RBT is supposed to work 10 hours a week but now is up to 20 hours which also increases my supervision time requirements. I’ve been telling my friend/boss about this and she is very aware. It got to the point where my friend basically doesn’t want to hear my concerns nor complaints anymore (she is a sweep it under the rug and avoid confrontation type). My friend told me a couple weeks ago “This is your case, and you have to be strong enough to provide feedback”. I swallowed my words as I wanted to tell my friend this RBT has done enough to be terminated by the owner. As this RBT’s behavior hasn’t changed, I tried to suppress it all and just manage it to stop bugging my friend and to take accountability for my case load. 2 days ago, I informed my friend/boss of my current state (she’s aware of my PMDD + Endometriosis). I told her Im feeling like I’m starting to go check out and might go silent. She told me to take the time I need as she has seen my episodes before. The next day, that crazy RBT struck again, requested off for next Monday and told me to schedule specific make up hours that would allow her to “sleep in longer”. I’ve told her she needs to wait for my ability to reschedule make up hours that align with my supervision availability as supervision is required for a certain amount of service hours with clients. She started requesting more  odd schedule changes as she “forgot she has other plans this week”. This girl is just in it for the money obviously. She also stayed late one day and told me afterwards to give her the extra hour. I adjusted the schedule and I kindly told the RBT to try to remain in the scheduled time. She didn’t like that and had some push back. I had to reach out to my friend about this as I was genuinely confused on how to address this level of insubordination as I do not have grounds to terminate. My friend got frustrated and said she doesn’t have time for this and starts ranting about the RBT… I genuinely needed help and tried to keep my cool. In the end after much more drama, my friend honored the requests the girl made and I feel it made me look like a complete fool. I was trying to give the RBT feedback to adhere to and my friend is so fed up with her she just says yes to everything. I put in my resignation request the minute I saw my friend approve those requests. I hate that I did this at this time but also know that what ever situations worsen my symptoms, it’s not a healthy situation in general. Now I feel I lost a friend and side hustle. Battling between if this was my PMDD or this is just a part of life where my friend is going to have to learn management skills in general when it comes to addressing certain staffing concerns as an owner. I know personally she lets people run all over her and I just wanted to help her set boundaries in her professional life while trying to maintain the integrity of the company. Just sucks because I want to blame my PMDD but I know that invalidates what I was trying to suppress all along. I wished my friend supported me more or At least showed compassion for me having to deal with someone like that. I also wish she would take accountability for knowing this RBT is not a good fit yet she has not delivered any real consequences. Sucks ",10,3,decision,2,Personal PMDD Narratives & Life Decisions,0.9966,1,0,1,0
fce6bef4b4f2,PMDD,Do you let your emotions cloud your life decisions?,"Recently, I was picked for a job interview for a job that have been really excited for.   I’ve been so excited I  have started to see synchronicities and signs that I would be picked for this job even though I haven’t even had the interview yet.  
Tonight I had a question for my mom because she works in HR and has worked in the field for almost 10 years.     I told her that that there was a possibility of a start date as soon as next week. My mom told me that is a red flag for any company for the expectation of trying to hire someone.  Per my current job policy, I would need to give a 2 week notice so it gives my department a heads up about me leaving and the possibility of rehire in the future.  I wouldn’t dare leave a company in 2.5 - 3 day notice but I really didn’t think about the policy until my mom reminded me.  Least to say, she brought me to down to earth and my mind became level headed again.     All this to say, I have gotten way too excited for a job that might not even pick me. 
Does anyone else struggle with such heightened emotions even in the follicular phase? And (of course) in the luteal phase?  ",8,2,decision,2,Personal PMDD Narratives & Life Decisions,0.5415,1,0,1,0
f06d9cff1d9c,PMDD,Do you think that you made a wrong decision to get into a relationship while suffering PMDD?,,52,51,decision,2,Personal PMDD Narratives & Life Decisions,-0.7351,0,0,0,0
1d26292b6c8b,PMDD,PMDD Cycle Phase Cards,"With the advice of my therapist, I put together these PMDD Cycle Phase Cards that I wanted to share with y'all! TLDR; my partner has ADHD and I have PMDD and sometimes this leads to conflict in our relationship. Letting my partner know what phase I am in helps him know how to approach me and with his ADHD, we are trying to see if a visual reminder of what phase I am on will help. I asked him if he thought app push notifications, a physical object in the house, or me just telling him would work and he requested a physical kind of flip chart. I had him review the content of the phase card before finalizing.

I made these on Canva so I'm sharing that below in case you want to try this and customize the text and colors.

* [Menstrual](https://www.canva.com/design/DAG7VzbyACs/CWNUTbRq0BstqMPsOEKxag/edit?utm_content=DAG7VzbyACs&amp;utm_campaign=designshare&amp;utm_medium=link2&amp;utm_source=sharebutton)
* [Luteal](https://www.canva.com/design/DAG7VxBYE3g/XRxmQgOslaZw3aOdoz998g/edit?utm_content=DAG7VxBYE3g&amp;utm_campaign=designshare&amp;utm_medium=link2&amp;utm_source=sharebutton)
* [Ovulation](https://www.canva.com/design/DAG7V8I4jWc/QGfjmFxVwBMab9H1Gzu1OQ/edit?utm_content=DAG7V8I4jWc&amp;utm_campaign=designshare&amp;utm_medium=link2&amp;utm_source=sharebutton)
* [Follicular ](https://www.canva.com/design/DAG7V_mOktM/-nPrTHlgWSfRFIiWjlYlHQ/edit?utm_content=DAG7V_mOktM&amp;utm_campaign=designshare&amp;utm_medium=link2&amp;utm_source=sharebutton)

**EDIT:** Please note that you can customize these on Canva with a free account! You can also change the color (we actually just changed Luteal to red and Menstrual to orange since the purple didn't signify to him that I was on the worst phase!)",842,55,decision,0,Luteal Phase Decision-Making: Advice & Warnings,0.8982,1,1,0,1
b9a75f4606f1,PMDD,Slynd Decision,"I got diagnosed with PMDD back in september, I have been on oestrogen gel and progestrone pesseries since then with good success, The pesseries have beenb slightly problematic giving me thrush, so I have been using them rectually but I have to time it right around running or else I feel like I am gonna sh1t myself on my runs. I am now on long term thrush treatment so have been using them vaginally as it defo makes me feel so much better than anally, it has a better calming affect I feel anyway.

I like having a period, I have been regular for years, I am sterialised so cant get pregnant. I am not usually bothered about when my period comes but my cycle has shortened and typically I am now due on around a couple of trips I have to berlin ( I indulge in the sex positive scene) Which I am finding very frustrating. 

My Private Hormone DR has suggested Slynd to me a few times but she knows I like having a period. I am now considering it as an option to suit my lifestyle better. I know everyones side affects are different I am just terrified of losing my libido, gaining weight or spotting all the time, on reviews I have read it says you don't ovulate? I like how my cycle makes me feel, you know the feralness during the fertile/ ovulation stage. 

I feel its so shitty for us with PMDD its like choosing the lesser evil. 

I realise I have sort of made my own decision, I want to try slynd because it would be magical to not have to worry about thrush or forgetting the pessaries, It feels so silly to be this concerned about losing your libido  but its one of the small joys I have in life! So as much as I want to try it the side effects are scary. 

I have read loads of stuff on here about it and defo overwhelmed so needed to type this all out. Any comments advice etc welcome.

Thanks for reading x",1,1,decision,2,Personal PMDD Narratives & Life Decisions,0.972,1,1,0,0
4d8dca07fadd,PMDD,How do you make decisions and not blow up your life during luteal? ,"I can't trust my brain these days. How are you guys making decisions during luteal? I can't shut my life down for 14 days unfortunately, but I wish I could because I have no idea what is reality anymore and what's pmdd trying to ruin my life. No support system so I don't have any trusted people I can turn to to help me figure out what's real and what's pmdd during this time either.",18,8,decision,0,Luteal Phase Decision-Making: Advice & Warnings,-0.8758,1,0,1,0
5921a9a03c76,PMDD,Bad decisions,I always get angry in this phase and start to make bad decisions in life or fight with every single person when I’m feeling terrible like I am now … ,10,7,decision,2,Personal PMDD Narratives & Life Decisions,-0.9186,0,0,0,0
7e4c03b72a3f,PMDD,"You refrain from making negatively-fueled decisions while in your luteal phase, but do you refrain from making positively fueled decisions during ovulation?","When it comes to relationships, I’ve seen the advice to wait to make any major decisions until after you get your period. Understandable. 

I’m 3-5 days away from ovulating , and I feel like I suddenly have feelings for one of my best guy friends, after knowing him for 2 years. I wonder, are my feelings heightened because of ovulation? Do I say something now, while I’m feeling good, and take the chance? Or do I wait, and eventually feel bad post ovulation, and maybe never say anything? Or be way more hurt if I get rejected during my luteal phase?

It’s weird because it’s not as if I’m suddenly more attracted to him physically/sexually. In a way, I am, but the reasons I truly like him is because of who he is as a person. It makes me wonder how much ovulation is truly affecting this!! Am I delusional?? ",7,10,decision,0,Luteal Phase Decision-Making: Advice & Warnings,0.9803,1,0,0,0
8810ba00d129,PMDD,"Forced to make major life decision during luteal, help!","I have to make a super huge decision about my medical care and future asap, I’ve put it off for as long as I can and I’m 3 days from my period so I’m peak luteal and losing my mind. The decision is 15 years of work in the making and will forever change the direction of my life, I have no support to make it, I’ve exhausted all 3rd party advice situations. How do you deal with these situations? Has anyone dealt with this, how did you make your life choice?",3,3,decision,2,Personal PMDD Narratives & Life Decisions,0.7264,1,0,1,0
53c23f97e00a,PMDD,Life Decisions in Luteal,"I am sure we’re all familiar with the hopelessness and anxiety that can come with luteal, but does anyone think they sometimes make better long term decisions in luteal? 
        
         

I ask because I have been weighing a big life choice between two options. In most other phases I am like 😌💖🌸everything will be ok, just lean in🌸💖😌, but in luteal I am like WOW this is not working, it’s too hard, rip it all apart and start anew.     
        
In my luteal phase I have been way more willing to make the most aggressive, disruptive choice, which arguably is the most pragmatic in my situation.         
       
Anyone relate? Or should I worry about my luteal bridge burning?       
       
🥺also open to discussing details if anyone wants to hellllllp meeeeeeee🥺",5,0,decision,0,Luteal Phase Decision-Making: Advice & Warnings,0.9821,1,0,1,0
528460b191a0,PMDD,Help! I dumped my partner over a comment about a tattoo and I'm questioning my decision!,"Hi, I could use a bit of support. I just broke up with my partner kind of impulsively and then looked at my calendar and saw that I had just entered luteal (yayyyy..). I see posts like this sometimes and I always think ""obviously that guy sucks!"" But right now I just feel awful.

My partner has made comments to me in the past that have been rude but he's always apologized. I'm just tired of having to coach him on how to respect me. The comment that finally pushed me to do it was him making fun of a tattoo that I just got. He implied that it made me less desirable and it was in bad taste in kind of joking/teasing way? I really like this tattoo and I think it's well done and something that represents my queerness (I am bi). I hid it from him for over a week because I was afraid of what he would say and of course he proved me right.

He apologized when I told him it upset me but now I know how he really feels about this tattoo and it made me want to hide my body from him. He got kind of mad when I said I wanted to break up and he felt like it came out of the blue. He's upset because we've been together for a while (a year) and were starting to think about the future. He thinks I'm being over dramatic and sensitive about this. I AM sensitive and I feel like I should be with someone who considers this. I would say most of the time he's really sweet but then every once in a while he does something like this. He has listened and changed in the past when Ive asked him to do things but it feels like I shouldn't have to ask him to not be mean to me.

Did I do the right thing? Should I try to apologize? At the very least I want to have a conversation with him for more closure because the break up itself was very sudden and quick and the relationship was long enough to warrant more of discussion. I can't stop crying and I could use some outside perspective. Thank you if you read this far x.",34,25,decision,2,Personal PMDD Narratives & Life Decisions,0.9681,1,0,0,1
91782cb74fcf,PMDD,Nurses decision on my birth control makes no sense?,"The nurse put me on progesterone only pill because I take estrogen patches before my period (believe I have PMDD) as the decrease in estrogen makes me incredibly depressed.

The thing is, without having my period (no 7 day break) I can't take the estrogen patches so I don't understand the doctors reasonings? Also, if I'm sensitive to my estrogen dropping the week before my period, then being put on a progesterone only pill will surely make my PMDD symptoms worse (as displayed within these 2 weeks). 

The 2 weeks I've been taking this pill has been horrendous, I've had non stop bleeding within these weeks and my cramps are so severe I'm curled up and sobbing from the pain (never been like this before). I usually get back pain during my period but it's been so so horrible my bf has had to catch me when walking because I'm in so much pain I'm looking my footing, eyesight is blurry and I'm in tears.

My emotions have been worse than the week before my period usually. I've been sobbing everyday, angry everyday, it's worsened my relationship due to my haywire emotions.",1,3,decision,2,Personal PMDD Narratives & Life Decisions,-0.993,1,1,1,0
8961622f5d39,PMDD,"How are you all managing your PMDD symptoms? I can’t keep feeling this way and the anxiety and symptoms are unreal. My Doctor wants me to go up on my SSRI although I admit I get afraid of side effects too . Legs are tingling today and severe anxiety, palpitations, brain fog etc. It sucks !",Easing Symptoms ,53,99,brain fog,1,"Cognitive Symptoms: Brain Fog, Fatigue & Dissociation",-0.5411,1,1,0,0
a7424c054bf4,PMDD,Brain fog/dream-like state. ,"I don’t know how to explain this but I’m hoping people will get what I’m talking about🫠 
In Luteal phase the brain fog gets SO BAD. Coworkers, friends, family all asking me simple questions and I can’t answer any of them without a ridiculous amount of confusion and pauses, forgetting things that have just happened, misplacing items I just had in my hand, no information goes in at all! I’m almost ‘dead behind the eyes’ as someone told me last time it happened. Forgetful x1000. Horrifically tired out of nowhere which I think adds to the delirium feel of things. It also kind of feels like light headed mixed with what i imagine some drugs to feel like??
It’s almost like I’m dreaming. Like there’s a layer between myself and everyone else, somehow. Does anyone else get this? It’s been going on for years now but it bothers me every month. ",88,64,brain fog,1,"Cognitive Symptoms: Brain Fog, Fatigue & Dissociation",0.4051,1,0,1,0
5904c03d6f02,PMDD,Brain fog and memory issues,I'm having issues with my memory and brain fog and it's affecting my job: Does anyone have any suggestions ? Looking for supplements but all brain training games and apps that might help. Thanks in advance. ,5,3,brain fog,1,"Cognitive Symptoms: Brain Fog, Fatigue & Dissociation",0.8126,1,0,1,0
a33d6fb2fcea,PMDD,"During PMDD, I experience extreme fatigue and brain fog, along with panic attacks. SSRIs help with the anxiety, but the fatigue and cognitive fog still persist. For those who deal with this, what has noticeably helped you during this phase?",,21,7,brain fog,1,"Cognitive Symptoms: Brain Fog, Fatigue & Dissociation",-0.6953,1,0,0,0
0a2e5ee8b312,PMDD,"3 days away: brain fog, dissociation, extreme fatigue","I seriously do not feel like a real person right now, and I cannot fathom the thought of going through a  full day of work and school. Anyone else?? ",39,11,brain fog,1,"Cognitive Symptoms: Brain Fog, Fatigue & Dissociation",-0.6934,1,0,0,0
3cad104c08a2,PMDD,Brain fog,"Guys, I’m realizing more and more that the luteal brain fog feels like being high with how hard it is to concentrate. I shouldn’t have to work under the influence!! 😆 holy man I am just useless at work today. Has anybody found anything that helps? ",28,6,brain fog,1,"Cognitive Symptoms: Brain Fog, Fatigue & Dissociation",0.6103,1,0,0,0
c4dfdc7cba40,PMDD,I’m freaking out… I have… no bloating… and no rage or brain fog? WHAT?,"I made a post earlier about trying out cutting out dairy and gluten and sugar and alcohol and red meat and non-resistant starches. 

Well, I’ve done it, and I’m equal parts amazed, thrilled, and disappointed. 

Disappointed because it looks like I will be eating like this for a while to come. 

I’d like to say it’s joyless and restrictive, which it can be, but the relief I feel at having no bloat, no rage, no brain fog… it seems too good to be true. This luteal phase is almost stupidly easier than it has been for YEARS because of this change I’ve made. 

And in terms of cutting out alcohol, I still had three drinks over the last three weeks. And one slice of pizza a couple days ago. So I haven’t been perfect. And it’s still amazing. 

And the bloat and water retention and painful, heavy breasts? WHO ARE THEY? I feel so light. Also my skin is so smooth and all my eczema has disappeared. 

I know I sound like a weird advertisement for this kind of diet. But I’m truly in awe at how this has worked, at least for me. 

I still have lots of luteal hunger, but no “cravings”, if that makes sense. 

I’m SO HAPPY!!!!! Day 24. ",81,37,brain fog,1,"Cognitive Symptoms: Brain Fog, Fatigue & Dissociation",0.9887,1,1,0,0
2d4179255561,PMDD,Brain fog before period - does this happen to anyone else?,,15,13,brain fog,1,"Cognitive Symptoms: Brain Fog, Fatigue & Dissociation",0.0,1,0,0,0
a3fc0ab9c329,PMDD,Brain fog adhd all month except on 🩸,"Is this a tell tale sign of pmdd?

It makes me feel how unfair it feels when I get the clarity during period sigh",3,1,brain fog,1,"Cognitive Symptoms: Brain Fog, Fatigue & Dissociation",-0.0772,1,0,0,0
28e8ea0dfa27,PMDD,The worst symptom: Brain Fog,"I honestly think the worst symptom is the brain fog and inability to speak or clothing clearly for 1-2 weeks every month.

PMDD holds my brain hostage and makes me feel like something is cognitively wrong with me. 

It’s always so difficult to communicate my thoughts and remember small things when any other time it would be easy for me. There’s this cloud that just prevents me from thinking and it sucks.

It’s the worst symptom for me because I at least can try to hide my emotional symptoms like anxiety/depression/ rage but I can’t fake being able to think clearly.",188,49,brain fog,1,"Cognitive Symptoms: Brain Fog, Fatigue & Dissociation",-0.8369,1,0,0,0
433bcac10716,PMDD,"day 1 luteal - bone deep fatigue, brain fog, headaches and 0 motivation",struggling to get a workout in and get to work in time..anyone else? I feel useless. doc is considering a stimulant for my ADHD because the executive dysfunction gets somehow even worse during luteal. ,12,3,brain fog,1,"Cognitive Symptoms: Brain Fog, Fatigue & Dissociation",-0.8779,1,0,0,0
e5fc1983b72a,PMDD,Brain fog?,"I don’t think I’d ever noticed until today… but do I actually get dumb during my luteal phase? Two days into my period and it’s like my brain is working better, I feel smarter, problem solving is easier… Is this part of it?",39,18,brain fog,1,"Cognitive Symptoms: Brain Fog, Fatigue & Dissociation",0.7744,1,0,0,0
5408d5d58806,PMDD,Brain Fog,Does anyone else get SEVERE brain fog before their period? It’s making me crazy please someone commiserate with me. 😣,22,16,brain fog,1,"Cognitive Symptoms: Brain Fog, Fatigue & Dissociation",-0.4019,1,0,1,0
bff925e4bcc7,PMDD,Period brain fog,"I'm due to start my period today and have noticed I have such bad brain fog. My spelling has gone out the window and I have to re read all my emails carefully as I'm missing words out and forgetting to add attachments. 

I haven't slept well the last couple of days, waking very early and not having that deep sleep I normally find helps me feel refreshed in the morning. 

Anyone else experience this? ",9,6,brain fog,1,"Cognitive Symptoms: Brain Fog, Fatigue & Dissociation",-0.3213,1,0,0,0
9ea378a99b10,PMDD,How long does it take for your brain fog to go away that starts prior to your period?,When does it start and was does it go away? Just curious on others experiences. Thank you ,1,5,brain fog,1,"Cognitive Symptoms: Brain Fog, Fatigue & Dissociation",0.6322,1,0,0,0
d0c0c6f351a2,PMDD,HOW TO COPE WITH LUTEAL BRAIN FOG,Large quantities of caffeine help.,3,6,brain fog,1,"Cognitive Symptoms: Brain Fog, Fatigue & Dissociation",0.4019,1,0,0,0
64126b557f0e,PMDD,Follicular anxiety/brain fog?,"Dude. I’ve never met anyone else IRL that understands this—but typically during my follicular phase, days 6-12 or even up to my day of ovulation, I SWEAR my symptoms are even worse than luteal.

My health anxiety/OCD are absolutely debilitating. I’m fatigued, body-heavy, panic attacks, tense neck and shoulders, and brain fog so bad I can barely keep my eyes focused. It freaks me out every single time and I start spiraling like the hypochondriac I am (never mind the physical after-effects of anxiety attacks—just ruins me)

Anyone else relate??",11,11,brain fog,1,"Cognitive Symptoms: Brain Fog, Fatigue & Dissociation",-0.9612,1,0,0,0
094bfedab3d7,PMDD,Is it brain fog? I would describe it as almost a ‘mind-ache’.,"Curious if anyone else experiences this. It's like a sensation that my brain is almost achey-- not a headache, and not a painful sensation--more like a persistent discomfort, like when a muscle needs to be stretched or massaged. Definitely associate it with slower thinking but calling it brain fog doesn't seem accurate since it encompasses more than slow thinking. Uncomfortable and irritating, and not even sure what to call it!",16,15,brain fog,1,"Cognitive Symptoms: Brain Fog, Fatigue & Dissociation",-0.6921,1,0,0,0
0e13c6ccbe03,PMDD,"Struggling with mood swings, brain fog and depression. Dont kno where to turn to.",Feel like im getting churned out. Dealing with narcissistic abuse discard as well. Not sure where to turn other than slowly dying inside.,5,0,brain fog,1,"Cognitive Symptoms: Brain Fog, Fatigue & Dissociation",-0.8768,1,0,0,0
244b2e5114eb,PMDD,Anyone found help for exhausting levels of brain fog?,"I'm currently dealing with brain fog and exhaustion in one hit and it's making me less sociable at my job. I'm just mentally dead right now. I really, really can't call out of this job, plus my bad symptoms can last 1-1.5 weeks.

Eating more carbs/etc can only help so much, it must be more than my blood sugar, but idk what to do. I'm definitely monitoring my vitamin/etc intake and such, too.

I was just starting to chat more and be liked more by my coworkers, so that's stressing me out extra to now be so low energy I seem like I'm almost avoiding convos again. :( I'm trying hard to be active. It's making me feel terrible about myself, I was finally having conversations and now I feel left out again.",23,10,brain fog,1,"Cognitive Symptoms: Brain Fog, Fatigue & Dissociation",-0.6729,1,1,0,0
53be6ef5b950,PMDD,Brain Fog,"Hi guys, I am so fed up today - 10+ days a cycle of all the usual PMDD side effects that vary in intensity despite the aids I use and am nearly in tears right now in work because I find the brain fog hinders me so much and makes me feel less on top of my game that reflects poorly on me. I wish there was a way to have sick days or something that reflected my cycle so that I didn’t feel like I was hurting my career opportunities or deliverables on those days - I could be overthinking it too but this is just one of those days where I feel the full brunt of how unfair this condition is - has anyone else felt like this? ",3,2,brain fog,1,"Cognitive Symptoms: Brain Fog, Fatigue & Dissociation",-0.1752,1,0,1,0
7077cbe5012e,PMDD,Does anyone else have intense brain fog the days before your period starts?,"It feels almost impossible to get anything done. All I can manage to do is scroll mindlessly on my phone or stare at the wall. Besides huge waves of depression and hopelessness, this is one of my biggest symptoms.",241,38,brain fog,1,"Cognitive Symptoms: Brain Fog, Fatigue & Dissociation",-0.7351,1,0,1,0
007df9fb1a96,PMDD,Happy PMDD Awareness Month… I guess…,,956,47,brain fog,2,Personal PMDD Narratives & Life Decisions,0.5719,0,0,0,0
575fb844b53c,PMDD,Brain fog daaaa,I need my brain at work! I can't think! What do i do!? ,7,3,brain fog,1,"Cognitive Symptoms: Brain Fog, Fatigue & Dissociation",0.0,1,0,1,0
4be8a4727235,PMDD,When you mess up plans because brain fog made you forget you had any,,162,3,brain fog,1,"Cognitive Symptoms: Brain Fog, Fatigue & Dissociation",-0.5267,1,0,0,0
ae1a009a1e1c,PMDD,What is your gross PMDD meal??,"I always get wild cravings before my period. I feel like my gross meals actually help calm me down.

My favorite is a tuna sandwich (on a bagel or roll) with Swiss cheese, mustard, lettuce, tomato, pickles and/or banana peppers.

So what’s yours?",54,147,meal,2,Personal PMDD Narratives & Life Decisions,0.5913,0,0,0,0
da0332fecc82,PMDD,What meals do you crave/splurge on during your cycle?,I just spent $50 ordering my normal menstrual cravings from Maggianos via Uber Eats. I ordered the mushroom/chicken rigatoni with creamy sauce and the infamous butter cake which conveniently comes with whip cream and glazed strawberries to satisfy my sweet tooth. I literally crave this every time or fried chicken and mac &amp; cheese…oh! and pickles! It’s insane that I spent so much today and I’m on a budget but it’s worth it for a temporary satisfaction in the middle of feeling like an absolute monster/cry baby. I’m so tired of feeling like this. Sometimes I wish I had a partner to go grab me my meals and snacks because I don’t have the energy to do it myself. Sometimes I remember to get the necessary groceries if I pay attention to my calendar that it’s coming up but hell it’s so much to manage in life I can’t get it right every time! What do u ladies crave during this time? ,69,132,meal,2,Personal PMDD Narratives & Life Decisions,0.877,1,0,1,1
aca5dc1fe55c,PMDD,What's your go to luteal phase meal?,"Whether it's fast food or fancy stuff, share here pleaseeee 🥹 

I just finished my ovulation phase and I can tell that my crazy cravings are coming, help a girl to get inspired 

One of many for me, it's a greasyyyy cheese burger, french fries and a coke - basic I know, but it's so good 😖

EDIT: oh my goodness I’m in awe with your replies 🥹🥹🥹 so nice to be a part of such an interactive and supportive space. Sending love to you all and may the luteal phase be easy 🤍",32,86,meal,0,Luteal Phase Decision-Making: Advice & Warnings,0.9853,1,0,0,0
3b707fae8597,PMDD,Go-to meals/snacks?,"Sometimes my luteal apathy overrules my luteal appetite and I have a really hard time getting myself to eat.

Like, I know I’m hungry and I need calories and eating will make me feel less anxious, but I get overwhelmed by the decision of what to eat. Most takeout sounds too greasy and guilt-inducing, everything at home sounds boring and depressing … it feels like no matter what I choose there is going to be some weird negative emotional association. 

There was a drive-through place where I used to get a Greek rice bowl with chicken when I couldn’t stomach anything else, but I’ve moved to a new city and sadly can’t get my usual go-to comfort food.

What do you rely on for sustenance when decisions feel hard and everything feels shitty?",12,17,meal,2,Personal PMDD Narratives & Life Decisions,-0.9514,1,0,1,0
5a67333d7442,PMDD,What's your go to iron craving meal?,I'm finding I'm not the only one who can smash a 3lb steak in a sitter during a craving. My go to is a steak with blue cheese crumble and beets on a bed of fresh spinach. What do you guys go for? I'm willing to adventure out and try something different.,22,26,meal,2,Personal PMDD Narratives & Life Decisions,0.6072,0,0,0,0
6a9eb309f55d,PMDD,Luteal snack and meal inspo?,"I suddenly get so hungry (ravenous even?) in my luteal! What are your go to snacks and meals? 

Bonus points if you have some healthy hunger crushing ideas! 

This luteals craving is cheese, crackers and homemade jam 😋",106,54,meal,0,Luteal Phase Decision-Making: Advice & Warnings,0.5892,1,0,0,0
68402f3efbc2,PMDD,What are some of your favorite low energy and high protein meals?,"The easier, the better!

I would love to have some more options from other folks that struggle to put energy into eating well even if eating well will help you feel better! 😅

My main goal is to have a high protein breakfast or brunch to set me up for a positive day. So, my evening meals are not usually as high quality because I have used up all my trying in the morning LOL.

Thank you!!!",92,42,meal,2,Personal PMDD Narratives & Life Decisions,0.9862,0,0,0,0
b8e11dcbe273,PMDD,what's your favorite pmdd pick-me-up meal?,"round pmdd fortnight, i get some strong cravings for chicken soup. something clear, meaty, and with lots of sweet vegetables (corn, daikon, carrot etc) usually hits the spot. really curious to know about what you all really like during The Dreaded Time of Month haha.",25,98,meal,2,Personal PMDD Narratives & Life Decisions,0.9391,0,0,0,0
6e3d3062bcfb,PMDD,8 course meal,"It’s day one of the luts and oh my F*CK. I have had a massive kale Caesar salad, entire box of pasta, entire cucumber and case of hummus, granola, green grapes. And now I am (im)patiently waiting for food to be delivered :D 

Just learning to accept this part. Such a hard balance but getting better at it with the solidarity of this community. Grateful for yall. ",17,7,meal,2,Personal PMDD Narratives & Life Decisions,0.9246,0,0,0,0
7857bafa2dc0,PMDD,Ughhh the relief of day 1 of ur period and being able to put your fork down and be content after a meal. Not in a negative body image way. my bank account can breatheeee. My mind can breatheee. I can hold other things in mind. Peaceeeee🧘🏾‍♀️🧘🏾‍♀️🧘🏾‍♀️🧘🏾‍♀️🧘🏾‍♀️🍵🍵🍵,"Feels so foreign. Pms always feels like forever then it’s not. 

All I was thinking after I finish a meal was what’s next. Had to go grocery store almost daily. The random ass cravings. Nothing ever feeling enough. I accept it’s part of my experience. But fuckkk I’m glad that feral ravenous stage is over. I feel like me again 🧘🏾‍♀️🧘🏾‍♀️🧘🏾‍♀️🧘🏾‍♀️🧘🏾‍♀️🧘🏾‍♀️",17,5,meal,2,Personal PMDD Narratives & Life Decisions,0.8863,0,0,0,0
9446e2a3d499,PMDD,Even croutons make a good meal when the PMDD hits.,,529,15,meal,2,Personal PMDD Narratives & Life Decisions,0.4404,0,0,0,0
f4633565b51a,PMDD,What meals help you through luteal?,"I lose all will to make myself food usually during luteal and I think my lack of nutrition makes me feel worse. Does anyone have meals that are EASY that give you the energy you need to make it through? I’m talking low maintenance meals, not a ton of ingredients, doesn’t even have to be an entire meal. ",1,5,meal,0,Luteal Phase Decision-Making: Advice & Warnings,-0.4329,1,0,1,0
37c93fd0c352,PMDD,Cycle Syncing and Meal Planning App - Beta testers needed,"I have an app that I would love for some fellow PMDD sisters to try.   
  
I have PMDD and endo, and i'm a holistic practitioner and menstrual educator. I hate all the cycle syncing apps. They suck, don't give you info, cost an arm and leg, sell your data, are made my men or string you along by giving you 1 helpful ingredient per phase.  
  
If you are interested in cycle syncing with food, lifestyle and movement.. or just having an app to do phase appropriate meal planning for you (with recipes and grocery lists) - i'd love you to test this and let me know your honest thoughts. It is highly personal taking into account your own menstrual disorders / symptoms and will change suggestions accordingly. 

You have to enter your email to get the app link sent to you when it test launches in a few weeks. There's a fb discussion group for feedback - if you don't like that and want to remain anon you can skip that and do email exchanges with ONLY me on your feedback. Or we might create a discord with enough request for it.

More info and sign up in the link

[https://forms.gle/PQ9QB6saAMB7FgrB9](https://forms.gle/PQ9QB6saAMB7FgrB9)",6,1,meal,2,Personal PMDD Narratives & Life Decisions,0.8907,1,1,0,1
4d795f0d8fcd,PMDD,Meal Prep When You Have Energy,"My husband and I are trying to save money. One way we’ve cut costs is by having 1 Meal Prep in Containers and burritos to alternate between lunches and dinners. We have 4-6 weekly plans and rotate through them to avoid monotony. 

I’m trying out a system where I essentially prep all the food in the instant pot or slow cooker on Saturday night and assemble everything on Sunday night that way I’m not spending a whole day in the kitchen. 

This week’s meal prep: (slow cooker) Marry Me chicken and instant pot Cilantro lime chicken burritos with beans rice and cheese. 

Hubby and I accidentally made double the number of burritos we needed for the week, so those will go into the freezer. 

We literally just started cleaning up and I got my period. I also have Osteoarthritis and Fibromyalgia so I’m in a mountain of pain. But at least my family has food for the week, leaving me free to lose my mind as I please! /j",8,0,meal,2,Personal PMDD Narratives & Life Decisions,0.4482,1,0,0,0
b29c594771b5,PMDD,Ate 17 meals a day before period,"Now I can't handle sliced cheese on a tortilla because it's so flavor heavy. For a few days I'll struggle to eat anything, milk gets me through a lot lately. What are your eating habits like? I know this is a silly complaint but I just miss eating food in a healthy way",14,7,meal,2,Personal PMDD Narratives & Life Decisions,0.4215,0,0,0,0
d01fbc3cc2a4,PMDD,No cafecito (coffee) in 5 weeks,"Over a month ago, I kept seeing you beautiful women sharing about how caffeine negatively impacts our pmdd symptoms and how yall felt a shift in your symptoms after giving up caffeine.

I tried giving up coffee 3 years ago before I knew I had pmdd and I only lasted 3 days with having the most horrible withdrawals. Because of this experience, I thought I never could.

What made me finally try again was after I spent an hour on my bedroom floor crying my eyes out in a fetal position before work which happened after drinking coffee.

It’s been 5 weeks since giving up coffee and I have not experienced any mood swings or instability like I was before drinking coffee. I’m not cured at all, but I at least feel better. I described to my therapist the difference in my symptoms:

“On a scale 1-10 where 10 i am spiraling out of control, I am crying uncontrollably and in rage to 1 I am fine, I have been at a baseline of 3.5 and worst at a 5 whereas before when I was drinking coffee, my baseline was always at an 8 and worst was a 10”

What’s helped me more is adjusting to a Mediterranean lifetime because a lot of the foods in this lifestyle has the nutrients we need to help with our symptoms such as magnesium, iron, calcium, Vitamin B6 and Vitamin D!

Just wanted to share this win to help others in giving up caffeine because I swear guys it is a game changer! I appreciate those who shared the advice about caffeine.

Rooting for all of us out there to find some sort of normalcy with this mental disorder that strips us of ourselves. 

PS, provided a few pictures of what I’ve been eating lately. I’m really good at eating the same stuff over and over for awhile but will be trying out different meals to make and will share here!",592,110,meal,2,Personal PMDD Narratives & Life Decisions,0.9597,1,1,1,0
4c20834cbfde,PMDD,Meal plans for all my menstrual ladies,"&amp;#x200B;

https://preview.redd.it/pkub0mgdukkb1.png?width=1126&amp;format=png&amp;auto=webp&amp;s=ade2f1c00472ec3f036883f14121fec82ca4843b

[Hello all,](https://preview.redd.it/ykfox3agukkb1.png?width=1106&amp;format=png&amp;auto=webp&amp;s=3d4aaaade3529af93038383b560cd5cff6352ca3)

During my cycle, I am mindful about the types of food I am eating to avoid unnecessary mood swings and to keep my energy levels from dipping and peaking too much. 

This is a meal plan I use, I have also included foods that are rich in vitamins and minerals to harness our bodies and giving me the best chance of balance throughout my cycle.

&amp;#x200B;

Hope you enjoy, look after yourselves &lt;3 ",24,23,meal,2,Personal PMDD Narratives & Life Decisions,0.9556,1,0,0,0
b87a1fe14c03,PMDD,"Eating beet, microgreen, pistachio, goat cheese salad with balsamic glaze like it may fix me.","And maybe it will! Canceled on my plans. Pulled front of apartment blinds, enjoying the silence. Perid due today. 



Beets are pre made from tj's which is why they're so drab. But this is a 2-5 minute meal (depending on if pistachios are shelled or not lol) I can highly recommend. It feels religious. 

  
If I walk 20 minutes later- cool. ",494,48,meal,2,Personal PMDD Narratives & Life Decisions,0.7835,0,1,0,0
f839977d6df5,PMDD,When it looks like I just ate 5 Big Mac meals…,"Every single PMS symptom there is, I HAVE. And it’s TOO extreme… I know yall feel me and that’s why I’m here. Right now I’m in a terrible loop. I gained 5lbs today just from BLOATING. GOD! All I had today was a small chicken and rice meal + protein shake + lots of water. Do I wanna eat more? YES. But the bloating is unbearable!!! I hate how it looks like I couldn’t stop going to McDonald’s today. Fucking hormones. And the fact I’m stuck like this for another week! 

My boobs are already a 36H and I’m spilling so much right now too. My stress isn’t helping w bloating and idk how tf to stay calm and positive during an uncomfortable and UGLY time. Bloat = high stress = high cortisol = PMS/cortisol face = makes me more stressed = more puff. It’s crazy literally the OTHER DAY I still had a jawline and you could see the shape of my collarbones… now it’s all gone. 

Tips? 😞 how to help mental health/debloat? ",21,5,meal,2,Personal PMDD Narratives & Life Decisions,-0.9565,1,0,0,0
7e9e1ef18c60,PMDD,i’m really hungry all the damn mother fucking time. I could eat 10 meals a day and still want more. why am i so hungry all the time,,26,8,meal,2,Personal PMDD Narratives & Life Decisions,-0.34,0,0,0,0
9044703a76ac,PMDD,Meal planning,"I need help meal planning for luteal. It's now lasting a full 2 weeks and symptoms range from mild to severe. About every 3rd month it's the worst ever. I hate meal planning on a normal day but during luteal, my brain doesn't work and my body doesn't have the energy to cook. It's just me and my hubby and he will cook, but not reliably. I also want to eat healthy. I don't have any restrictions except lactose intolerant. I don't love cooking so anything that doesn't require any chopping is ideal. What are some easy things to make?",4,2,meal,2,Personal PMDD Narratives & Life Decisions,0.4266,1,0,1,0
f55f17be4c19,PMDD,Feeling guilty about using THC to cope,"THC via edibles are the only way I make it through the last week before my period because god damn I just go from like 100 to 90, 80, 70....and like I don't even notice it creeping up on me until it's at the 30s...which is now.

I was trying to tell myself to take a break and not use so much because I'm worried about addiction (this is me overthinking, I am not. I have rules around usage + support system + I am graduating in May with an associates degree n hs diploma at the same time) and it literally kicked me in my butt again.

I did everything right today. Made a to do list, took my adhd meds, had a good morning and did everything I set out to, got home and cooked a meal, ate and watched games. But I was just so blank and empty. Like suddenly I hate my current life and I don't know what I'm even doing here and everything is so hard alone and I feel fat and unhealthy even though I did a long run yesterday and walk across campus multiple times a week.

I even take Zoloft to help and it does- like instead of dropping to 0 where I want to go bye bye and hate myself, my lowest is like a 20-30, but it's still insufferable. The only thing that gets me through is a slight buzz that makes me like ""I'm okay..."" I just took like 17 mg (I usually do 5 but the closer I get to my period, the higher my tolerance) and I'm waiting for it to kick in so I don't absolutely hate my life and have this constant cloud over my head.

I can't be the only one who copes like this, right? My PMDD potion is extra Zoloft + Yaz + THC = not miserable

Edit: thank you guys for all your answers. I've read them all and I feel a lot better. Thank you for being girls girls and uplifting me 🥹 it really means a lot!",161,101,meal,2,Personal PMDD Narratives & Life Decisions,0.9515,0,1,0,0
deec4ee97bfe,PMDD,Luteal comfort food,Made this comfort bowl of buttered pasta and cried at how pretty it is. Now I’m laughing at how ridiculous luteal is. May you all have your comfort meal in luteal 🫡 ,747,46,meal,0,Luteal Phase Decision-Making: Advice & Warnings,0.8472,1,0,0,0
e2c3ad5c091b,PMDD,Depression Meals,Anybody have depression meals you’d like to share? Starting my luteal and need to cook for my family of four,2,1,meal,2,Personal PMDD Narratives & Life Decisions,-0.5719,1,0,1,0
b3584070c5e2,PMDD,I just read an entire conversation where my boyfriend is trashing me. 9 days away lol…,"I am done. My period is 9 days away &amp; I ended the night with 9 screenshots of my boyfriend shit talking me to AI. I was using his phone to find a lost item &amp; I went to the AI app to get advice &amp; I see a title that catches my name: “Relationship Blame”

and I scroll &amp; scroll, it’s loads of messages of him talking bad about me &amp; spewing a narrative that I’m lazy, emotional, messy, stubborn, and needy. He told it how I think emotionally and not logically &amp; how he wonders if it’s my PMDD. He also told the AI how I only eat frozen foods &amp; I am not nutritionally aware, meanwhile I lost over 20 pounds (in a safe way) &amp; I always add a portion of fruits &amp; veggies to my meals. I am floored, it’s 2am &amp; I just want to pack my bags and block him forever. I feel like my PMDD is telling me to end things but I feel like it’s illogical &amp; impulsive but he clearly sees me as a burden. Instead of communicating to me, he compiled an entire list of my flaws. I feel numb &amp; I dread waking up in the morning. ",241,38,meal,2,Personal PMDD Narratives & Life Decisions,-0.9161,0,1,0,1
bb49f0be0782,PMDD,Scheduling Hotel Stays During Luteal,"Is it insane that I think it might be a good idea to stay in a hotel for 2 nights each month during the worst of hell week? Or have my husband stay in a hotel? Maybe we switch off to be fair? I ended up in a hotel last night. It was a dump because I was being cheap. But seriously, I don't know if I could afford to do that every month. And I'm not sure what to tell my son if I ended up doing that. He's 7 and autistic. He probably won't understand. 

I have family and a close friend I know would let me stay with them. But frankly, I want to be alone. I don't really want to just go be with someone else and then just end up having issues with them. Like, I need to be quarantined. 

Is anyone else doing something like this? How do you work it?",76,37,schedule,2,Personal PMDD Narratives & Life Decisions,0.2866,1,0,1,0
3c16bba297fc,PMDD,Therapist suggested to schedule monthly fun,"During one of our sessions a few weeks after another tough luteal and menstrual week, my therapist suggested that I schedule something for me to do every month that makes me feel good. Self care, event, anything that doesn’t over stimulate, exhaust or trigger me but instead makes me feel so comforted and good. I cannot for the life of me figure out what could possibly excite me during hell week and I’m at a loss tbh.",64,38,schedule,2,Personal PMDD Narratives & Life Decisions,0.8303,1,1,1,0
f4b81380a6f8,PMDD,*Surgery Journey: Part 1* Never been so happy. Surgery scheduled!,"I'm 37, and after a 22 year battle with PMDD, trying dozens of therapies and medications, having a singleton and twins, my hysterectomy and bilateral oopherectomy are scheduled for April 1st.

I will be doing estrogen HRT but will not be adding back progesterone.

I will be posting about my experience here for you all to read in case you're considering this surgery.

My symptoms have been the worst of the worst for anyone wondering. The most intense fatigue. Horrific paranoia. Intense SI and horrible dark thoughts. EXTREME EXTREME RAGE. Memory loss during luteal. Anxiety and major depression. Picking fights and bringing up divorce every single month. Burning bridges with family and friends. I've even been fired over it. The physical pain: cramps that have me in fetal position, very regular but very heavy periods, boobs so sore I can't wear a bra sometimes, hormonal migraines, etc

I am so excited to rid my body of the poison that is progesterone (for me at least)

We HAVE confirmed it is the progesterone that I'm sensitive to. I've been on bioidentical progesterone, the progesterone suppositories to support pregnancy, and birth control with progestins (yaz and others). Every single time I went into psychosis and ended up in emergency care.


Anyway, I'm so excited my twins are a few months old and I can finally have the surgery. Check back for updates if you're interested. I'll label them ""surgery journey part X"" so you'll know it's me! :) and also feel free to pm me with any questions. So many of you have been so helpful to me on this sub, I want to return the favor.",18,6,schedule,2,Personal PMDD Narratives & Life Decisions,-0.9839,1,1,0,0
507c7184a858,PMDD,Those who use synthetic hormones to help -- what's your schedule?,"I'm just learning about pmdd and trying to figure out what will really help me. I'm working with a psychiatrist on the antidepressants, but my research is looking like adding estrogen and progesterone at different points in my cycle might help. Those who do, what do you start and stop taking at what points during your cycle? ",3,6,schedule,2,Personal PMDD Narratives & Life Decisions,0.8024,1,1,0,0
9896227b33cd,PMDD,Scheduled Surgery!,"I (31) was able to schedule a hysterectomy and oophorectomy.  I alternate between crying in overjoyed relief, and being anxious that I could **mystically** be the one person it doesn't cure.  Please share your positive and realistic experiences with hysto+oophorectomy with me!  I'd also love to hear what to expect from HRT if you have relevant experience.

A side note:  I am diagnosed with a number of additional conditions that made me qualify for hysto.  That I have tried all other avenues to help with PMDD and the severe si that accompanies it is what helped convince my doctor.  I did my own research and attended the appointment armed with education.  This option isn't for everyone.  Please keep the comments relevant to my request for experience.  Thank you!",18,12,schedule,2,Personal PMDD Narratives & Life Decisions,0.9093,1,0,0,0
c39d60a1257c,PMDD,When you start luteal and have big plans for the day and a deadline ahead and try to stay motivated but then receive a destabilising text from your mentally unwell mom - I’m lucky to have the choice between my home and office and make my own schedule. It’s a dressing gown day now. ,,103,20,schedule,2,Personal PMDD Narratives & Life Decisions,0.6908,1,0,0,0
83c001b4c843,PMDD,"Y’all I (22ftm) scheduled my hyster- and oophorectomy!! July 18! Those who have had a full hysterectomy, share your experiences please. Pros, cons, recovery, waking up after surgery, everything.","I can’t wait to get my life back. I have PMDD symptoms for at least 10 days before my period, then during my period I have 4-6 days of severe, debilitating, vision-going-white cramps that have sent me to the er several times, and then I have 1-3 days of moderate to severe ovulation pain. 2-2.5 weeks every month I am battling my body for some kind of relief or comfort, and it’s all because of these stupid organs. 

All that, plus I’m trans! Testosterone has never stopped my period like it should have despite my levels being good, and I’ve had to deal with that dysphoria every month for over half my life at this point. I can’t even comprehend what my life will look like after I heal. The only thing im not looking forward to is 2 months of no sex after surgery 🥲 testosterone has me ravenous for my partner so this will be kinda rough but eh it’s extremely worth it

I can’t believe they could get me in so soon, I’m excited and nervous but mostly I’m just relieved and antsy. I’m so thankful to be able to get this surgery, and I’m looking forward to better quality of life afterwards. I have hopes that removing my uterus might help with my POTs symptoms, as when my uterus feels inflamed or I’m on my period etc my POTs symptoms become debilitating, if it has anything to do with the veins and blood flow in/around my uterus then surgery might just help. Idk. I have lots of hopes and even more fears lol but I’m excited. 

Thank you for giving me a place and people to share this with",20,11,schedule,2,Personal PMDD Narratives & Life Decisions,0.9924,1,0,0,0
507d31a13aa0,PMDD,Having one of those rare months where I’m just sad outside of my typical two week PMDD time period and it feels really unfair. Like I already have a scheduled 2 weeks of misery and it’s eating into my typically happy/calm weeks. Sobbing on my couch just wishing I could be normal,,128,38,schedule,2,Personal PMDD Narratives & Life Decisions,-0.8448,0,0,0,0
eaad4bb22b27,PMDD,SSRIs - What was the last straw?,hi guys! I'm thinking about scheduling an appointment with a psychiastry about getting into some medication for pmdd. But I don't know if I'm exaggerating my symptoms or not and I was wondering what made you decided (with your medical doctor) that it was time to begin with SSRIs?,701,157,schedule,2,Personal PMDD Narratives & Life Decisions,-0.4023,1,0,0,0
e41ed1902396,PMDD,SSRI Intermittent Dosers : Would this be a viable schedule?,"Hey folks! I was diagnosed officially with PMDD recently, and just started taking Lexapro. I was initially hesitant to take it due to the side effects (it sat in a drawer for two months), but I finally decided to bite the bullet yesterday. I was prescribed 5mg of Lexapro, and I shit you not: twenty minutes after I took the pill, I was feeling almost like myself again. Aside from the gas, I haven't experienced any side effects yet. 

**The question is:**  For intermittent SSRI users, would it be acceptable to only take the pill on days that I need it? I've read old posts on here, and most people seem to take it regularly once their luteal phase starts, but I saw an older comment that mentioned that the positive effects lasted every few days for them. Would that be a valid strategy?",5,12,schedule,2,Personal PMDD Narratives & Life Decisions,0.7809,1,1,1,0
999f6ad52b3e,PMDD,SI has gotten so bad that my gyn has scheduled me for a total hysterectomy ,"Hi ladies,
First post here, but I lurk often and send silent love to all of you who suffer from this insidious cross section of physical and mental health.  My pmdd has just been getting worse. I take Semaine supplements, which really have helped, and start Lexapro the day after I ovulate. Unfortunately I'm maxed out on my dose, we're  at 30 mg until my period starts, but I can't get out of the hole that I feel the week before my period. It's so awful that I cannot stop crying, I feel useless and like I'm taking up space in this world that I don't deserve.  I have to remind myself (and my family had to check in everyday for 15 days a month) that I cannot die, I can't hang myself because it would blow a hole through my little girls life. 
She is the only thing that keeps me alive, and then my period starts and within 48 hours, I feel like myself again. I have hard miserable periods, but I welcome them with lifesaving joy, I get one week of normalcy and then it starts again. I have so much empathy for each and every one of you. I'm so sorry that anyone has to suffer like this. It really is impossible ot understand unless you live it. 
My doctor is wonderful and has gently told me  that there is nothing further she can do for me medically and that a total hysterectomy with bio identical hormone replacement is necessary to save my life. 
I cried, my family cried because a possible end to the hell is all I've wanted. I'm scheduled for surgery Oct the 25th, and I'm a mixture of terrified and greatful. 
I have no one who would understand what this means to me except you all. 
Thanks for listening and please know this strangers cares about you and if you are suffering today, hold on, you're needed on this earth and I understand your suffering ❤️",63,14,schedule,2,Personal PMDD Narratives & Life Decisions,-0.745,1,1,1,0
cc68f776eb2f,PMDD,PMDD symptom schedule?,"Okay I KNOW everyone’s body and cycle are different, but I’m trying to make sense of my mood fluctuations as someone who has not ever paid attention to my cycle. I stopped my period about 6 months ago (before that it was irregular anyways and I had an IUD for a long time so I just really never paid attention) and I’ve been tracking my moods instead. I know that my symptoms are typically the worst around the middle of each month. Then I feel great for about a week. Then I have a day or two of more symptoms at the very end of the month. This month, the end of the month was GOD AWFUL but it was only for two days and then I immediately felt great again (not manic great, just my normal self great).

I don’t understand how this matches up with my cycle and I keep questioning my PMDD diagnosis because of it. Does this sound like anyone else’s experience? ",1,2,schedule,2,Personal PMDD Narratives & Life Decisions,0.8234,1,1,0,0
f0e8c9b5c93b,PMDD,"Those of you who schedule their life around their cycle , how do you do it ?","I’m trying to figure out how to schedule my life around my cycle, like when to prioritize being active, rest, working towards my goals, diet etc but don’t know how. What does you schedule look like like?",7,4,schedule,2,Personal PMDD Narratives & Life Decisions,0.8577,1,1,0,0
6e8701d434d3,PMDD,Bilateral salpingo-oophorectomy and hysterectomy schedule for mid-April!,"PMDD, (PCOS in the past), fibroids, cysts, menorrhagia, metrorrhagia, and dysmenorrhea! 42, and beyond ready to put all of that behind me so I can live life the way I want to!

I’m having my bilateral salpingo-oophorectomy and hysterectomy next, so I will only need estrogen HRT. I plan to use lotion or gel on my legs.

If you have had the same surgery:

Can you share your symptoms/experience/timeframe getting your HRT dose right? Did you still experience some PMDD from the HRT while figuring out the dose?

How was your recovery? How long before you could exercise? How long before you could dance?

Thank you!",11,0,schedule,2,Personal PMDD Narratives & Life Decisions,0.8634,1,1,1,0
d2cc626cb338,PMDD,I hate that I have to schedule my life around this,"I have a lot of passion projects and hobbies , recently trying to get back into content creation again and posting my art online . I love my ideas and myself for a good week and a half and then after ovulation it’s a slow decent into madness . Then suddenly I hate everything and anything I’ve done , I’ll scrap projects entirely or not be as productive/passionate about it . It sucks .
The only plus side is that I feel like I’m stronger during my Lutheal phase so when I hit the gym I feel like I can lift more .   I feel like I have to get so much done before that phase hits or it’s game over ",36,12,schedule,2,Personal PMDD Narratives & Life Decisions,0.8176,0,0,0,0
74098b2c5439,PMDD,Good luck to all my fellow PMDD survivors for the holiday season.,"This year,  I won't be able to escape PMDD on Christmas. It started a few days ago, meaning I'm overthinking my family dynamics and I'm very nervous for the dinner itself. I figured I wasn't the only one feeling this way today, on Christmas Eve's Eve, so I wanted to wish everyone going through it during the holiday season, a huge GOOD LUCK, I wish you all a merry Christmas, may we don't cry at the dinner table and actually have a good time. Just a simple day and we can go back to our regularly scheduled hell week without having to perform. Sending lots of hugs, and remember, WE ARE SURVIVORS. ",491,83,schedule,2,Personal PMDD Narratives & Life Decisions,0.984,1,0,1,0
44e9451978b8,PMDD,What significance do schedules hold in your life?,"Looking to understand myself better.

Backstory: my husband comes from a different culture that is not time sensitive, and also has very different gender roles than what I am accustomed to. Example, the male partner does not communicate where they go, what time they would come back, or anything really related to where they went. This is strongly cultural, and I have personally seen this play out regularly in other families from the same culture as him.

He has started a new job, and the schedule is changing a lot, also he chose to work nights when I really prefer him to work days as I work days as well, and we could have nights together. 

For example, today, he came home too tired to spend time together in the morning or have breakfast together. After that he went out and had said he would not hang out with his friends, but then did hang out with his friends an extra two hours and did not call or text about that (this has been a frequent point of argument for years - I would just like a notification! So that I could spend time with my friends, or do something else, and not just sit at home, waiting ). And then he said that all of a sudden he did have to work tonight and he would be leaving early (the day before he had said he would cook and drive the kids). 

Then things will come up. For example, one of the days he just ran out in the morning and said oh I have a work interview. Other weekends, he said we would have the whole day together and then on the day of, with no forewarning, he would say oh yeah I’ll be going to work all day today because someone called me and said there’s an open shift.

Sorry for making this so long. I feel terribly triggered when this happens as then I have a total meltdown and cry and sometimes I feel very very intensely angry. I am trying to understand my attachment to schedules or if it’s even that at play or something else.
I also have this feeling of not being able to spend enough time together that keeps coming back a lot.

Question : What significance do schedules hold in your life? ",1,1,schedule,2,Personal PMDD Narratives & Life Decisions,0.7518,1,0,0,0
65b35ae17a8d,PMDD,PSA: Schedule Flu and Covid Vaccines During Follicular ,"Speaking from experience, don’t get your flu and Covid vaccines during luteal. It’s just too much inflammation at once and you’ll feel horrible. 

I hope this helps 🤞",26,3,schedule,2,Personal PMDD Narratives & Life Decisions,-0.4215,1,0,0,0
bbb1b520922b,PMDD,Final Exams Scheduled during Hell Week,"My final exams for college are during my worst week- hell week when I have massive brain fog to the point where I cant think, am crying all the time, and want to die all the time. I dont know how Im going to pass.",2,3,schedule,1,"Cognitive Symptoms: Brain Fog, Fatigue & Dissociation",-0.9464,1,0,0,0
44224a427508,PMDD,Scheduled for PMDD....on my vacation and christmas.,"I'm literally afraid. It's follicular rn, I looked at my calendar and it's evident i'll be in luteal for my whole vacation.

I'm horrified. 

I'm happy, productive rn but obviously stressed by normal life and I was so desperately looking forward to this time off even though it costs me THOUSANDS income (I work for myself). I canceled my clients already. 

But like fuck. Will i sleep, will i function? i'm on all my meds and I even put in a nuvaring hoping it'll do SOMETHING instead of nothing like last time.

I want to be able to write, to read to paint instead of agitation sleeplessness and hypersomnia.

I want out of this hell. 

",1,1,schedule,2,Personal PMDD Narratives & Life Decisions,-0.9711,1,0,0,1
906fca46ddd7,PMDD,Is messed up sleep schedule at the end of luteal phase a common symptom? ,"Hi everyone,

Sorry if this is something that’s common knowledge. I’ve just recently started to really pay attention to how my cycle affects my body and mental health after being in denial of it for so long.

Is it normal to have a very messed up sleep schedule towards the end of your luteal phase? (My period is probably less than one week away).

I don’t fall asleep until 2-3am, wake up at 6am and can’t go back to sleep even tho I don’t have to be up until 8/9am. Then I crash and fall asleep in the afternoon. Even when I force myself to stay awake in the afternoon, I’m still unable to fall asleep early or wake up later.

Please tell me this is due to the PMDD and I will have a sane sleeping schedule again in a week pls 🫠🫠🫠🫠🫠",9,6,schedule,0,Luteal Phase Decision-Making: Advice & Warnings,-0.7612,1,0,0,0
81fd90a1297b,PMDD,"Does anybody else try to postpone things like scheduling appointments, meetings, phone calls etc. till after your period ends? I can’t deal with the overwhelm of it!","I feel like I’m almost incapable of being able to do more important tasks while I’m on my period without freaking out, having disastrous thoughts about things going wrong/saying something stupid and just the pure overwhelm that I feel just thinking about it. It’s like I have to become myself again before I can deal with the thought of actually having to get things together. During my period I have a complete negative thought spiral and very low self esteem which really affects my ability to perform “adult” stuff, haha. Currently I’m on my period and I can’t even call and schedule a hair appointment because all I can think about is a bad outcome, that my hair will be ruined etc. - just an example of a thing I can’t do without panicking during my period! 

Does anybody else experience similar thoughts?",200,15,schedule,2,Personal PMDD Narratives & Life Decisions,-0.8641,1,0,0,0
01d6201949e4,PMDD,Worried about my next two luteal phases… intense work scheduled.,"Sometimes I have to work in event production for my job. These are all hands on deck scenarios that are challenging to get out of. I’m currently approaching my luteal phase, I’m already feeling fatigued and irritable. Starting next Thursday, I need to work 4x 10-12 hour days in a row. Fortunately my role at this event is indoors and mostly seated. In search of comfort like “next cycle will be better,” I checked my calendar and cycle tracking, and I have two events during luteal, which will be 10-12 hour days. For these events I will be on my feet and running around. Both this cycle and next cycle, I am in public facing roles at these events.

Does anyone have any advice for how to get through these? It’s been a while since my cycle lined up with my work in this way, and I’m feeling really nervous. I get extremely fatigued during luteal and one of the ways I’ve been able to manage is being really intentional about rest. If I’m pushing through fatigue, I’m worried my mood symptoms will greatly intensify. I don’t know what to do.",2,2,schedule,0,Luteal Phase Decision-Making: Advice & Warnings,-0.7956,1,1,1,1
8ba510541aef,PMDD,"I need to know, how's is your sleep schedule?","I am lucky enough to be stay at home but lately I have been sleeping from around 5-6am to 4 30 pm. It is probably not good for me. I was also informed by a friend recently that not sleeping at night contributes to having more fat deposits around tummy, and I am really bummed about it. My period should start tomorrow. I can't wait.",2,9,schedule,2,Personal PMDD Narratives & Life Decisions,0.4751,1,0,1,0
2baa81f18aee,PMDD,"Six week luteal messed up my sleeping schedule BAD, now I can’t get back to normal! Help 😟","I have been in luteal for SIX WEEKS due to a late period. I fell so low in my life during that time, I found myself falling asleep 5-7am and waking up 2-3pm. Needless to say it has made me even more depressed and now that my period finally came - I don’t know how to get back to normal. Melatonin doesn’t work for me - it makes me hallucinate lol what else? Chamomile tea and all that weak sauce stuff doesn’t work for me. Ugh :( I’m so discouraged. Now I have to somehow fix my entire life in the next 10-14 days before it all starts again.",6,5,schedule,2,Personal PMDD Narratives & Life Decisions,-0.9658,1,0,0,0
f55f17be4c19,PMDD,Feeling guilty about using THC to cope,"THC via edibles are the only way I make it through the last week before my period because god damn I just go from like 100 to 90, 80, 70....and like I don't even notice it creeping up on me until it's at the 30s...which is now.

I was trying to tell myself to take a break and not use so much because I'm worried about addiction (this is me overthinking, I am not. I have rules around usage + support system + I am graduating in May with an associates degree n hs diploma at the same time) and it literally kicked me in my butt again.

I did everything right today. Made a to do list, took my adhd meds, had a good morning and did everything I set out to, got home and cooked a meal, ate and watched games. But I was just so blank and empty. Like suddenly I hate my current life and I don't know what I'm even doing here and everything is so hard alone and I feel fat and unhealthy even though I did a long run yesterday and walk across campus multiple times a week.

I even take Zoloft to help and it does- like instead of dropping to 0 where I want to go bye bye and hate myself, my lowest is like a 20-30, but it's still insufferable. The only thing that gets me through is a slight buzz that makes me like ""I'm okay..."" I just took like 17 mg (I usually do 5 but the closer I get to my period, the higher my tolerance) and I'm waiting for it to kick in so I don't absolutely hate my life and have this constant cloud over my head.

I can't be the only one who copes like this, right? My PMDD potion is extra Zoloft + Yaz + THC = not miserable

Edit: thank you guys for all your answers. I've read them all and I feel a lot better. Thank you for being girls girls and uplifting me 🥹 it really means a lot!",160,101,cope,2,Personal PMDD Narratives & Life Decisions,0.9515,0,1,0,0
68f8c77486d0,PMDD,Healthcare professionals with PMDD — how do you cope?,"Hi everyone,  
I'm a doctor dealing with what I strongly suspect is PMDD. The emotional rollercoaster every month — the rage, despair, anxiety, brain fog — it’s exhausting. What makes it even harder is trying to hold myself together at work while managing patients, studying, or being present in high-stress clinical environments.

I’ve always been someone who pushes through, but lately it’s feeling less like resilience and more like quiet survival. Some months I can barely focus, let alone show up as the doctor I want to be. The guilt, the internal chaos, the fear of looking “unstable” at work… it’s so isolating.

So I’m reaching out:  
**If you work in healthcare and have PMDD, how do you manage?**  
Do you take time off? Do you medicate? Do you warn your team? Mask it completely?  
How do you cope with the emotional and cognitive symptoms while keeping up with the demands of our profession?

Any tips, routines, meds, or just solidarity would mean the world.  
Thank you for reading. Truly.

— a tired but trying doctor 🩺",122,95,cope,2,Personal PMDD Narratives & Life Decisions,-0.5419,1,0,0,0
dc291e691e2f,PMDD,How do y'all cope with the insecurity?,"I get so insecure during my luteal phase and it drives me (and my partner) crazy. I'm usually a very confident person but get really insecure the whole week before my period,  especially not feeling secure in my relationship even though I've been with my partner for over 12 years now. Definitely exacerbates up my abandonment issues. Ugh

Any tips on how to keep the insecurity in check?",39,21,cope,0,Luteal Phase Decision-Making: Advice & Warnings,-0.9663,1,0,0,0
5f502b39e05d,PMDD,What’s the biggest thing that helps you cope with PMDD?,"It’s that time of the month again where I hate my entire existence…

What’s the thing that helps you the most to get through it. Whether it be medication, meditation, hobbies, activities, anything. Please share them so I could give it a try, I am desperate for something… anything.

I can’t communicate properly, I feel weird making eye contact with anyone, I feel so exposed and on edge, I feel ugly, depressed, tired, hungry…
",116,150,cope,2,Personal PMDD Narratives & Life Decisions,-0.8497,1,1,0,0
4feec9bdbb15,PMDD,How do you cope with PMDD when your support system collapses during luteal and you lose your grip on reality?,"I have debilitating symptoms for about two weeks before my period. During that time, my emotional regulation collapses, my anxiety skyrockets, and I feel like I’m constantly fighting my own brain just to stay afloat.
The only source of support in my life right now is my boyfriend, and without fail, every time my symptoms begin, we end up fighting. Once that happens, I’m stuck in this impossible loop: I need support to get better, but I have to get better first in order to resolve the conflict and regain access to any support at all. So I end up completely alone until the episode passes.
I recently started birth control in hopes of managing PMDD, but it has triggered an even more intense wave of symptoms. I know this might be temporary, but right now it feels unbearable. I don’t feel capable of holding myself together for several more days like this.
One of the hardest parts is that during these episodes, I feel like I’m losing my grip on reality. My thoughts become distorted and almost delusional, and it’s incredibly hard to trust my own brain. Trying to “rawdog” this without support when you can’t even rely on your own perception feels terrifying and unsustainable.
It feels exhausting to constantly argue with my own mind just to stay alive and push through, with no external support during the worst phase. I’m overwhelmed, scared, and honestly don’t know how people are supposed to cope with PMDD without a support system that disappears when symptoms start.
If you’ve been in a similar situation, especially if your partner can’t be your main support during episodes, how do you get through it? Where do you actually get support when PMDD isolates you this much?",46,27,cope,2,Personal PMDD Narratives & Life Decisions,-0.66,1,1,1,0
63660b84a1bd,PMDD,I can't cope anymore,"Last night I had a meltdown. I could feel the rage building up throughout the day, and as soon as I got home, I completely lost it. I grabbed things and threw them across the room. All the while screaming and crying. 

After sitting numb for a few minutes, I got up and went to bed, only to proceed to cry more and start hitting my legs and face repeatedly. I just wanted to die. I wanted to walk to the nearest bridge and jump off. Slit my wrists, hang myself... something. 

I don't know how long I can keep doing this. Im only 22, I don't want to lose my life to this shitty condition. I want the person I used to be back. Im hurting people with my vicious words, words that I can't take back. Im so so tired. Tired of doctors not wanting to listen, tired of having to explain to people why im like this every month.

Im genuinely scared of who I become every month. 

I get so incredibly jealous of people who have a kind energy about them. I understand that nobody’s perfect and we don't always know what's going on in people's lives, but.. fuck. I don't want to be a horrible person. Im not proud of myself. I can't stop thinking about the hurtful things I've said to people. Knowing im hurting people makes me sick.

Im scared and feel so alone. I don't want to die. Im terrified of death, but every month it seems like the only way out.",48,13,cope,2,Personal PMDD Narratives & Life Decisions,-0.9952,1,1,1,0
24aa4e881cfe,PMDD,Franken-flatbread yesterday and gym today in an effort to cope with debilitating luteal phase (I'm about to drop dead),every day I wish I was some stupid lumbering man with consistent daily hormonal cycles.,21,7,cope,0,Luteal Phase Decision-Making: Advice & Warnings,-0.7964,1,0,1,0
5aa7dd3ad2db,PMDD,plz help me cope,"hi ladies and peeps. just looking for any advice that helps you cope through major apathy and isolation issues. 

\*\*\*birth control is not an option for me as i have been on multiple forms and all of them have made my symptoms significantly worse lol. i havent really touched on other medications, but i want to try some unmediated methods first. 

QUESTION: (TRIGGER WARNING ⚠️⚠️)

do any of you guys find that some months are slightly easier than others, or is every month just actual hell? i experience all symptoms every month, but for example in december i genuinely could have killed myself, while other months i experience suicidal ideation but its not as intense to the point where i will actually end my life. this makes me wonder if i just experience regular pms instead of pmdd. 

thank you all for any support! sending love and healing your way! ",2,7,cope,2,Personal PMDD Narratives & Life Decisions,-0.8653,1,1,1,0
4ef35492ec6b,PMDD,Using the spoon theory as coping in luteal,"has anyone heard of this? My therapist told me about it a few months back when I was in a pretty severe (suicidal) depressive episode. It’s most often used for chronic pain but it has proven to be helpful with mental “pain” for me. 

Basically the idea is, is that each of us has a certain number of spoons for the day. And as we go through certain tasks, we use up those spoons. I like to think about it on like a scale of 1-10. Sometimes I have 13 (usually in a state of mania) sometimes I have 1 (depression).

Today I used it for the first time outside of therapy. I woke up , and I’m in my luteal phase. And I had a relapse with self harm last night. I knew it was bad because I couldn’t get myself to wake up early and workout before work. I was having intrusive thoughts, self harm thoughts and then I remembered the spoon theory. I thought about what I HAD to do. And with my 3 spoons for the day what i could do. I broke down the tasks. And you know what? It worked. I got through the day. ",222,18,cope,0,Luteal Phase Decision-Making: Advice & Warnings,-0.951,1,1,1,0
1c7af6396d42,PMDD,How to cope with symptoms,"Hi 24f here. Trying to find a healthier way to cope with the anxiety, like my bod is just trembling all day. I’m nauseous  and vomiting from the anxiety too. Not eating.

Just the other day I cried in everyone’s arms. Over the phone and in person. Ik they are tired of me.

Rn I’m so tired of the anxiety and waking up every other hour last night having excessive sweating and night terrors. Can keep my eyes closed or open, so I’m just lying on the bed like a pos. It’s been four days of this. And I might lose my job I called out too much and have no more sick days.

I’m trying so hard to not let the fact that I can’t cope derail my life right now. Can someone give some motherly advice on  what next steps are? I emailed HR and my therapist in Friday for leave of absence, I haven’t heard back. But that’s the only action step I or my loved ones could think about me taking. Please someone help",7,6,cope,2,Personal PMDD Narratives & Life Decisions,0.2986,1,1,0,0
b01058c0b5d7,PMDD,I have hesitations to going on birth control for PMDD. Can anyone relate or have any advice to cope?,"So I'm at the point where I've accepted I need to be on some sort of medication to treat my PMDD. For the past year, I've been struggling so hard every month and it just keeps getting so. Much. Worse. 

The extreme mood swings, suicidality, and anger are awful but I've been mentally ill all my life so I know how to function and cope when I feel this way. But lately, the physical symptoms have been getting a lot worse. I'm 22 and this all started when I was around 19 or 20. My back hurts so bad every month now I can barely hinge forward. My headaches and migraines get so intense. I literally had to leave a restaurant yesterday and venmo my friend to pay my tab because I couldn't stand to sit at the table for another 15 minutes to wait for everyone to finish eating. My cramps were so horrible and  I was in so much excruciating pain I was crying and sweating when I went back to the car to lay down. 

Honestly, I am so hesitant to being on birth control or psychiatric medication. But I am going to go on the pill soon because I can't take it anymore. This is to the point where it has become almost disabling due to the physical and mental symptoms I can barely get out of bed sometimes and I can't live like that even if it's just a few days out of the month. 

I'm scared because I've had bad experiences with psychiatrists and being put on mental health medication. I am scared to be on birth control because I'm worried about any effects it may have on me. I am distrustful of the medical system in general. I know the birth control should work for me because my sister has a similar issue and it helped her. I just mentally feel resistant to the idea of it and I'm having a hard time describing exactly why. I also worry about how it will affect my fertility and sexuality/attraction to people. I heard going on birth control can mess with that. I am scared to put something in my body that may affect my mood especially even if its supposed to help, I worry about the potential unpredictability. 

Please no hate I'm just looking for advice on how I can feel better about having to be on the pill because I struggle with the thought of it and I have the Dr appointment in a few days. This fucking sucks and I'm in so much pain and discomfort half the month. ",16,32,cope,2,Personal PMDD Narratives & Life Decisions,-0.9981,1,1,1,0
2cb5b749f136,PMDD,How do you cope?,"I'm tired right now. I spend all day at college, discussing the real world regarding the environment, economy, mental health and so many other topics. I walk on campus and see protests, I go online it's a never ending bombardment of bad news and a horrible gut feeling that I'm helpless. I want shut the world out but I want stay connected and aware. I want push for my rights and others. 

It feels good to shut the world out and sleep and watch TV. Pretending that all these issues aren't happening. It's selfish, but im exhausted. The constant overstimulation of everything. I'm so hypersensitive to it all, i just tell myself I got the unlucky draw and this world how it's structure it chaotic and loud. Constant uphill in my life, one thing after another it seems. 

This aching feeling that I'm upset and angry. I try tell myself I can't fix the world alone, and it not my responsibility alone. That deep down its okay to say no and close the door. Life is hard, living is so much harder. I will wake up in a few days with a smile and a big will to tackle the world. Just not today. 

I think today is just a off day, i woke up and felt more emotionally vulnerable and sensitive. I'm in the middle of my menstruation, so the lack of quality sleep and low iron probably isn't helping. 

Sending hugs ",108,36,cope,2,Personal PMDD Narratives & Life Decisions,-0.9824,1,1,0,0
f55a5709af7b,PMDD,How to cope with the anxiety,"10 days away from my period still and I am JUMPING out of my skin with anxiety 😭 nothing I seem to do (ssris, exersise, supplements) seems to help during this time. So I’m wondering how do y’all cope? Even in small ways ",11,18,cope,2,Personal PMDD Narratives & Life Decisions,-0.4215,1,0,0,0
f2d748f5198a,PMDD,I'm not coping at all,,307,9,cope,2,Personal PMDD Narratives & Life Decisions,0.0,0,0,0,0
4993802913c7,PMDD,What are some healthy coping mechanisms for calming down ,"From irritability and rage. Especially when you have children and don't want them to see the bad week 😔 
",44,41,cope,2,Personal PMDD Narratives & Life Decisions,-0.6152,1,0,0,0
1a8078621c93,PMDD,I WANT DONE WITH PMDD. I CAN’T COPE,"TRIGGER WARNING- mention of feeling suicidal &amp; childhood trauma. 

I am so angry. I’m so so done. For me personally …  I believe my childhood trauma is the reason for pmdd.. everytime I’m in pmdd I feel like a little angry, scared, vulnerable girl and I dislike my parent everytime

… just like my childhood trauma is the reason for many of my issues emotionally and physically. 

Even after having therapy, making a lot peace  with my childhood, understanding it, wrapping my head around it, finding forgiveness to the adults who failed me in certain   aspects of my childhood and releasing many stored emotions via therapy and somatics.. pmdd still exists. It still puts me back in to dark places. 

My childhood stress put my nervous system in to constant fight or flight mode .. I also feel my brain didn’t get to develop how it should have because of the trauma and stress… a child who is in a calm, safe and predictable environment means their nervous system is able to work correctly and their development isn’t delayed or effected.. I believe children in stressful environments ( constant stress ) and cannot get out of it, can end up with a total dysregulated nervous system.. which has a domino effect on the rest of the body developing &amp; firing correctly. 

BUT some women say they never had trauma… they say their childhood was completely functional, calm, happy, predictable moods around them, all was totally fine.. so why do the likes of these women have pmdd???  Or can it be brought on by any trauma / stress later in life, not just childhood?? So maybe it is caused from stress or trauma whether it’s from childhood or because of a trauma / trauma later in life.    I just wish I knew. 

My symptoms when in a pmdd flare up are feeling like I want to 💀 inflammation ( I even get sciatic pain from my ovaries down my legs  ) I even get nerve feelings in my brain, like the nerves are irritated.. I get sore glassy joints &amp; sore left ribs.. anger, rage, anxiety, feeling like a vulnerable little girl ( I’m 30 ) adhd is worsened, sensory issues heightened, I can’t do anything, I hate everyone and I want to disown my family. I want to run away. I want to completely exit life. 

So to me, this is a mixture of my brain responding to the hormonal  change after ovulation ( serotonin dropping and maybe it’s already deficient which would make sense, I had depression since 11 years old ) and then my body responding too in inflammation which also makes sense as I was on constant anti inflammatories from 1998 which made me 3 years old. I truly believe that my body was already in fight or flight from a toddler. 

Anyone else relate their pmdd to trauma?? What do you do to help? 

I want my ovaries removed. I’m even in early peri and I’m on HRT but honestly I just need my ovulation shut the f down. Or I need my ovaries removed. I am done. Its like my healing journey becomes pointless everytime I ovulate. I’m done. I’m so done. Even on Yasmin ( which didn’t help Peri either ) my ovaries still had fluctuations which caused me pmdd flare ups. There’s no other option but to remove it ovaries at this point. Or I’m gonna remove myself. I know it’s gonna happen if my ovaries  aren’t removed. It’s either remove the ovaries or I remove myself from life. I refuse to do however many years till menopause like this. 

Gyne said “ but let’s do the coil, as you may want kids “ I told her I don’t.. what don’t you understand.. I have  mothered myself and my mother .. I don’t and can’t mother a child. I want my ovaries  gone. I will sign my signature on the dotted line I don’t care just remove them. I just wanna be on my HRT without any fluctuations from my ovaries. I can’t take any fluctuations. With or without ovulation. I need them done to stop all fluctuations. Just put me in early menopause and be done. Il be going into early menopause anyway as im already peri. Let’s get this done. 


I ovulate at random times so i cant even predict my pmdd. I hate living at the moment. 

Ladies what do you even do to help manage or stop your pmdd?? I just am curious ",28,7,cope,2,Personal PMDD Narratives & Life Decisions,-0.9923,1,1,1,0
58005201fb44,PMDD,What are some of the things you wish you had during luteal that would make coping with it a lot easier? ,"For me, i would like to be able to go into meditation retreat every month for two weeks, or have a life where I could go into retreat a lot more then I do. I am a practicing Buddhist and I find meditation to require a lot more space from others when I am in my luteal phase. I always booked my retreats right when my period was to start, as they were usually group retreats and I feared getting too upset on retreat with others so I made sure I was past luteal and could begin the retreat in a more chill manner. 

Maybe even starting with a single solo retreat during my luteal phase would suffice and I’d learn a lot about myself. 

Another thing I wish was more common for me is understanding and care from others.

I notice my luteal phase will get worse if I am so unhappy with the lack of understanding around me. But there is always this expectation to live like I don’t have this response to my hormones, to be completely fine, and not “act out” 

What are some of the things you could see yourself with that would help you cope with the luteal phase? ",40,57,cope,0,Luteal Phase Decision-Making: Advice & Warnings,0.9205,1,1,1,0
d0fbfaa17df5,PMDD,Coping during workdays,"What do you guys do to cope when you don't have a way to engage in usual coping mechanisms, like being at work? My job leaves me with a fair amount of downtime, but I can't do any of my usual coping things like talking with friends/partner, knitting, playing video games or listening to music. So during my workday I am just sitting there spiraling out of control, holding it together at work and then immediately exploding into a sobbing mess the moment I get into my car. Is there anything that helps you guys in situations like this?",14,3,cope,2,Personal PMDD Narratives & Life Decisions,0.8364,0,0,0,0
eceffec53cf4,PMDD,10 days late I don't think i can cope much longer,"My period is 10 days late so far and my PMDD is getting worse every day, my physical symptoms (which fortunately aren't normally that bad) are getting worse too and I feel really uncomfortable. I don't feel like I can function. Ive tried castor oil packs, heat and vitamin C to try to induce it but I haven't even had any spotting. I've taken four pregnancy tests all were negative.

  
Update: It finally arrived 🙌 ",5,9,cope,2,Personal PMDD Narratives & Life Decisions,-0.8453,1,1,0,0
afcd3344361d,PMDD,Ways to Cope?,"(long post, sorry in advance!!)

Until about a year ago, my life was peaceful. I had very rare menstrual cycles that would happen once every 3-5 months. Some depression during my very infrequent cycles, but the inconsistency made it easy to deal with. This is the way it was from when I got my very first period at 14 to now (23). Everything changed in January of this year. 

Suddenly, much to my dismay, I started getting regular monthly periods. I can’t imagine why this started, but it has made my life so complicated and difficult. It came with an ton of issues. Horrible depression, yeast infections, and utis every single month a week before and during my period. I’ve been able to fix my medical issues, but the depression has stuck around.

About 10 days before my period, I start becoming hard to be around. I feel anxious, confused, and sad. I start to think I’m getting the flu. Then I think I’m pregnant. I can’t pick up on jokes or social cues, and anything will make me cry or annoy me violently. I feel ugly. The brain fog causes me to make tons of mistakes and forget things. I’m mean to my wonderful boyfriend and family. I get cramps before my period even starts. I fractured my knee in high school, and years afterwards it never gave me any issues, but now for whatever reason it becomes unbearably painful. My idiot doctor told me it’s normal, and my amazing therapist diagnosed me with pmdd. 

Despite being in therapy and doing a lot of research on PMDD, I just can’t find healthy ways to work with myself during my luteal and period phases. I feel so exhausted by having to go through this every month. I really only get two good weeks a month before this vicious cycle repeats itself. I try to do everything I can to take care of myself (meal prepping, reading, keeping active, making art, meditation, self care, journaling, making sure my hair is freshly dyed, keeping medicine on hand, etc) but it just doesn’t cover it. I don’t feel motivated enough to stay focused on these things I know will help me. 

No matter how much I try, healthy coping mechanisms just don’t help me relax. Especially with this knee issue, being awake and sober is too hard. I’m not usually a big drinker, but every time my luteal phase comes around, the only way I can make myself feel better is by having a couple of drinks. I just can’t deal with the discomfort of meaningless physical and emotional pain. I’ve never dealt with problems like this before this year and I feel extremely late to the game of learning how to deal with periods the way most others did as teenagers. I want so desperately to go back just a year ago when none of this affected me.

I don’t want to develop some stupid drinking problem just because 10 days of the month are too hard to deal with. I just can’t find ways to dull my senses down enough to not be overstimulated and evil otherwise. I don’t want to be like this forever. 

Please, if anyone knows literally anything that will help besides liquor, let me know. 

(TLDR; My luteal phase and period turn me evil and cause lots of pain. I drink to cope, but I know it’s unsustainable and unhealthy. I need advice badly.)",3,8,cope,2,Personal PMDD Narratives & Life Decisions,-0.9951,1,1,1,0
096530a1686f,PMDD,Tips to cope week before period,"Hi there. As I’m getting older and with perimenopause, I’ve developed PMDD. The week before my cycle and especially the two days before and the first day of my cycle is the worst. I am already on two antidepressants and they only take the edge off slightly. I’m looking for any tips and tricks that has helped you cope during this time of the month. I am also taking hormone therapy.",4,2,cope,2,Personal PMDD Narratives & Life Decisions,-0.6808,1,1,1,0
f5fe7feb1e5f,PMDD,switch happened today so comic making is how i try and cope thought you gals will get it. ,,257,13,cope,2,Personal PMDD Narratives & Life Decisions,0.0,0,0,0,0
6da464e1ffb3,PMDD,How do you cope as a parent?,"My daughter is three and my husband is stationed over seas. 

Im working with a therapist in a woman's clinic and we are trying to find the right medication. Starting with bc and then what we need on top. 

Im currently in Syeda and my lows are looooow and im experiencing neaseau. The last three days I've done my best to make food but when dinner comes its door dash. Im trying to give my self grace and be a good mom. 

How do you manage pmdd and feel like a good mom? Do you have easy or go to recipes that help or are easier to make and help you feel better? 

Thank you for any help",4,6,cope,2,Personal PMDD Narratives & Life Decisions,0.9923,0,1,1,0
c2beae5d619b,PMDD,How do you cope?,"I’m so tired. Mentally and physically. The luteal phase just takes over my whole life. Like an endless cycle of waiting for it to arrive, the all consuming time it lasts and having to ride the wave, whilst trying not to drown. Sleep is the biggest issue for me atm. I feel like the insomnia is so overwhelming, for around 10 days a month I get absolutely no more than an hour a night of sleep. The impact it has on my mental health is beginning to really take its toll on me. I’ve approached my GP twice, I’ve told her it’s impacting my job, my kids, my relationships and she brushes it off. I feel like I’m being accused of a drug seeker. When all I am seeking is help. 

How do you get by? What do you do to manage your symptoms? Not just sleep, but any and all of your symptoms? How do we get through the rest of life and try to manage this god awful condition. ",20,3,cope,2,Personal PMDD Narratives & Life Decisions,0.3409,1,1,0,0
f516eb567bee,PMDD,What do ya'll do for work or how do you cope working on the bad days?,"Getting a feeler out there. I work in tech which has been forgiving, but a part of me feels guilty or even jealous of others for being able to be ""fully present"". There are days that I am able to function at or even above 100% but on the bad days, and I MEAN BAD, it feels like it's the end of the world. I've just started getting bad PMDD symptoms, and I'm not sure how to cope with the whole ""I need to feel purpose through work"" because I'm fairly young, and it just kind of feels unfair. 

So what do ya'll do for work, and how do you manage the feeling of inadequacy because of your symptoms? What does coping look like for you?",21,29,cope,2,Personal PMDD Narratives & Life Decisions,-0.9812,1,0,1,0
64bea6696573,PMDD,Sharp headache right before and after period? Im 3 days away and cant function ,"Does anyone experience bad tension headaches right before their cycle and after? 
Im trying to figure out the cause. My shoulders hurt and my neck feels sore. What can i do for this??? ",2,2,cant function,2,Personal PMDD Narratives & Life Decisions,-0.9129,1,0,1,0
e247375b2240,PMDD,cant function ,"i can’t move all my muscles tense i wanna scream and self implode im sooooo crazy i want to bite into an electric current open wire or sleep on a bed of fiberglass im losing it im los
ing it ",4,1,cant function,2,Personal PMDD Narratives & Life Decisions,-0.8316,1,0,0,0
a30fbf2bcefe,PMDD,Luteal and THC usage.,"I am concerned about how often I rely on THC to help manage my PMDD symptoms in luteal.  I used to only use it for sleep but now I am finding myself using during the day to help keep me from absolutely spiraling. I am struggling with feeling the need to use it when I start to get low and I really dont like the feeling of dependency that has developed. I really dont like that I am high and cant function regularly. 

I have cut down the amount I use when I do use it but it seems to have increased the frequency in which I am using it because it wears off much quicker. 

I dont drive EVER while high and avoid people if I am using it during the day so I dont say or do something stupid and embarrass myself. So I feel like I am becoming a hermit durring these two weeks. 

I guess I am wondering if anyone has found a decent replacement, or ways to decrease the frequency without completely quitting. 

I dont want to be dependent on a substance that I cant function in my daily life on. (I am totally okay with taking my medications daily but I refuse to drive if I have thc in my system and cant work if i am high)

Any advice would be greatly appreciated.",95,58,cant function,2,Personal PMDD Narratives & Life Decisions,-0.8372,1,0,1,0
5e55ad59d7f2,PMDD,I can't do this anymore,"I want to say this to my husband so bad. To my daughter, my friends. I've been crying into my dog and murmuring it all morning as I rot on the couch because I had to call out of work AGAIN. My PMDD was so bad this month and now that I've started my period, I'm nauseous and throwing up. It's like I cant get a fucking break. I'm not supppsed to be depressed right now. I'm suppsed to get a break, not nausea. I can't take care of myself, I havent showered in 4 days even though I'm bleeding, it's disgusting. I can't take care of my family. My husband put our daughter to sleep last night because I told him I was too ill to wrestle her, and then it turns out she went right to sleep without me. My heart hurts. I wish my husband had a better wife. I wish my daughter didnt have to know this version of me. Weak, tired, depressed, anxious. I had her knowing she's probably going to suffer with this same debilitating disorder. I have doomed her. I let my husband down every single day. He shouldn't have to carry so much load. He deserves a wife who can function. Neither of them deserve to see me in this misery.

So I wont tell them that I cant do this anymore. I'll lay here and wait for them to come home from work and daycare and I'll smile and keep going until the PMDD gets me again.

I'm sorry you all had to be subjected to this depression rant instead. But I needed to get it out. Thank you.",203,45,cant function,2,Personal PMDD Narratives & Life Decisions,-0.9703,1,0,1,0
0d000b798f9a,PMDD,yeah so. this condition is not compatible with the way society is structured and it's going to kill me,"i was on sick leave for four months because working full time at a relatively easy and enjoyable job still made me depressed and suicidal. 

so i took time off work to get better. 

I go back to work part-time to start and now it's back in full force and this time I'm having physical side effects. Luteal is worse than ever and my period is late by a few days. 

I do not know what it's like to wake up without a headache. I get home from work at 2:45pm and all i do is sleep through until the morning. I'm getting over 10hrs of sleep a night. And yet am still unbelievably tired. I have to fight to keep my eyes open at work and the lights are too bright and everything is too loud. My executive function is completely shot. I do not have the ability to transition in between tasks anymore. I just stare at my screen at my desk physically unable to move or do anything. I feel dead inside. My meds aren't working whatsoever no matter how high of a dose I take. I can't do my school work because there is literally no point to anything anymore. Why am i even doing school? Just so i can subject myself to more of this for the rest of my life? 

I feel like a caged animal. I look outside the window during my lunch break and I fantasize about what it would be like to just go outside, travel, and experience freedom. To not have to be somewhere at a certain time. To eat on a plate in my own house and not out of a Tupperware container with a plastic fork. But i can't. My lunch break is only 45 minutes. I have time to eat and that's it. 

This doesn't just happen in luteal either. My first week i went back I was so drained and i developed a sickness (?) except i wasn't actually sick. My throat hurt really bad and all i could do was sleep in a completely dark room with no sound for four days straight. My meds stopped working too. So basically it takes the same amount of time I worked for me to recover from work. 

I don't know what's happening and I feel like I'm dying. i can't do anything. my doctor refuses to test me for anything because she probably thinks I'm a hypochondriac. Whatever, i guess it's on her and the several other medical professionals who wont listen to me if it ends up being something serious. She literally told me that she wouldn't get my hormones tested because it's ""not what my psychiatrist recommended for PMDD in her report."" She insists that everything is fine because my ferritin, vitamins, and blood sugar came back normal during a test I did in October. Refuses a sleep study as well because ""they take too long to get an appointment."" But maybe she's right. Maybe this is psychosomatic and I'm just a baby for not being able to tolerate adulthood. 

Yes, i am eating fine, i am exercising 4x a week (even though that makes me more tired but whatever), yes I take vitamins, yes I am relaxing... all i can fucking do is relax. 

  
My body physically won't let me work anymore. It doesn't matter how much I enjoy the job or how easy it is on paper, it always leads me to feeling like this. It's Saturday now, still no period but i feel a bit better even though I still have a headache. Go figure. ",199,36,cant function,2,Personal PMDD Narratives & Life Decisions,0.9693,1,1,0,0
0ecbc94ec9a1,PMDD,"I study mental disorders and want to talk about some comorbidities to PMDD that you might be attributing to PMDD itself, when really it is making these symptoms worse.","I've spent like 4 hours composing this post, but if I can help one person realize that they need a diagnosis I will be so happy and it will have been more than worth it, so let me know if you think you do! Most of this has actually been learned in school so I don't have a lot of sources for you.

Disclaimer: I absolutely cannot diagnose you. I have just boiled down some common symptoms into relatable things. If you think a lot of these symptoms are a little too relatable, I would reccomend looking further on the internet for reliable sources and considering if looking for a diagnosis is the right path for you to take.

It can help a lot because ADHD can be medicated, and contrary to popular belief, you can also be medicated for symptoms of ASD to make them better and easier to handle.

Hopefully this helps someone reading this! I see a lot of people talking about symptoms they attribute to solely PMDD, but the truth is, many of them can be symptoms of ADHD and ASD too. Comorbidity rates are incredibly high for the disorders I'm going to talk about!

First off, 92% people with uteruses with ASD have PMDD. Yes. You read that right. 46% with ADHD also have PMDD, and about 30% of those with ADHD also have ASD last I checked, so they often go hand in hand.
Source:
https://www.google.com/amp/s/www.additudemag.com/pmdd-autism-adhd/amp/

This list of things is something that I've come up with between personal experience, class, friends who have these disorders, content creators who talk about their disorders and common experiences, and referencing the DSM-5. 

I both study and have ADHD specifically and study ASD a little too and here are some things I'd like to point out:

-being on your period can exacerbate ADHD symptoms but given that you would probably attribute these symptoms to PMDD if you didn't know ADHD symptoms, and some similarities between symptoms of the disorders, PMDD can serve to mask ADHD too.
-There is a known documented causation that PMDD can make ADHD symptoms much much worse, and can cause excessive senory overload with ASD. You may not even notice sensory overload and attribute the feelings you're having to just general PMDD issues or other things when you're feeling better/not being destroyed by PMDD.
-people with ADHD, or ASD for that matter often don't realize their symptoms are as impactful as they are. When someone has ADHD and goes on medication this becomes super evident and many people wonder how they didn't previously realize- it's usually because a person has lived with these symptoms their whole life and has nothing to compare it to because they can't experience what is going on in other people's brains.

It's probably worth looking into ADHD and ASD symptoms and seeing if you think they fit you before you go get assessed just because some random redditor said so. It can be very expensive with a lengthy waitlist. Do make sure though that you experience symptoms on the days you're doing well too. They will likely be *much* less prominent. For someone 17+ it takes 5 or more DSM-5 diagnostic critera on either hyperactive/impulsive presentation or inattentive presentation, or 5 or more on both for combined, just so you are aware of whether or not you will receive a diagnosis before you drop that much money on an assessment.

I have known about my ADHD longer than the possibility of myself having PMDD and haven't researched PMDD as much. I likely also have ASD, but assessments are expensive and a lot of discrimination in areas I'd like to get into in life exists. For me it is moving to a different country. If you work a job that requires you to disclose medical information and have ASD, this *could* impact you, although it's legally not supposed to. There are also jobs that won't take people who have ADHD, such as air traffic controllers. Would reccomend looking at your field before you go get a diagnosis and weighing your options.

I do know that PMDD can make ADHD medications less effective during periods for some people, but that they can also help a lot for others and definitely for the portion of the month where you're feeling okay if you do have ADHD. Getting diagnosed with ADHD if you have it and finding a medication that works for you can help significantly with emotional dysregulation but is not guaranteed to. It can also change your whole life for the better.

Here are some things to look out for when it comes to the possibility of having ADHD:

First off, I cannot diagnose but would definitely reccomend you look further into your symptoms before you go get assessed because it is costly.

Keep in mind at least some of your symptoms will be present constantly, but will likely be *heavily* worsened when dealing with PMDD symptoms. Also keep in mind that many of these things are also PMDD symptoms but can happen to everyone now and again, but if you notice that these are things you regularly do/have happen to you, you may want to consider further looking into it. Some of these symptoms may even dissappear when things are getting nasty, ie. You may be too exhausted to be fidgety.

Now these are not official DSM critera, but I broke them down to be more relatable and added some things people often experience that aren't in the diagnostic critera. Another dislaimer: do not use this to diagnose yourself. I've tried to make these common symptoms more relatable. Obviously everyone will relate to some of these but if you relate to all of them, please look into some more official information.

**signs you may have ADHD:**

-you've just skipped through this post looking for relevant information without reading the whole thing- and you do that a lot

-low grades despite trying hard or a sudden drop in grades around the time menstruation begins. I'm not sure if it's been studied, but theoretically, they could also probably present at the start of PMDD if that wasn't right when you hit puberty. Hormone fluctuations upon reaching puberty or even menopause have been shown to have the possibility of exacerbating ADHD symptoms beyond being pretty undetectable.

-having conversations where your brain just... goes elsewhere else for a minute and you have no idea what the person in front of you has just said

-vocal stims. This is where you may sing a lot or talk to yourself more than you think other people do. These are often repetitive. Singing the same bit of a song every once in a while, having similar conversations with someone in your head, saying the same phrase, or making the same noise a lot are some examples. It is satisfying a need for stimulation but may not neccesarily feel like it.

-feeling restless when you have to sit still or feeling like you have to move. The knee bounce, fidgeting with your hands or a pen or whatever items you have around, skin picking disorder, being hyperactive as a child, or feeling the need to be constantly moving part of your body at times. Fidgeting may help you focus.

-cutting people off in conversation by accident or having trouble/feeling restless waiting your turn for something 

-hyperfixations! This can be anything: from working on projects, to writing papers, to researching things heavily, to videogames, to hobbies you have a hard time dropping when you need to do something else, to social media, to TV shows, to texting someone wayyyy too much. They can be as short as a few hours to as long as years. You may not realize or forget you need to drink water, eat, or go to the bathroom for hours and suddenly realize you *really* need to do those things, regularly lose track of time to an extreme extent (like oh my god I've been here for 4 hours and haven't even noticed?), keep coming back to that hobby when you can't really do anything else with it at the moment (for example if you are doing something with epoxy and it needs to dry for 24 hours, but at 8 hours you've already walked up to it 6 times and just stared at it thinking, ""what else can I do here?"", genuinely thinking about steps you could take later or right now, feeling like you didn't really get anything done, then going back and doing it again later). As a child this may have annoyed people. For example, I had a classmate blow up on me because I was so excited my birthday was coming up and kept telling everyone exactly when it was.

-moving through work really fast and making errors that others might not make. Alternatively, it taking a long time to get through work no matter how hard you try to focus.

-forgetting to do things you've been tasked with. You may or may not suddenly remember when someone asks you again about it. People often feel really guilty about this even though it continues to happen no matter how hard they try.

-not starting things until the last minute, which may result in sub-par quality work. Things that need to be heavily organized with many different points feel incredibly daunting and you often don't know how to start them.

-having a hard time being able to read books or focus when long-term attention is required.

-disorganized or messy and it is often almost painful to try to organize. Things tend to revert to disorganized or messy at some point when you manage to clean them up.

-ADHD paralysis. This is when you think ""okay I need to stop doing this thing/do this other thing now/after I finish this"" and end up continuing doing what you're doing for 2 more hours. It may also manifest if you are literally staring at the task you need to do, for example, if you need to sweep, your brain may be flooded overwhelmingly with all the other tasks you need to do. If there are some things on the floor to pick up first, you may look at them, then look back at the broom and feel like you have to sweep *now* but there is something in the way so you just keep staring at the broom for a while and become overwhelmed, until you either just manage to do what you need to, often in the wrong order (ie. Start sweeping and picking those things up as you go), or get distracted.

-surfaces in your house are covered with stuff constantly. You may intend to have a table cleared off, but after you manage to do it, things start to pile up again. 

-you have a much stronger ability to improvise and do things on the fly than most people.

-you may have incredible problem solving skills and feel like you can think outside the box more than others

-you might either not spend enough time sticking with trying to accomplish something or spend way more time than most people

-you can multitask very well

-often you cannot concentrate, but sometimes you can concentrate *too much* compared to others

-you often get yourself involved in projects, thinking you can finishing them, but once you are committed, or a while into working on them, you realize you don't have the capacity.

-you feel like you have 2 modes: very high energy and very low energy. Sometimes at the same time.

-you can pull through and accomplish things other people can't handle putting so much time or effort into

-you talk excessively to the point others may not have as much of a chance to speak as much, and you often don't realize until after the fact.

-you make connections between things that other people don't immediately make. For example, your uncle might tell you about how his favorite yoga ball popped, you might think of a time you were hanging out with him and a bunch of bees swarmed the yoga ball and then moved onto sitting on the flowerbed on his deck and start talking about the flowerbed. To your uncle, the topic of conversation has changed out of the blue, but to you, it is connected. 

-even if you got good sleep, you feel like you're going to fall asleep and can barely keep your head up and may not be able to sleep

-you lose stuff. Consistently. Not just the ""oop well that thing is lost forever"" kind of losing things. Spending 10 minutes looking for your keys like once a week would also put you here.

-people get annoyed with you easily

-you are not well emotionally regulated outside of PMDD symptoms. This is called RSD or rejection sensitive dysphoria. Things that would make you cry one day may make you feel nothing another. You may end up thinking about an interaction you had all day or even weeks or months in the future and are still just as bothered by that interaction. These are interactions like if someone says hi on the sidewalk coming from the other direction, but their tone is slightly off, or if you think someone was mildly bothered by something you did, the emotions you feel about that reaction are strong and carry on being strong as you think about it in the future. A good example of this in childhood is if you were a good kid who never got in trouble and one day you had to have your status changed on the disciplinary system (ie. The card system, where your card gets changed from a green card to a yellow card), and you felt sick about it, thought about it all day, or even cried.

-you have developed ""systems"" to avoid these things, such as having one spot you force yourself to put your keys in, having a whiteboard with chore lists, not allowing anything to be left on surfaces as soon as you stand up, creating outlines for projects that others don't seem to have to, having to download apps to keep social media time down, or even buying a set of tiles that beep when you hit a button on a remote to help you find your keys/wallet/purse. While some people who don't have ADHD may use these, if you're creating a lot of systems and still dont feel like youre functioning up to par, you may want to look further into it. 

**I highly reccomend the ADHD episode of the podcast ologies linked below because it provides more relatable and useful rather than diagnostic information so that you have a clearer view of your symptoms and a few things I've said here I actually learned there.** The absolute top researcher on ADHD in the world is being interviewed and he has a lot of useful info to share!

Ologies podcast:
https://www.alieward.com/ologies/adhd

ADHD and ASD have some pretty opposite symptoms, but some are similar. Overstimulation stemming from ASD will likely become worse with PMDD periods, but as a whole the disorder, and not as many studies have been done on this as far as I'm aware.

**here are some things to look for when it comes to ASD:**

-It feels weird to maintain eye contact or you have to calculate how much eye contact to make. People may tell you you make too much or too little eye contact.

-you spent a lot of time as a child observing others behaviors to copy them because you felt something about you was different and wanted to be socially acceptable by copying those behaviors. This is called masking and it is a way many people hide their symptoms. It also results in the diagnosis being missed and seems to be more common in AFAB people

-people often look at you funny when you think what you've said is perfectly normal

-people think you're weird or quirky

-special interests. These are not the same as hyperfixations but can overlap a bit if you also have ADHD. These are often research interests or hobbies you spend a lot of time on. If you went through childhood researching sharks to the extent that you had an answer for any shark question someone asked, it could be considered a special interest. You may even have a bunch of shark decor in your room.

-you feel like your emotional reactions or the way you express them are not proportional to others. You may get really really excited and feel or express a lot of joy when something happens that other people don't really care that much about, like if you buy a cool pencil cup and are really excited to tell everyone about your cool pencil cup, but nobody seems that excited, and they may even seem to wonder why you're so excited, or the opposite, where something big happens and you are not feeling strong emotions that everyone else is, like if your friend beats cancer and everyone else in the room just found out and they're cheering and hollering and jumping around, and you just smile and think about how great it is. 

-comfort item. For me it is my hat. Items like a cup, a blanket, a toy, always seeming to be something you can carry around with you. You feel better touching that item or even having  that item in your pocket.

-you think some social conventions are weird and unnecessary or just plain stupid, taking up time and energy that could be used doing something else other than risking offending someone.

-you have accidentally offended people, and often can't figure out why, figure it out later, or have to be told.

-Stims. This refers to repetitive movements that make you feel more comfortable, especially when you're uncomfortable. Hand flapping and rocking back and forth aren't the only stims. You could use a fidget toy here. This is different from ADHD fidgeting in that it is a repetitive movement.

-you may feel the need to eat the same food a lot. This could be part of a routine, like two slices of toast with peanut butter every morning, or it could be a food you eat very often and feel comfortable with, called a safe food. When you have low energy or are feeling negative things you may default to this safe food. I know so many people whose safe food is mac and cheese. Some people may even eat the same breakfast, lunch, and dinner every day.

-you have a lot of anxiety about what people think of you and how mantaining social niceties.

-people sometimes do not understand what you mean or misunderstand you and vice versa- you may not understand what someone means or misunderstand them.

-you have a hard time holding conversations, especially with new people, and may get anxiety about it, often making it worse. You may have no idea what to start talking about. 

-youve been told or realize that someone has been trying to give you a social cue for a while. You may even realize later on in thinking about it. This could be that they have been alluding to wanting to go somewhere else for half an hour and you have apperently been oblivious

-disorganized spaces may bother you, and if you have ADHD too, this... really sucks. 

-certain noises or other stimuli such as anything visual/bright, touch, or even smell can bother you a lot or even make you angry, especially if noises are repetitive and visual things, smell, and touch are intense or a lot. You may feel like you want to hit or break things, scream, cry, or even just lock yourself in a room, even if you do not do these things. It may just feel overwhelming. You probably will not like people touching you at this point and everything will feel like too much. When you're feeling this and you go in a different room and put some headphones on, maybe with music, or maybe just to block sound and/or sit in the dark 

-you feel you are more picky about food texture and taste and may even refuse to eat things that are certain textures

-you have routines and begin to feel strong negative emotions when for whatever reason you cannot stick with them. This can be your whole routine that you do every single day (wake up, bathroom, brush teeth, eat, work out, shower, and in that order, and similar things throughout the day) and are distressed when you don't have a chance to. This can be the order of how you get ready in the morning, or that you have to have headphones in, your hat on, and a water bottle with you whenever you sit down at a desk to do some work (this one is mine!). These can sometimes be flexible in when you do them, but you often feel distracted and uncomfortable, or even like your day is ruined if you cannot do these things. Another example from my life, is that I step outside to vape(yeah i know im cutting back), and every time I do, I have to drink water and go to the bathroom if I have to go at all afterwards. These may be shorter, smaller bits of routine especially if you also have ADHD.

-like routines, you often have to do things in the same way every time. 

Well, I can't think of anything else right now, but if you think I've gotten something wrong or want me to add something, let me know!

Also- if anyone has any questions, one of my current hyperfixations *is* ADHD itself and has been for a little while, so there's a good chance I have an answer for you. I might have answers about ASD too.",288,193,cant function,2,Personal PMDD Narratives & Life Decisions,0.9992,1,1,1,1
2fdca06b1a98,PMDD,"with every cycle, I never realize how hard things actually were during luteal until I get that post-period clarity","anyone else relate? I get super down on myself during luteal for not being able to do anything I normally do.

My brain fog is so bad that I literally become stupid. I locked my keys in my car by accident a few days ago during luteal ffs! The fatigue is debilitating as well and I cannot function at all. Its impossible to do my hobbies, i can’t go to work because my brain doesn’t work and I’m falling asleep at my desk, i cant do homework, im extremely depressed, none of my medication works, i can’t barely drive due to the fatigue, etc etc. 

But then my period starts and all of a sudden life becomes so easy. The homework that I was trying to do the entire week prior while battling debilitating fatigue all of a sudden seems really easy, and i can get through the entire thing in one night. i can make decisions, i can actually focus, i can communicate properly, i can function as an adult in society.

for a week and a half. And then it starts all over again. ",157,22,cant function,1,"Cognitive Symptoms: Brain Fog, Fatigue & Dissociation",-0.2581,1,0,0,0
05616d80fd64,PMDD,Hypersexuality before period,"It's not just an increase in sex drive. It's debilitating. I can't function and I can't think straight and it drives me crazy. Makes me want to rip out my sex organs to make it stop. Then after my period, I'm back to baseline.

Who else relates to this? I only ever hear about people NOT relating to this and having the opposite problem.

What do you do to manage it?",152,66,cant function,2,Personal PMDD Narratives & Life Decisions,-0.8397,0,0,0,0
53091d06e868,PMDD,Why Stress Hits Harder With PMDD: HPA-Axis Dysregulation Overview,"Hi all - if you've been in the sub long enough, you know that I like to periodically delve into the research and give an overview of recent findings and what they might mean for PMDD and the larger umbrella of Menstrual-Related Affective Disorders. A few months ago, I mentioned research on HPA-axis dysregulation and wanted to delve a bit deeper into it, as it connects to a different area of research I plan to write a second post about. If you're new, well, these tend to be long, so brace yourself. 

\---

The HPA-axis is one of many axes that exist in the body that have a key role in your health and, in particular, the health of those with PMDD or other neuropsych disorders. It stands for the hypothalamus (part of your brain), pituitary (part of your brain), and adrenal glands (endocrine glands that sit on top of your kidneys). Together, these 3 areas help activate your stress response system by releasing hormones, including cortisol. Cortisol itself is not a bad thing; it is what wakes you up in the morning or gives you that momentary burst of oomph when you might need it. But like most things in life, too much of anything can make it a bad thing.

Over the last decade, multiple studies and reviews have examined stress-system function in PMDD, showing differences in cortisol responses, daily stress rhythms, and stress sensitivity in a subset of patients. Studies of late have built upon earlier findings about the stress patterns in those with PMDD, and current research demonstrates that those with PMDD can have HPA-axis dysregulation, but it's not required to have PMDD. Based on current studies that look at symptom patterns, you can begin to think of this like a menu with options that are available a la carte or as an add-on:

* PMDD
* PMDD + HPA dysregulation
* PMDD + PME of an underlying disorder
* PMDD + PME of an underlying disorder + HPA-axis dysregulation
* PME of an underlying disorder + HPA-axis dysregulation
* PME of HPA-axis dysregulation (yep, HPA-axis can have its own pattern of luteal phase worsening)

*These are not formal diagnoses; they are just a useful way to think about overlapping patterns that can coexist.*

HPA-axis alterations are documented in those with depression, PTSD, anxiety disorders, ADHD, early-life stress exposure, chronic illness, caregiver stress, and burnout. 

In some people with PMDD, their HPA-axis does not respond to stress the way it should in the luteal phase. Studies show that cortisol responses to stress can be lower than expected. One way to think about this is like getting slammed at work on the busiest day of the year, but to add insult to injury, someone fucked up scheduling, and you're trying to do it all with a skeleton crew.

There is no medication specifically approved to treat HPA-axis dysregulation. Studies looking at luteal-phase SSRI treatment show that while symptoms often improve, stress-system markers like cortisol do not always normalize. The good news is that your brain is designed to self-correct and reach homeostasis when given the right environment, which is why lifestyle changes still matter for many people.

Instead of using a vague reference like 'lifestyle changes will improve your mental health.' Hopefully, the below explains why each of these improves your brain health and, therefore, improves your symptoms.

**Exercise:** BDNF (brain-derived neurotrophic factor) is a protein the brain produces that supports ongoing maintenance and repair of itself. One of the most reliable ways to stimulate BDNF production is regular aerobic exercise, particularly sustained moderate-intensity activity, i.e., 20–45 minutes per day in the zone 2 heart rate range. Higher-intensity bouts can sometimes produce larger acute BDNF spikes, but they are harder to sustain and may increase cortisol levels, which can be unhelpful if your HPA axis is already in a delicate state. Walking is one of the most effective ways to achieve zone 2 and stimulate BDNF production. (BDNF will help the HPA-axis, but not the root cause of PMDD.)

**Diet:** Neuroscientists often refer to the gut as the “second brain” because it does far more than digest food. The gut has its own extensive nervous system and continuously communicates with the rest of the body, particularly the brain, through bidirectional signaling that largely occurs via the vagus nerve, a major communication highway.

You have probably heard that \~85 percent of the body’s serotonin is produced in the gut. That statistic is accurate, but the interpretation is often misunderstood. Serotonin produced in the gut does not travel into the brain and become brain serotonin. Instead, gut-derived serotonin acts as a signaling molecule, influencing the nervous system and modulating how the brain regulates its own serotonin systems.

When you consume a Standard American Diet high in ultra-processed foods and low in fiber, this communication can become distorted. Signals sent from the gut to the brain become weaker, noisier, or maladaptive, contributing to changes in mood, stress regulation, and cognitive function.

The Mediterranean and MIND diets (omnivore, vegetarian, or vegan option) have been demonstrated in numerous studies to improve 'mental health'. They work because they transform the gut from a barren wasteland where only a few microbes can survive and communicate with the brain into a flourishing, happy garden populated with all the bits needed to send clear, consistent messages to the nervous system. These diets aren't just about the vitamins and nutrients they provide; they literally reshape your gut landscape.

*Note: Neither of these diets focuses on restricting calorie intake; they are about composition.*

**Caffeine consumption:** The way caffeine works is by binding to adenosine receptors and blocking them. Adenosine is one of the signals your brain uses to build sleep pressure over the course of the day. When caffeine occupies those receptors, your 'it's time to wind down” signal is delayed, so the brain stays in a more awake, daytime state longer than it otherwise would. But caffeine also stimulates the HPA axis, increasing circulating cortisol levels.

Because of this, both the amount of caffeine and the timing of consumption matter. Higher or later doses can interfere with the gradual shutdown process that normally unfolds over many hours before sleep. 

For people who are sensitive to stress, anxiety, or sleep disruption, limiting caffeine intake and consuming it earlier in the day can give the HPA axis more opportunity to settle into a rest-and-recovery mode later on. For some, that may mean limiting caffeine to the morning hours and reducing your intake. *I am personally so sensitive to caffeine that I have to limit myself to 1 cup before 10 am, or I am a mess for 2-3 days.*

**Good sleep habits**: Your brain likes schedules. Aim for the same bedtime each night, the same awake time each morning. Ditch the screens an hour before bedtime because the blue light they emit is interpreted by your brain as a 'stay awake' signal. Dim the lights in your house. This is a good time to do rhythmic hobbies like knitting, physical book reading, and non-difficult puzzles. Soothe your brain, don't stimulate it.

**Stress Reduction:** Control what you can, when you can. Some things are beyond our control; utilize therapy to help you manage the ones you can't remove or dial down.

\_\_\_

Tackling lifestyle changes can seem impossible when you are in luteal hell. On my worst days, when I was contemplating driving my car into a tree, if you had told me to eat more vegetables or go for a walk, I probably would have lost my shit or spiraled further, feeling like a failure for not having it all together. This post is not a value judgement; do what you can from where you are. I know firsthand that these are often more feasible to start and maintain once you find a medication that works. 

**Sources:** 

Ajna Hamidovic, John Davis, Fatimata Soumare, Blunted Cortisol Response to Acute Psychosocial Stress in Women With Premenstrual Dysphoric Disorder, *International Journal of Neuropsychopharmacology*, Volume 27, Issue 3, March 2024, pyae015, [https://doi.org/10.1093/ijnp/pyae015](https://doi.org/10.1093/ijnp/pyae015)

Stetler, Cinnamon PhD; Miller, Gregory E. PhD. Depression and Hypothalamic-Pituitary-Adrenal Activation: A Quantitative Summary of Four Decades of Research. Psychosomatic Medicine 73(2):p 114-126, February 2011. | DOI: 10.1097/PSY.0b013e31820ad12b

Ellen E. Lee, Lynnette K. Nieman, Pedro E. Martinez, Veronica L. Harsh, David R. Rubinow, Peter J. Schmidt, ACTH and Cortisol Response to Dex/CRH Testing in Women with and without Premenstrual Dysphoria during GnRH Agonist-Induced Hypogonadism and Ovarian Steroid Replacement, *The Journal of Clinical Endocrinology &amp; Metabolism*, Volume 97, Issue 6, 1 June 2012, Pages 1887–1896, [https://doi.org/10.1210/jc.2011-3451](https://doi.org/10.1210/jc.2011-3451)

Huang, Y., Zhou, R., Wu, M., Wang, Q., &amp; Zhao, Y. (2015). Premenstrual syndrome is associated with blunted cortisol reactivity to the TSST. *Stress*, *18*(2), 160–168. [https://doi.org/10.3109/10253890.2014.999234](https://doi.org/10.3109/10253890.2014.999234)

Barone JC, Ho A, Osborne LM, Eisenlohr-Moul TA, Morrow AL, Payne JL, et al. Luteal phase sertraline treatment of premenstrual dysphoric disorder (PMDD): effects on markers of hypothalamic pituitary adrenal (HPA) axis activation and inflammation. *Psychoneuroendocrinology*. 2024;169:107145. doi:10.1016/j.psyneuen.2024.107145.",273,19,cant function,2,Personal PMDD Narratives & Life Decisions,-0.9919,1,1,1,0
e5be1ca7a099,PMDD,Rant: I hate it. I just can't function.,"I feel like a failure. I always gets so hopeless and everything seems so bland. I know this isn't how I normally act, this isn't me, but it's ruining the good things. I have a hard time keeping a steady job and I tend to be more impulsive when I'm like this. I give up when I'm like this and then when I feel better I have to pick up the broken pieces that I've left behind. My PMDD makes me completely different person. I isolate myself and ruin relationships, I get frustrated over the smallest things and I get overwhelmed at the drop of a pen. I'm behind in school, I feel lonely surrounded by people, and I can't get used to this happening every month. I feel so helpless and hopeless.

My periods used to be irregular and I could handle being knocked down just to get back up but they're balancing out and I can't do this every month. I haven't even recovered completely from last month. I feel like I'm going crazy half of the time, this isn't living. I don't want to have to lock myself up for 2 weeks every month to protect myself and others.

Binge-eating, low self-esteem, anxiety, tritchotillomainia, isolation/lonliness, depression, headaches, lack of motivation, suicidal tendencies, ect.

Do I really want to deal with that shit every month? How does anyone? I know it'll go away, but I know damn well it'll come back. I don't know. Honestly, it's the loneliness that gets me the most. I don't really know how describe it. I can hold someone I love and desperately cling to them to feel whole again, but it just feels like my void grows larger. I long for closeness and companionship even more- despite having it right there. The more I try to get it, the less I feel I have it, the lonelier I feel. It makes all the other symptoms more intense.

I used to be against medication for myself. I had a bad experience and a long history of medication in my family. But I'm desperate. I'm starting with birthcontrol and I'm willing to switch or step it up a notch if it can lead to the possibility of, at least, a somewhat stable future.

Thanks for reading, best of luck with your PMDD experiences.",7,3,cant function,2,Personal PMDD Narratives & Life Decisions,-0.9906,1,0,1,0
364ece9dc179,PMDD,Get your Parathyroid Checked Out.,"After suffering for ten years with symptoms that would worsen 3-7 days before my period and then still be horrible during and for a week afterwards. I've found the cause - hypoparathyroidism. 

 my symptoms have always been consistent. 
severe cognitive dysfunction, brain fog, emotional instability, severe exercise and cold intolerance, dry eyes and skin, fine hair, hoarse voice, heart palpitations/heart feeling weak/heavy. Everytime they checked my thyroid. it all looked normal. 

Anyways, just wanted to share this with anyone else who have severe symptoms worsened in response to their period and have all the emotional and cognitive dysfunction that made me initially suspect PMDD. 

Your calcium absorption and PTH drops during the early follicular and late luteal. Calcium isn't just for your bones. its needed for cognitive function as well. 

So get your parathyroid checked with ionized calcium. Hypoparathyroidism can mimic adhd, pmdd, bipolar disorder..etc. Make sure to get your PTH with ionized calcium and phosphorus checked. PTH alone cant diagnose it. Best to do it when you experience the symptoms usually during the early follicular and late luteal. 

after 10 years if my symtoms have been solved with with 1 calcium citrate and vitamin D supplement. Just insane

https://pmc.ncbi.nlm.nih.gov/articles/PMC4190593/#:~:text=men%20is%20%3C430ms.-,Discussion,with%20a%20primary%20mental%20disorder.

",66,28,cant function,2,Personal PMDD Narratives & Life Decisions,-0.9507,1,1,0,0
ab6060db02b6,PMDD,Anyone else here with adhd and/or autism who feels their executive function go down to basically -1000 during hell week?,"This happens to me (audhd) every month and I'm always like ""what?? Why can't I do literally anything??"" And then I realize what week it is 🙃 

anyway getting out of bed yesterday was fucking impossible. Not neccesarily because of being sad, but because of being stuck",352,63,cant function,2,Personal PMDD Narratives & Life Decisions,-0.7622,0,0,0,0
41f92bc497b2,PMDD,Legit question don't hate me,"Why is there such a reluctance for so many people to try bc or antidepressants? Don't get me wrong. I tried to think I didn't need antidepressants for 2 years before I finally realized I wasn't stable without them. I had to literally destroy my life to be convinced i needed them. My reasoning is that if you have a disorder or disease or whatever, your body isn't functioning in the way its ""supposed"" to. That's why you take meds? I get there's ways to aid this process with supplements or diet but in my experience that ends up being like 10% where the drugs are like 70%. Is it along the same line as antivax? I just always think about how just like 80 years ago I would have been thrown in an asylum and my prefrontal cortex would have been poked. Like I'll take whatever in order to keep my job and have money to eat. What's the reluctance exactly?

Edit: I'm so grateful for the thoughtful responses!

I realized without context this comes off as judgemental. Since 16 I've most likely had PMDD. 31 now. Have ptsd, mdd, gad, pcos, endo. Narrowly avoided hospitalization in 2021 fir SI. Have been on maybe 6 BCs and tried 7 or so antidepressants. I am SO lucky to have the VA. It took a lot of trust to try all of these meds and it did NOT go well. BUT for now between yaz, wellbutrin, vit d, fish oil, prebiotic every morning, zoloft at night I've finally been stable for about a year. For me the combo of all the consistencies- estrogen, progestin, seratonin, dopamine and norepinephrine. I'm trying TMS next week and taking 12 weeks off work for it.
*Only a few acknowledged what I now realize was the point of my post- It surprised and scared me to see all of the posts about the negatives of meds when I first joined this group 2 years ago. I know it's people sharing their experiences. And I know from experience you often don't get relief and side effects BLOW. To each their own.
It's SO ironic that there can be a perceived negative response to both taking meds and not taking meds. 

Side note. Anyone know of any study or group that is compiling data on pmdd? I feel like if we're going to find a solution we can't trust pharmaceutical companies or research scientists to do it for us. Bc. Sexism. Racism. Ableism. Capitalism. All the fucking isms! Would anyone be interested in this? If yes just comment yes and maybe I'll see if this is allowed? Questions like age of onset. Symptoms. Experience with meds. Experience with Healthcare providers. Which BCs and their components.",54,187,cant function,2,Personal PMDD Narratives & Life Decisions,0.9828,1,1,1,0
44fa2f8acd27,PMDD,Why didn't I try this sooner?,"The other day I made a post about being upset with my husband when I returned from a 5 day trip to visit a friend. The house was messy, nothing crazy, but I had high expectations that it'd be spotless when I came home. Clutter/mess is my biggest PMDD trigger, stemming from childhood trauma.

Two days after this incident, I started intermittent Prozac at 10mg. Within an hour, I felt level and like my normal self. I was able to see my husband's situation - he started a new job while I was away, and meeting new people and getting to learn the lay of the land was overwhelming for him and he's never great about cleaning anyways. The house was not as bad as I made it out to be. I immediately forgave him and have been feeling good for the past 3 days.

I am having some internal tremor sort of feelings, but I can't directly attribute that as a Prozac side effect just yet. I took a steroid nasal spray for two years and have been trying to ""recover"" for about a year. Apparently it can mess with your HPA axis and take 1-2 years to reset. (Look it up!) So sometimes I do have weeks where I feel kind of shaky and don't sleep well. If it stops when I stop the Prozac when I get my period, I'll have to mention that to my doctor to see if that's a concern or worth switching pills or doing full-time vs intermittent.

I have tried everything that I can ""naturally."" I've always had a good diet, and had been mostly vegetarian with occasional fish for about 5 years (made the PMDD much worse) before switching back to omnivore about a year ago. I exercise, and have tried low-impact options like walking and yoga as well as weight lifting (up to 15 lb dumbbells). I've tried supplements like Vitex, ashwagandha, evening primrose oil, probiotics, mushrooms (reishi, chaga, etc), turmeric, calcium, zinc, vitamin D and magnesium. I've given up caffeine and alcohol. I spent time in prayer and meditation.

Finally, I started doing some research on SSRIs, since that is the recommended treatment option. I was nervous about side effects including long term effects, as I had heard that could increase risk of dementia later in life. I didn't want to deal with weight gain or nausea, or sexual side effects since I already have a really low drive. But then I bit the bullet. I accepted that I do have a mental health condition. **It's not just me not trying hard enough.** My brain doesn't function the way it should. Medication helps it work correctly. If I had any other mental health condition, I'd be taking meds. Why was this so hard to accept?

Granted, I'm three days in. Things could change tomorrow or next month. I'm so optimistic though and so glad I tried it. I hope things continue to improve.",94,41,cant function,2,Personal PMDD Narratives & Life Decisions,0.9894,1,1,1,0
2e80d334057a,PMDD,Bereavement plus PMDD is a nightmare,"\[TW\] Suicide, bereavement

Just venting really.

I lost my girlfriend to suicide 25 days ago and boy is my lack of functioning making PMDD even rougher than usual. I never realised how much exercise and diet was helping to even get me 5-10% better every month. This month I haven't been functioning, my emotions have been all over the place and I was already half ready to go and join her. Then PMDD has hit and I don't feel strong enough to cope with any of it.

I got myself signed off work for a few weeks so I have literally nothing that needs my attention while I try to ride this out. The irony of feeling grief-mad at her for making the decision that lead to this pain while I simultaneously consider the same thing because I can't cope with that amount of pain is not lost on me.

I have PTSD, I've had psychosis, but I think PMDD + sudden bereavement is genuinely the worst thing I've ever gone through mentally. Has anyone else survived this?",45,14,cant function,2,Personal PMDD Narratives & Life Decisions,-0.8421,1,1,1,0
5937fafcc384,PMDD,Workout consistency,"I have recently been disgnosed with PMDD. They've tried me on progesterone and SSRIs... everyone who has been there dont that knows the know with meds I guess. Currently not on anything because I go day 1-16ish feeling normal, on a high, working out most days, good routine, meal prep, schedule on point and everything is running smoothly, telling myself I feel good so I'll be fine pmdd has probably left the building. I hit day 17 and my life falls apart and I can barely function. I try to get up and go to the gym but I make it to the couch and after a second cup of coffee, I'll start getting ready for work instead. I can't sleep properly, think properly, anxiety runs wild and I spend 10 days with my head under a dark heavy cloud and my heart in my throat. Progesterone made me depressed, SSRIs make me feel sick. 

How does anyone work out during those last 10 days. I know that it will help me and light exercise 3 x a week has been good for a lot but what gets you out of bed and once you're out of bed what gets one foot in front of the ither? I tried giving up sugar for this month to see if that would help with inflammation and again did well for the first half of my cycle but this past week... not so much. I have gained like 15kgs since the crashes started and am finding it so frustrating that I am a functioning human for 2 weeks out of every month. My friends don't understand, they think it is overrated PMS and the rest have left and all have said its because I don't show up anymore - which is true. 

Any tips would be appreciated... if anyone has managed to come up with something anyway. I'm at such a loss ",12,14,cant function,2,Personal PMDD Narratives & Life Decisions,0.9842,1,1,1,0
f1d50f8b3d4d,PMDD,"girl, it’s so confusing sometimes to be a pmdd-er","title is a charli reference…dont come for me. ANYWAY started a birth control for my PMDD/flow and basically with my gene mutation it’s rly small what I can try, Tried a progesterone only, to help with my flow. Took it for 4 days and felt so weird stopped it. I am now in the depths of fucking hell. I have an appointment to add an SSRI to help on friday. BUT I don’t understand, I stopped birth control and last week was AMAZING, I did end up spotting/bleeding but I could workout function…now I can barely sit at my desk. I am grasping for myself to wake up but I cant it’s so depressing. Does anyone have any tips, anything? I am 11 days from my normal cycle so it makes sense and lines up. I am praying to the SSRI GODS that something will help me. sorry this such word vomit.",339,20,cant function,2,Personal PMDD Narratives & Life Decisions,0.3503,1,1,1,0
48ab22b1454b,PMDD,I genuinely think PMDD makes me stupid.,"I just feel so brain foggy this go-round. I’ve also been abnormally tired, hopeless, raging, all the things. I usually have some of that, but in general my  PMDD has very manageable. It hasn’t been like this since middle school when I was first diagnosed. On top of all that, I literally just feel like an idiot this go-round. Like I can't function. It makes me a horrible driver. It’s just so much. ",47,12,cant function,2,Personal PMDD Narratives & Life Decisions,-0.6808,1,0,0,0
463a1fae562b,PMDD,day 35 and I've completely devolved,"haven't showered or brushed my teeth. stuck in bed. heavy body. cramps. can't think straight. depressed. no joy. hopelessness. executive function? whats that? mind spiraling about how I'm getting older and how I'm going to continue managing this condition. right now I am self employed, but what would I do if I wasn't? I've been horizontal for days. haven't uttered words to another her human being except for the random people who pet my dog while we walk. feeling incredible loneliness. texted my ex. bloated. anyone completely devolve in luteal? this is as bad as it's been in a while for me. ",27,9,cant function,2,Personal PMDD Narratives & Life Decisions,-0.8741,1,1,0,0
757c7c714739,PMDD,[TW brief mention of trauma] Anyone else feel like they weren't supposed to be born female?,"(repost cause I forgot the read the rules toggle)

It's not that I'm trans, I do NOT want to be a man. But I genuinely feel like I'm not supposed to have a female reproductive system. It feels like I'm being punished for just existing. Every time I think I fixed one symptom a new one pops up. I wish I was born male, I know I would be a trans woman if I was. I'm seriously so fucking done with being cis female. Not to mention the disgust I have for my genitals from trauma and being asexual. Why can't I just be built like an actual doll with nothing down there. If I wasn't so scared of surgery I would get all my reproductive organs scooped out.

PMDD feels like having a chest burster alien every month I'm fucking tired of it. It makes me genuinely hate my body. Everyone always says love your body because it's working as it's supposed to and keeping you functioning but it's literally not, it's tearing me apart from the inside out and sending me into sever depressive episodes every month. Yes, I'm on antidepressants, and yes I'm on hormonal birth control (drospirenone ethinyl estradiol) and I'm STILL GETTING MY FUCKING PERIOD. Hormonal birth control solution MY ASS. It just extended my period to a heavy flow for two fucking weeks. Which has happened on every single hormonal birth control I tried. I'm so fucking done with everything. Every time I'm on my period I wet the bed and apparently that's from the hormones fluctuating, fucking humiliating. It's been like that my entire life since I got my first period.",53,17,cant function,2,Personal PMDD Narratives & Life Decisions,0.3824,0,1,1,0
46f3b48f3a72,PMDD,My mother found my remedies (I am taking the prescription secretly),"My mother was rummaging through her bag, she found the medicine, and it was pretty obvious what it was. She started talking to me about hormones, about taking my credit card (I kind of understand (because she's the one paying), about how it has side effects, that I'm taking it without a prescription, I didn't tell her, etc. I'm a virgin.

I'll be 20 in a few months. My family is evangelical, so I never had a good sex education, or really understood my body. Unfortunately, I had to learn almost everything online, which sucks. 

She started talking about how she would have to increase the dose later, about breast cancer, how I did it without telling her and broke her trust, etc. She said she'll be okay if she knows I'm with God, no matter where I am, and then she talked about making mistakes when she was young and wanting to have Jesus. My loving aunt She said I was wasting money on useless things, about how she and my mother had PMS and endured it. That I just have to pray, read the Bible, ask to be healed, drink tea, take vitamins, and exercise. 

I hate it when people compare PMDD to normal PMS. I cry about everything, it makes me think horrible things, get depressed, furious, have almost no self-control, and when I get really anxious, I even see shadows in that time of the month. 

Since last year I've been to two gynecologists. I don't think they know the term, but they prescribed medication for me. One prescribed antidepressants and the other birth control pills. I tried vitamins and other things, but it didn't help. After getting the prescription, I waited a while because I didn't want to burden my mother financially, but after I felt the urge, I talked and begged for one of the medications, but she wouldn't listen and only talk about tea, prayers and alternatives ways. While I was crying and visibly upset. 

So I couldn't take it anymore and bought the antidepressant and pop (it helped a little, but I think I'll have to switch to the antidepressant), because she didn't buy any. I know I should have my own money, but I wanted at least some help. I was going to try the military, but they don't allow antidepressants, and I know that when PMDD hits they'll put me on ""unfit"". 

I feel kind of hurt because she talked about not trusting me, but she didn't help with my medication, and I had asked repeatedly before, pointing to the prescription and talking how awful I was feeling and it was doing to me. She also forgot to buy the antibiotic that the gynecologist prescribed, and I feel kind of guilty because I think about her stress and the money. I managed to wait a month, but then I realized we forgot.🥲 (It kinda burns and hurts sometimes, but it is kinda rare now. But still sucks)

It makes me so angry when she complains about hormones, PMS medication, etc. My 11-year-old brother was prescribed testosterone once, and the following month they were already giving him the expensive medication without any hesitation. But I can't get the same treatment to just have a good emotional?

I was also recently diagnosed with ADHD, and even though I tried my best on my tests, I all scored low on attention. The psychologist herself, when presenting the results to them, said that I should see a psychiatrist, a neurologist and a gynecologist, and an endocrinologist (because of PMDD). To this day I haven't spoken to her about the diagnosis or about those appointments, because I'm afraid of hurting her feelings, or about the money again. 

I also hate how they talked about ""me having to help my mother"" and ""things being difficult."" For God's sake, I bought medication to be minimally functional. And if they talk so much about helping, why don't they argue with my father who hasn't worked for 10 years? My mother is carrying everything alone. I don't know how he doesn't study for a test or sell sweets. 

I was never a problem child, nor did I ever date, run away from home, or watch porn. 

I have a lubricant that I hide (I'm open to suggestions on where to hide it!), because I wanted to use a menstrual cup or tampon, but it hurt to insert, so I bought it to help and get the area used to it while I try with the fingers. Seriously, the thing isn't even used yet, but if she find out, it would be another nightmare.

I wonder what she must be thinking. Does she think I'm not a virgin anymore?! Or is she thinking something like ""you're not my little girl anymore,"" or something else? I'm glad she doesn't know I'm blossoming. I'm only now starting to understand my desires, feelings, and fantasies (which are quite a few, by the way 😭). I hope she never finds out). 

She said she's too tired to talk to me today, and will talk tomorrow. She looks really serious and upset 😭",25,8,cant function,2,Personal PMDD Narratives & Life Decisions,-0.9945,1,1,1,0
7d2a8ad1c320,PMDD,Do you sometimes wonder how some women do it all?,"How do they have a successful full-time job, a family, a husband, they look good, they're in a good mood, they're smart and bright and sharp.

Like how are they so accomplished? With my life circumstances throughout my life I did the best that I could and I can't see how I could possibly be in a place they are. 

It's like they're so unfazed by hormones. Honestly, maybe they have gone through less traumatic stuff in their life? Not to downplay anyone's struggle but I feel like half of my life has been trauma and the other half has been processing that trauma. There were good times too but then take into account how luteal phase drives me into the ground every month for two weeks.

I feel like I've been robbed of certain level of stability in my life. I didn't have the chance to live life like others my age because I was dealing with stuff way beyond my age. And that shows especially during luteal phase when I need someone to lean on the most. It all becomes very clear to me - the loneliness and pain that I've witnessed, all of that. It's like I can feel the pain of the world. How do you then go out and function normally?

And this just happens during luteal. During follicular I feel ready to tackle all the unfinished business in my life. Well part of it because there is *a lot* of it.
I admire those women who have it all and at the same time I don't understand where they're coming from that all of this is possible for them. I don't understand what's the core difference between them and me because I'm hella hardworking too and I can be smart too. It's deeper than that I believe.",171,90,cant function,0,Luteal Phase Decision-Making: Advice & Warnings,0.9809,1,0,1,0
ded3fa6899e3,PMDD,pmdd + autism or underlying ocd?,"a big struggle of mine is ruminating intrusive thoughts. i was diagnosed with autism at 2 and am now a high functioning teen. never before the lead up to my pmdd diagnosis did i have such sticky thoughts. some days i feel like im driving myself absolutely mental—like my mind is a labyrinth i can't escape. no matter how hard i try to escape a thought loop it lingers in the back of my head like a gas leak.

the reason why i suspect ocd is not only because the thoughts stick, but because i need to do a compulsion in order to get rid of the obsession. for example, a lingering thought self harm disappears for quite a while if i act on it. as you can imagine this is quite awful during luteal when im already actively scared of myself.

my therapist describes these as ""ocd-like thought loops"" and i know my autism plays a part in the whole obsessive thinking aspect, but with all of that along with some other unrelated behaviours of mine (fear of contamination/losing control, other unwanted thoughts, ridiculous anxiety/superstition, repetition/checking) sometimes i wonder.

maybe im reading too much into things??",2,4,cant function,2,Personal PMDD Narratives & Life Decisions,-0.982,1,1,1,0
3add302dd488,PMDD,"y'all. how do you manage to go to the gym, work an 8hr shift, and do school work all in the same day?","unfortunately this is my life rn until i can finish up the last few classes I have and graduate. The semester has only just started and i'm already doing awful on my homework due to a bad PMDD/depression episode. I'm currently on vyvanse (20mg for the last month, just started 30mg today and feel good. its also ovulation day as well for me so that may be contributing lol).

What's weird is now that i'm on the vyvanse i feel like my pmdd is worse. I'm now suicidal the few days leading up to ovulation day, in conjunction with all the bad stuff that comes with luteal. I noticed that i have always had this dip in my mood around day 10 of my hormonal cycle, but now i feel like it's more severe.

Anyways, I was successfully able to maintain living this way for like 2 years while NOT on meds because my adhd was undiagnosed. But of course that led to burnout where I wanted to die and had to go on sick leave from my job (which i'm still on right now- don't know when i'm ready to reutrn, or if I even can). Now I need meds just to maintain this level of functioning. Doesn't help that they're making me not sleep well either, and when they're ineffective during my luteal phase, I literally can't even get out of bed to do any of these things at all.

I'm looking for tips or personal anecdotes for anyone who has had to do this. I'm lucky that the gym is enjoyable for me but I don't know if I can last any longer trying to juggle all this, even with meds.",11,14,cant function,2,Personal PMDD Narratives & Life Decisions,-0.6595,1,0,1,0
8f8487bc9b0d,PMDD,zoloft alternatives,"I cant do it anymore folks. I have a really bad jaw issue that i swear makes the pmdd worse. the other issue is that Zoloft the one thing that kind of helps me with pmdd makes the jaw thing so bad that I literally cannot take it. anything else that works? Im open to alt stuff as well. I have found not drinking (easier said than done) and extremely consistent diet, exercise, sleep to help the most (also easier said than done). my symptoms get really bad in colder darker months too. just looking for anything else I can take that would function similar to zoloft in luteal.",2,18,cant function,2,Personal PMDD Narratives & Life Decisions,-0.8599,1,1,1,0
26b2cbd8403d,PMDD,weirdest reason you realize you’re in luteal??? i’ll go first,"my brain can lie to me and swear that THIS time, THIS month a given issue is as bad as the hormone monster makes it out to be. but! i have a few things that, once i’m anxious about any of them, i know it’s just the luteal phase again. 

here’s my list

- white-hot road rage: on non-luteal days i might get a little miffed by traffic. during luteal??? everyone is out to get me in particular &amp; cutting me off on purpose. 
- crying over my cat that died in 2023: i think about &amp; miss him often!!!! crying over it??? only during luteal. 
- feeling like i want to remove my skin and/or being hyper-aware that my body is a sentient meat sack. i’m not sure how else to describe this one. you’re either with me or against me. 
- getting homesick: i haven’t lived at my parents’ house since 2018 but once a month every month i wanna run away to there. i own a home in my desired city with my amazing boyfriend. but despite that once a month i get struck with the homesickness i previously only felt during undergrad. 

BONUS: luteal phase also makes my hyperhydrosis act up so all of this is happening while i’m drenched in sweat. 

Okay please help me not feel so alone. What’s your clue that it’s all part of the unfortunate routine?",159,98,luteal,0,Luteal Phase Decision-Making: Advice & Warnings,-0.9657,1,1,0,1
7b65a73969f7,PMDD,"OMG, I just got the most calm and short luteal phase ever (dropping the tips)","My dear fellow sisters, 

I just got the best luteal phase ever. 

It was short \~4-5 days. I slept well and so calm. Here is what I did right: 

1. Swap my Americano with a matcha+ coconut drink. The L-theanine in the matcha has a calming effect. Coconut water is perfect for hydration and mood balance (potassium) 

2. I drink ginger tea/oregano tea + honey every night before bed. Both oregano and ginger were used by ancient cultures to regulate periods. Make our uterus more settled and support blood flow. 

3. I blocked all moonlight + light when I slept. This sounds crazy but I noticed the effect of the full moon on my sleep and mood. Turn out I am not the only one. There are studies about people who have more insomnia and are more likely to be committed to asylums during a full moon.  Lunar = lunatic. 

4. I soaked my feed in hot water + salt before bedtime. Learned this from my mum. You can chill down and do some reading while soaking your feet. 

5. Keep the room temperature cool 

6. And the most powerful recipe: I cook a seaweed miso soup+shrimp and tofu. Seaweed contains a lot of magnesium. This is a superfood for mood balancing. 

7. I gave up pork. It has an inflammatory effect and can increase your cortisol level

8. Cut down screen time. Turn your phone into black and white. Do not use your phone when you are digesting or tired. You will be more likely to doomscroll.

9. I wear sunnies to block out the night light and stimulation. Read about how women are sensitive to artificial lights.

10. I walked a lot and this was not easy but I realize if you talk to Chat GPT on voice mode. It is very fun.

11. The intrusive thoughts have been very tough for me. I have several strategies to cope. But the one you can steal right now is to pray. Even if you are not religious, say something like ""I invite peace and protection, I am loved, etc""

12. Do not freak out if you have a bad night's sleep. Talk to yourself like you would a baby. Be the gentle parent/lover you want for yourself. 

Ok, all of this sounds like a lot. I know. I am very lucky to live in an affordable place for healthy food. But try to incorporate one thing at a time when you can. I also buy things in bulk to save. 

 I wish you lots of love and a calming luteal!





",476,90,luteal,0,Luteal Phase Decision-Making: Advice & Warnings,0.9954,1,1,1,0
a4327db99ed2,PMDD,Luteal vs follicular,"I've always felt the difference, but I wanted to 
document it this past cycle. Both taken in the morning and on an empty stomach.

(For context: diagnosed with PMDD since 2009; this has been a topic of conversation with MDs for a while; and hormone levels are normal) ",2043,186,luteal,0,Luteal Phase Decision-Making: Advice & Warnings,-0.296,1,1,0,0
67b95f3a96bc,PMDD,How's everyone else's luteal Monday?,^ Literally me at work rn.,906,203,luteal,0,Luteal Phase Decision-Making: Advice & Warnings,0.0,1,0,0,0
52592a75a660,PMDD,i drew my luteal demon,,1583,73,luteal,0,Luteal Phase Decision-Making: Advice & Warnings,0.0,1,0,0,0
dc769ad65827,PMDD,Follicular vs luteal,"Taken same time of day, two weeks apart. ",1854,190,luteal,0,Luteal Phase Decision-Making: Advice & Warnings,0.0,1,0,0,0
26ec286c407c,PMDD,"Honestly, I just allow myself to rot during luteal and normalize not feeling guilty or bad about it. It’s an excuse to treat yourself extra kindly. You deserve it. This point of acceptance has been such a game changer with my pmdd.",,1118,101,luteal,0,Luteal Phase Decision-Making: Advice & Warnings,0.8901,1,0,0,0
9555b71fe312,PMDD,Why is luteal so lonnnnng?,,1065,48,luteal,0,Luteal Phase Decision-Making: Advice & Warnings,0.0,1,0,0,0
853c23661611,PMDD,I wonder how many women in jail have pmdd and did something during luteal,I can’t help but think about it. When I have pmdd rage I can’t think straight. My anger totally takes over. And I just wonder sometimes.. ,833,128,luteal,2,Personal PMDD Narratives & Life Decisions,-0.8294,1,0,0,0
387d27aea5d9,PMDD,Made a list of all the intrusive thoughts i’ve had today whilst in the luteal phase !!,Every single month,1197,245,luteal,0,Luteal Phase Decision-Making: Advice & Warnings,0.0,1,0,0,0
269546b3285a,PMDD,Does anyone almost get divorced every month during luteal?,"I go from being obsessed to literally everything my spouse does is wrong. I become obsessively hyperfixated on everything he does wrong, body language everything. And every month it’s getting worse.",366,140,luteal,0,Luteal Phase Decision-Making: Advice & Warnings,-0.886,1,0,1,0
2d6f192e8e7c,PMDD,Don't make decisions in luteal lol,"Friendly reminder to not make any major life decisions while in luteal. I've quit jobs, made appointments to see plastic surgeons, contemplated leaving my partner, the list goes on. 

Every questionable decision ive made can be followed back to a PMDD episode 😭",606,91,luteal,0,Luteal Phase Decision-Making: Advice & Warnings,0.1779,1,0,0,1
cac7e28577c1,PMDD,anyone else having a luteal christmas?,"if so, i’m sending you a massive hug &amp; rotisserie chicken. this is the worst.  ",377,109,luteal,0,Luteal Phase Decision-Making: Advice & Warnings,-0.25,1,0,0,0
90b277ce6af7,PMDD,Can you guess which page was colored in follicular and which was done during luteal?,(impossible challenge),1257,52,luteal,0,Luteal Phase Decision-Making: Advice & Warnings,0.0772,1,0,0,0
01cb9e69964c,PMDD,I wonder how many women with pmdd have actually killed themselves during luteal,"My thoughts are usually the worst then and then my period/ovulation arrives and i'm like OH THAT'S WHY I WAS SO MORBIDLY DEPRESSED AND WANTED TO END MYSELF lmao. It's actually incredibly sad because it's like all those feelings weren't real and just a typical case of female hysteria and that feels so incredibly invalidating. I'm always fully aware whenever i'm in these states and have these thoughts but it just feels so incredibly real and convincing it's really hard to brush it off as just pmdd, sometimes when i forget to track my period i seem to have forgotten all about it until my period arrives which is honestly so dangerous lmao because i could've actually gone through with it. It's really worrying. Every other woman who goes through this i see you.. 

Edit: Seeing all these stories made me sob actually (also my period lol). We are all wariors and i see, hear and love you🫶🏻 I hope we all one day get justice for this suffering because we deserve peace and love the WHOLE month. 

2nd edit: if somebody knows the cure PLEASE help. Idk what to do. I already tried anticonception and didnt work. Im going to the doctor again next week",392,125,luteal,2,Personal PMDD Narratives & Life Decisions,0.9774,1,0,0,1
0f73c71b8a02,PMDD,Time change + luteal = please put me out of my misery,,603,35,luteal,0,Luteal Phase Decision-Making: Advice & Warnings,-0.34,1,0,0,0
eaeafba21233,PMDD,Tell me you’re in your luteal phase w/o telling me,"BF didn’t ask for this (and he’s fantastic w my pds) but like I said, sorry not sorry. Nah. This sucks. ",564,74,luteal,0,Luteal Phase Decision-Making: Advice & Warnings,0.3873,1,0,0,0
fe01a6748943,PMDD,"Why do you guys think the ""I wanna leave my SO"" thing happens during luteal?","Like, what's the self sabotage really about?? 

How do you keep it in check and remind yourself that you do not want to implode your life despite the crappy thoughts that arise?

",211,129,luteal,0,Luteal Phase Decision-Making: Advice & Warnings,0.374,1,0,0,0
71bca078b039,PMDD,Entering the new year in my Luteal phase,Sending everyone love entering the new year in dark times. Not feeling the best today.,1333,59,luteal,0,Luteal Phase Decision-Making: Advice & Warnings,0.1184,1,0,0,0
0a00a276b738,PMDD,Is it unreasonable to expect my Partner with PMDD to make it up to me when she's no longer in the Luteal phase?,"
My GF and I have been together 5 years. We're going through a rough patch. 

I'm hoping for some perspective from other people with pmdd?

I'll spare venting all my frustrations, but my main issue is that she never apologizes. We had a fight during her Luteal phase a little over a week ago, which led to me pointing out that she's never apologized to me in our 5 years together. not once. not for anything. She apologized then, but it had to be dragged out of her. 

I understand that she needs to isolate during certain times. But we live an hour apart and see each other 2-3 times/month at best. It's not like she doesn't have space. 

I also understand that it can be difficult to regulate your emotions and your actions with pmdd. but she can be really hurtful, and by not apologizing, she's essentially saying it's acceptable to be hurtful, even if I did nothing wrong. 

I hate to treat a relationship in such transactional terms, but anytime I've done or said something that was hurtful, even if unintentional, I have always apologized and at least attempted to make up for it somehow. To me, it's not about the gesture itself, but the effort behind it. 

I don't hold it against her when she acts mean because of pmdd, but I do take it personally when she does nothing about it when she is no longer experiencing the symptoms that make her act that way. Part of me thinks that she should be making more effort to ""make it up to me"" somehow during times that she isn't having difficulty regulating. Instead she just pretends like nothing happened. It's like she treats pmdd like a separate person that takes the blame for all of her behavior, and that she is completely absolved of any personal responsibility herself.

I feel guilty as I write this because it feels like I'm keeping score. I don't have any expectations as far as what making it up to me would like, but I think it's reasonable to at least expect an attempt. 


Am I being unreasonable in thinking this? 


edit: I appreciate everyone's comments. I want to clarify that I'm not a fan of the phrase, ""make it up to me."" I don't like keeping score in a relationship or treating a relationship like it's transactional. 

I use this phrase for the lack of a better one to express my point of view. I say it this way because I have always felt a responsibility to at least try to make up for my behavior when it's appropriate. sometimes that means simply saying I was wrong and I'm sorry, sometimes it looks like flowers or some small gift to show that I'm not just saying it but also making an effort to show I'm sorry, and sometimes it looks like me actively trying to alter my behavior moving forward or correcting a mistake I made.",57,112,luteal,2,Personal PMDD Narratives & Life Decisions,0.9146,1,0,0,0
f684c79e1fff,PMDD,Full moon+luteal,"I’m an angry, bloated bottomless pit rn. Thoughts and prayers for anyone in the thick of luteal during a full moon. ",828,57,luteal,0,Luteal Phase Decision-Making: Advice & Warnings,-0.5106,1,0,0,0
2204d03649fe,PMDD,what’s your funniest tell-tale sign that you’re in luteal?,"mine is wanting to be on reddit LOL. i know if im thinking “man i should see what reddit says”, im 100% in luteal. not that im not on it outside of luteal, there’s just this like primal yearning for the internet that happens that immediately confirms the beginning of hell week and so far it’s the most reliable indicator for me lmao 

making this post to scratch that itch but also out of curiosity! ",206,231,luteal,0,Luteal Phase Decision-Making: Advice & Warnings,0.6519,1,0,0,0
5174e2b4d60c,PMDD,Acute Luteal for Valentine's Weekend? In for a penny in for a pound let's fkn gooooooo. (Memes),"crashouts this week so far : six! a new record! 

Peri is just so goddamn joyful, full of fckin whiskey and really let's you get in touch with your feminine side !

because I'm pretty damn convinced the most feminine experience is violent, consuming, unapologetic, vulgar rage. 

let's fuckin gooooo. ",510,36,luteal,2,Personal PMDD Narratives & Life Decisions,-0.7175,1,0,0,0
0cfc88990941,PMDD,This is what my luteal phase feels like in a loving lesbian relationship,,1025,24,luteal,0,Luteal Phase Decision-Making: Advice & Warnings,0.7506,1,0,0,0
7d871d4f85e8,PMDD,Driving during luteal ,Who’s car is this lol ,1741,42,luteal,0,Luteal Phase Decision-Making: Advice & Warnings,0.5023,1,0,0,0
0e540ff644e1,pms,"Wanting to divorce, cheat, escalate, making drastic decisions","This week I've been having some very negative thoughts, resenting my friends and family, all I could see were just their weaknesses and how stupid they are. Last night, for the many times when I'm PMSing, I talked about the idea of open relationship, better than divorce, wanting to cheat, just all the crazy ideas that is out of my character.

How do I get out from this cycle?

I just found this subreddit, had a quick browse and it's quite comforting to find that I'm not alone at this.",16,11,decision,2,Personal PMDD Narratives & Life Decisions,-0.8757,1,0,0,0
5489100accef,pms,"I always make dumb decisions in my pms time. And when I did it, I always regret it immediately… someone else?",,14,4,decision,2,Personal PMDD Narratives & Life Decisions,-0.7269,0,0,0,0
4b0c880dccc6,pms,I dumbscroll so bad that now I'm depressed,"This usually happens when I'm premenstrual. I try to avoid myself by watching movies,series, reading, scrolling, anything that I can actually. Now there are some decisions to be made and I'm sad, really sad. 
Being sleeping bad this week, working late hours, not studying as I should, drinking a little, etc. I have a horrible acne breakout, feeling bloated, irritated and all that we know that happens with pms...

Nothing also to add, just wanted to tell someone about it :(",7,3,decision,2,Personal PMDD Narratives & Life Decisions,-0.9816,1,0,0,0
63b65b8e50c7,pms,How to not crave to act on impulsive thoughts?,"Everytime I get my period I make an irational decision I regret later , I've sabotaged so many relationships with real good people because of this and the problem is , I do understand I shouldn't make this decision because of my period but I still crave to act impulsively on my emotions just to get a temporary relief.

So please any advice on how to avoid this , because I truly can not presume my life with regret before, during and after period . I just wish to think clear , make a decision I'm 100% sure I wanna make , it's like I'm living in this constant state of doubt whether I should do this or not.",8,10,decision,2,Personal PMDD Narratives & Life Decisions,0.9391,0,0,1,0
6a630c310ca7,pms,I hate how people underestimate our feelings,"As soon as you tell people about the symptoms we face during period and how it significantly impact our lives and decisions they attend to believe that all the thoughts we think and all the feelings we feel are nothing but hormonal imbalance and period.

It means nothing to the point they don't even ask ""why?"" they just say ""it's period"" , yes , period and hormonal imbalance could be a cause but it doesn't mean that our feelings aren't real or have a real impact , in fact it's one of the most things that impact our reality and lives.

I just hate that the most hurtful feelings and thoughts , the reason of so many terrible decisions in my life will be neglected , forgotten and considered nothing but ""period"" .",10,1,decision,2,Personal PMDD Narratives & Life Decisions,-0.972,1,0,0,0
c24555ac7f3c,pms,PLEASE give me any tips on how to control symptoms,"My mood is affected, dips in motivation and energy to do the things I'd normally want to do. Entering a state of apathy even, doubting myself and questioning the plans and decisions I've made.

Physically feeling tired all the time, affecting exercise routines, sleep routines, recovery time, strength training. It causes me to not be active for 2 weeks and just negates the 2 weeks progress I've done prior.

  
This feels so unfair, I don't understand, when I push myself I get sick. Please let me know what I can do, I want to be able to continue my normal routines without being affected or even just affected less by these. Please, I know this will go away later, but I know it will come back again, so for next time, please share anything.",11,7,decision,2,Personal PMDD Narratives & Life Decisions,0.6446,1,1,1,0
af3153cb9e58,pms,How are you coming to terms with what having a period means in regards to work?,"
In my 20s I was too busy having fun to notice my periods. I was always of the idea that besides the occasional premenstrual mood swing I was fine. And I was lucky to not even have painful periods. 

So I never educated myself about my period. There was nothing to educate on because I knew everything there is to know. You bleed out of your vagina for around 5 days a month, you can choose between pads and tampons. And if you want your lover to love you forever, put a little bit of your period blood in his coffee and he will never leave you! 

I choose tampons because I hated that my period smelled like a fish market at 4pm. 

Somewhere around the year 2010something, I heated about toxic shock syndrome and yes it left me in shock 1 out of 20,000 women! That’s a super high number! 

I’m not scared of dying and I don’t think anything bad will happen to me, but let’s just say I was very happy when the menstrual cup was invented. I told everyone I knew and their boyfriends about it. Everyone had to spread the gospel so that every girl knows that menstrual cups exist. 

After about a year of trying really hard to make it work, I had to give in and give up because getting a yeast infection every other month is no joke. 

Around the same time I read Alessa Vittis woman code. Not for myself of course, but for my other female friends who have hormonal issues and painful periods. 

I was into TCM already at the time, and the idea of eating to support female health sounded great. Even tough I didn’t understand what this thing about good for women was that they were talking about.

I was completely clueless about how different our hormones make us in every possible way. 

Only on the last 2 years did I become increasingly interested in female hormones and how it impacts us in the way we live our lives.

As my pms symptoms increased and slowly started making me feel like I was crazy half the month.. I slowly discovered the terms PMDD, Adhd, and autism.. turns out if you’re a female with either of them there’s a 50% chance you also have the other..

So let’s just say things got very interesting at that point, and I finally had an explanation for literally everything that was not working in my life: my obsession with having a big desk and a comfortable chair, my struggle to finish projects, my general struggles with work and consistency and productivity in general.

Why couldn’t I just get disciplined in the way the men writing books about it are telling me  it’s supposed to be done in? 

Just do a little bit every day. Consistency compounds. Yes, ok I get it. But on some days it just won’t do. 

Now that I’ve read a lot of counter literature to the male claims for solving productivity the every 15 min I get a release of testosterone flooding my body way; I structure my weeks very differently.

I schedule my period and the luteal phase in my calendar. I put up reminders in my calendar that I am not being myself while I’m waiting for my period.

It is not the time to try to problem solve the world.. it’s the time to retreat. So I say no to all socialising on those 2 days. I know I need to be quiet, and introspective..

Now that I have started wanting to live my life in sync with my natural cycles, each time I think of the work place options for this kind of lifestyle I get angry. So angry that it makes me want to go and make it my life’s work to provide women with 1 week off during her period.

When I first heard about Spain giving women some days off for their periods, no questions asked, I was shocked that it never even crossed my mind that that would be a possibility.

I still don’t see why asking for 1 week off to actually be the way that nature designed me to be is too much, and why it is unlikely to happen as a female president in the US…

So, as we know capitalism is unsustainable and so is the very nature of work. I am personally absolutely determined to scale my own business to the point of getting out of the structure of employment on a 5 days a work 8 hours a day type of model. 

I would love to hear what you all think about this and where you are in your own journey of coming to terms with what having a period and menopause eventually means in regards to work. 

I’m sorry this got so long, I got high and took a bath to ease my PMS restlessness and then felt inspired to write about my anger and passion towards getting women adequate lives that don’t make us miserable or sick or both. 

💗",13,24,decision,2,Personal PMDD Narratives & Life Decisions,0.9891,1,0,1,1
1bf85f33f077,pms,PMS and ADHD,"Anyone make any stupid, rash decisions with this lethal combo? I accepted a job one month, then declined it the next. ",5,4,decision,2,Personal PMDD Narratives & Life Decisions,-0.6124,0,0,0,0
9cd3de8e5d0e,pms,Is it ok just to skip workouts a few days before your period?,"Hello all. 
I'm two days away from my period and I'm exhausted, achey body, cramps and back pain. PMS is beating me up. 

Once my period comes, I'm right as rain physically and mentally, and can lift heavy and hiit train again. 

I presume it's absolutely fine to just rest and taking 2/3 days off, and it won't impact my hard work?

I see tons of stuff online from women who just say to force yourself to do it, but I think if I do that right now, I might just end up curled up in a ball and crying! 

",3,7,decision,2,Personal PMDD Narratives & Life Decisions,-0.813,1,1,0,0
8f28df901651,pms,Pms vent/rant because I can’t deal,"I want to eat everything in sight, yet I don’t really feel all that hungry. I’m bloated. I feel like I look like a completely different person. My boobs are bigger (I have small ones so it’s noticeable) and even my thighs look bigger. My FACE looks puffy. I am insanely irritable and filled with rage. Literally everything makes me mad. I feel content one second and like my life is falling apart the next. My normally clear skin is breaking out so badly. I’m crying over the stupidest stuff. I’m either super constipated or having diarrhea. I have gas pains, and a day or two before my period I actually get regular cramps too. I’m even getting mad at my cats, my loved ones :( I don’t have any energy. I keep falling asleep for the night without getting ready for bed. Going to work feels impossible. I want to quit my job because I feel like I deserve better, and then I convince myself I need to stay at my job forever because I’ll never be good at anything else. No one will ever love me. I’m going to be alone forever. I’m stupid, I’m ugly, I don’t have any friends. And this lasts for over a week!!! It’s never been this bad.",14,7,decision,2,Personal PMDD Narratives & Life Decisions,-0.9507,1,0,1,0
471c4e2f9d92,pms,Do you struggle with mental health + your cycle? Can I chat with you for a research project?,"Hi all,

I've navigated PMDD for years and am hoping to better understand how women are currently managing their symptoms, resources they've used, medications/therapy approaches, etc. My mood swings have prevented me from performing well at work, affected my relationship with myself and contributed to poor decisions that affect other aspects of my health, and I know I'm not alone.

I'm conducting research to try to inform a new women's health startup that focuses on PMDD / mental health related symptoms to your cycle. Our chat will be completely anonymous, you don't have to share any personal information and can be done over a phone call. **Will send a $15 giftcard/venmo as a thank you for engaging in the research.**

If you are interested in participating, you can [fill out this short form here](https://docs.google.com/forms/d/e/1FAIpQLSfpl1KhdbicL2CLo9Nsm5jhsg54kUN9ugshPuJlM2qoORPBQw/viewform) and schedule time with me directly to chat. **All of your information will be kept private and I will not collect any identifying information**. 

Thank you!! ",7,9,decision,2,Personal PMDD Narratives & Life Decisions,0.8956,1,1,0,0
c1bbce92d274,pms,"Built an evidence-based lifestyle course for hormonal health, looking for feedback","Hi all! I've lurked on this community for a while given my mood swings and journey navigating undiagnosed PCOS. I've always been looking for an educational program vetted by research/physicians, and decided to just make my own with the help of physicians and healthcare experts. 

I'm hoping to get some feedback on the course before I launch it to broader audiences and was looking for a few beta testers on this sub. As a beta tester, you get access to the content and a personalized care plan **for free,** and can ask your questions directly to board certified endocrinologists and health coaches. 

My hope is that this course helps to fill the massive gap in research-backed lifestyle guidance for better hormonal health and empowers women to make the best decisions for their unique health needs. 

If you're interested in joining as a beta tester, I would be so appreciative, you can fill out this form [here](https://airtable.com/appLKivO1UBZ9Hd3P/shrvVp5hs3p2k44Ss). All of your information will be kept confidential, and you're able to give feedback anonymously as well if you do not want to provide your Name or other identifying info. 

&amp;#x200B;

Link to sign up: [https://airtable.com/appLKivO1UBZ9Hd3P/shrvVp5hs3p2k44Ss](https://airtable.com/appLKivO1UBZ9Hd3P/shrvVp5hs3p2k44Ss)

&amp;#x200B;",1,0,decision,2,Personal PMDD Narratives & Life Decisions,0.9862,1,0,1,0
00d5ff3bffad,pms,Physical pain,"I have it all before my period. Anxiety, depression, lack of motivation, inability to make decisions and the list goes on. As I get older (42), even ovulation gives me just as bad of symptoms. 

What is especially bad though is my physical pain. I literally feel like I’m dying for one or two days about a week before my period. I get pains all over my body, arm numbness, flank pain, chest pain, I feel like I’m going to stroke out some days.

I know this all sounds extreme and that I should be sitting in an ER right now but I’ve taken all tests (negative) and the pattern I’ve noticed is that it’s mainly during pms. Then just like everything else it all goes away for two weeks. 

Anyone else get extreme body pain? Is this an extreme example of hormone imbalance? Can hormone imbalance even cause symptoms like these?",7,6,decision,2,Personal PMDD Narratives & Life Decisions,-0.962,1,1,0,0
0ddedbc0d46d,pms,I've been mad of different people since last night,"It's that time of the month. But this is just ridiculous. I've been having rage about different people constantly and non-stop since last night. HELP

:( I've just delete all my social media software at the moment until I calm down, I guess",7,2,decision,2,Personal PMDD Narratives & Life Decisions,-0.8225,1,0,0,0
40d83ed598c6,pms,Pms makes me think not clearly?,"So I have a huge decision to make (leave the city I love for my studies or stay but maybe miss the opportunity of a really interesting diploma).
And since Im on my pms, I noticed every time I think about it, it smothers me to the point Im on a verge of having panic attacks. 

Did you ever experience situations where your pms made you think completely irrationnaly?",11,7,decision,2,Personal PMDD Narratives & Life Decisions,-0.6369,0,0,0,0
60dea5047be0,pms,i feel line i have better control over my pms the older i get,"Ok let me explain. 
My first boyfriend when I was 17 poor guy, i broke up with him once a month... First i never understood why, then i got it. Now I'm 24 and after all the wird shit i decided to do during my pms. I now have more control over my decision making and in general more manageable even if I'm very pisst most of the time. 

I have one roles,NEVER MAKE DECISIONS DURING THAT WEEK!!!",15,3,decision,2,Personal PMDD Narratives & Life Decisions,-0.7412,0,0,0,0
8533288caf03,pms,"If you feel like you're a completely different person around your period, please read about PMDD and talk to a doctor about it.","I see a lot of posts about feeling depressed around your period. I've dealt with that shit since my first period when I was 11. I remember reading about PMDD when I was 18 (I'm 28 now) but I was too scared to say anything about it. I tried to handle it on my own but when you're too depressed to even brush your teeth for half the month, how are you supposed to care enough to take a supplement or exercise? My entire adult life has been 2 steps forward, one step back with every decision I make because I can't function for half the month to make concrete changes in my life.

Anyway, I finally brought it up with a doctor and I have zoloft to start with this cycle (starting Wednesday ish, yay!). 

YOU DON'T HAVE TO DEAL WITH THIS ALONE. You're not crazy or faking depression for only feeling depressed half the month. You deserve to feel good for your entire life and not let stupid hormones control you. You're not weak for asking for help.",45,7,decision,2,Personal PMDD Narratives & Life Decisions,0.8016,1,1,0,0
c85bb47612da,pms,The Impact of Hormonal Contraception on Women’s Wellbeing (NEED DEPO-PROVERA/CONTRACEPTIVE INJECTION USERS),"Hi to all my lovely ladies (over 16), 

As some of you may have already seen, I am currently conducting a study (run through the School of Psychology at the University of New England) that aims to assist women in making informed decisions about what hormonal contraceptive best suits their needs and generates the least amount of side effects possible.

Your responses have been amazing and I can already say we have some excellent data. However, we need more **contraceptive injection users/ Depo-Provera/ depo-shot users** to complete the survey to be able to make any valid insights on this form of hormonal contraception. So, if you are currently using this form of hormonal contraception it would be much appreciated if you completed the survey (linked below and posted on my page). Moreover, if you know anyone using the contraceptive injection you are more than welcome to share the survey link with them :). 

Please remember that participation is voluntary and involves completing an anonymous online questionnaire, which will take you about 15 to 20 minutes. You can contact me, Jaya Tait, via [jtait9@myune.edu.au](mailto:jtait9@myune.edu.au), or my supervisor, Dr. Liz Temple, via [etemple3@une.edu.au](mailto:etemple3@une.edu.au) if you have any questions. This project has been approved by the Human Research Ethics Committee of the University of New England (Approval No: HE22-039, Valid to 3/11/2022).

To participate and aid women of the future, or learn more about the study, please click here: [https://unesurveys.au1.qualtrics.com/jfe/form/SV\_3R8UuVoU3Ur1QRo](https://unesurveys.au1.qualtrics.com/jfe/form/SV_3R8UuVoU3Ur1QRo)",6,1,decision,2,Personal PMDD Narratives & Life Decisions,0.987,0,0,1,0
ef220d6d47e8,pms,Rocd and pms.,"
Hello, my rocd start because I was curious about others and I was with him when I was 18 and after 5 years I get curious about others and then I start doubting.
After that my rocd starts.
After a time it looks like that I had pms because the doubts get worse at my cycle.
Butt I did’t understad it is it because of my pms or that I was curious about others? 
I don’t know if I explain it good butt it’s a little confusing for me.
Like can it be from pms if my rocd starts like this?",0,1,decision,2,Personal PMDD Narratives & Life Decisions,0.8102,1,0,0,0
b43267f4a036,pms,Deal with your PMS,"1.Do the housework to make your living environment clean and tidy. You don’t need to rush ,just slow movement .when you tired ,drink water. 
2.Don’t set a goal in this period.  Just relax and have a rest for your worst days ( for me only three days ) 
3. Avoid to stay in a place or surrounding which makes you angry or depressed. 
4. Stay away from the people who have strong negative influence on you this period. The friends always share you with their bad news and story. What ever ,friends ,parents ,relatives ,any negative words will easily trigger your emotions. 
5. Give your kids Tv or iPad, so they will not disturb you. You can relax and have fun by your self. 
6. I try to have vitamins B complex and calming medicine in one week before the period to ensure sleep hours. Sometime during PMS , you can not sleep well and easy to wake up. Sometimes I can not sleep. It will make things worse. So make sure you can sleep well in this time. 
7.If you are overthinking everything and feel bad about it ,you should alert yourself ,clean up your messy mind ,everything will be all right after PMS. Don’t make rush decisions 
8. Shopping can help a lot actually. You have something to do. And it will distract your tension. But I suggest you buy something useful for you. Because you will easily regret after the PMS. Save your money. 
 9. Accept PMS as your long-term friend. You can not cure it ,you can just control it well .I know it suffer you a lot, I know it’s really bad feeling. It’s hard. But it also give you a time to contemplate your life ,maybe mostly negative, try to convert the emotions to creativity or some power I am still exploring. 
10. Do not eat much  during PMS ,  I know you have appetite for cake ,chocolate or other sweet things. Sometimes I am craving at sweet and salty meat. Or junk food or spicy things.  If you satisfy your appetite every time , it is easily to gain weight. And after PMS, you will feel a bit disappointments to yourself.",18,2,decision,2,Personal PMDD Narratives & Life Decisions,0.9746,1,1,1,0
1a8f4ccb2a79,pms,FOUND THE CURE TO MY PMS!! (and hormonal acne),"Okay, so I was suffering from PMS since literally the first time I got my period. After that I went on birth control (pill/nuvaring) but both made me literally depressed. I was not feeling myself, I was always bloated and irritable! It was like a permanent PMS... after I left BC I developed hormonal acne... I struggled with it for 4 years now and I tried products, creams, antibiotics, but nothing ever made the acne go away! At the same time, my PMS symptoms were HORRIBLE! Headaches, cravings mood swings and depression for a week before my period...

&amp;#x200B;

This year I decided to take a new approach and decided to join a holistic program around nutrition, exercise, and mental wellbeing... LADIES, IT WAS THE BEST DECISION IVE EVER MADE! I did not know anything about how hormones worked in our bodies and I was literally doing everything wrong... once I started helping my hormones naturally the acne started clearing out and my PMS symptoms went from hell to barely noticing my period is around the corner. If you are suffering from PMS, PMDD or acne I highly recommend you get working on your hormones!! If you don't know anything about this you can take this quiz [https://form.typeform.com/to/QEG3E0H4](https://form.typeform.com/to/QEG3E0H4) I got a 19 the first time I took it now I'm down to 10!! Wohooooo 

&amp;#x200B;

For those interested on the program here it is, she just sent out an email giving 80% off don't tell anyone I shared this here lol the code is ""SWEATFORFREE"" [https://www.askfercci.com/28dayrebalance](https://www.askfercci.com/28dayrebalance)",1,1,decision,2,Personal PMDD Narratives & Life Decisions,-0.8971,1,1,0,0
bd53dcce6072,pms,Remedies for bloat?,"Helloooo
If anyone followed my previous post, I had the WORST pms symptoms ever while on POP, I’ve been off it now for about four months (best decision I’ve ever made) and I am currently not on any BC. 

However, I am having a very natural and very on time cycle but I am getting bloated around ovulation week and it’s very uncomfortable, does anyone have any remedies for this? Either to relief it or prevent it happening to such an extreme. I am usually an 8-10 but honestly bloat so much I go up to a 12/14. It’s mad!!! 

Any help?",5,2,decision,2,Personal PMDD Narratives & Life Decisions,0.7948,1,0,1,0
4558c8c937ea,pms,Do you have a grievance against a female moderator who must've had PMS? Post about them here!,"One example:

/u/dequeued deleted my thread about why Google's shopping searches won't turn up anything from Amazon. Someone who answered the question had their comment deleted and /u/dequeued would refuse to paste it in a modmail when I asked nicely.

When I posted,

&gt; ""WHOEVER POSTED HERE, YOUR ONE COMMENT IS INVISIBLE SO PLEASE PM ME WHAT IT WAS, THANKS."" 

/u/dequeued banned me permanently on the first offense while I was completely minding my own business. This was 7 months ago.

Seriously, how did my post HURT /u/dequeued so bad to permaban me the first time? She could've easily fried bigger fish. But then again, anyone who suffers from PMS could blow things FAR out of proportion for small things that wouldn't faze normal mods.

Maybe she gets a power trip from banning hapless users, especially permanently? She feels pleasure (sadistically) from every time she bans someone, does she? Especially to compensate for the PMS cramps?

See, [all I wanted to know is why Amazon's goods wouldn't show up on a Google shopping search](https://www.reddit.com/r/amazon/comments/5181fo/why_wont_googles_shopping_search_show_results/) and we know that anyone with PMS can't be the best judges in many situations. Even though it was about a Google shopping search, it was ALSO about Amazon's products (showing up there.)

BTW /u/dequeued, I found out why Amazon's goods won't show up on Google's search; I asked on a different sub. I also used a method I won't disclose here. Something to do with Google wanting the ""little guys"" to show up on their search instead of a retail giant; wanting to help the little guys while Amazon already has a great product search engine of their own.

---

Every now-and-again, I try to appeal the ban with reasonable diplomacy; seems that either PMS happens to /u/dequeued 24/7 or it just HAPPENS to be THAT time of the month *every time I make an appeal.* See, here's one appeal, and then the response:

&gt; Surely permabanning me over something trivial was an angry impulse. I assume you calmed down over it by now.

&gt; Now what must I do to get unbanned?

&gt; You have been temporarily muted from r/amazon. You will not be able to message the moderators of r/amazon for 72 hours.

Later (6 months ago,) I'd post:

&gt; Title: Are you still mad over this?

&gt; Body: Has your anger since subsided over asking for what the deleted comment was?

&gt; I didn't kill your pet by doing that, just to put things in perspective.

There was no response that time.

Lately, less than 24 hours ago, I sent the message:

&gt; ...turns out, I discovered Ceddit and have been using it to restore deleted comments, and I find it an indispensable tool for the time being.

&gt; The reason for the ban is obsolete. Now that we're both 7 months more mature, can we forgive-and-forget?

I was muted again. Seems it's THAT time of the month EVERY time I send an appeal to the /r/Amazon mod.

---

I don't know whether Midol is a marketed product in /u/dequeued's part of the world but I think it would help her so well that she'd calm down, learn to forgive-&amp;-forget, and make more rational decisions from after she starts taking it. [Even if it's not cheap to ship to her area, a bulk purchase will make the divided cost-to-ship per individual product cost less.](https://www.amazon.com/s/ref=nb_sb_noss_2/141-4467115-1395926?url=search-alias%3Daps&amp;field-keywords=midol)

---

So to everyone else who posts here, post whatever grievances about that female mod you'd like to / feel the need to. It can be in the same style as the example above, or it can be in any style you want!

And don't forget to link to any product that could help the mod with their PMS issues, in case they haven't thought to take these products themselves.",2,5,decision,2,Personal PMDD Narratives & Life Decisions,0.8493,1,0,1,0
842e33b13275,pms,Tips for brain fog/lack of concentration? ,I really struggle with this in the week prior. Unfortunately I’m a lawyer and my work is all done in billable hours and you can clearly see the few days where I’m not focusing. Does anyone have any tips? Any vitamins etc that help? I just find myself unable to concentrate in the way I do the rest of the month! ,7,7,brain fog,1,"Cognitive Symptoms: Brain Fog, Fatigue & Dissociation",0.3047,1,1,1,0
4d3ef5f63824,pms,Brain fog before period,"Hii how do you ladies deal
With brain fog right before your period? I literally can’t get out of bed it’s so bad I feel almost tipsy. What do you ladies do to cope? Literally any information helps. Thanks in advance 

Edit: I hope this helps people but this was actually month one of first trimester pregnancy symptoms and not pms symptoms… still worth trying I guess lol! I took magnesium and vitamin d and it really helped as mentioned in the comments ",12,5,brain fog,1,"Cognitive Symptoms: Brain Fog, Fatigue & Dissociation",0.9092,1,1,0,0
d6d7fba35a51,pms,"Terrible case of brain fog and feeling extremely depressed, having suicidal thoughts while taking care of sick mother. Any suggestions how to deal with this??",,5,2,brain fog,1,"Cognitive Symptoms: Brain Fog, Fatigue & Dissociation",-0.9084,1,0,0,0
049072d9b0c2,pms,PMS causing brain fog after missing it for a year?,"Hi!

For context, I (22f) got an IUD almost exactly a year ago. I was told by many friends that their period disappeared for a bit and then came back at roughly around a year for all of them.

I got my first actual period this morning (I had been spotting loosely in the past, but nothing like an actual period). Holy shit, I feel so out of it. I used to get really bad cramps but that was about it but I literally feel like my brain isn’t able to check in no matter how hard I try to concentrate. Like I feel high and it’s taking everything in me just to type this out. I don’t know how else to really explain it but has anyone else had this happen to them?

I’m not sure if it’s because I went a year without it and now all my hormones are out of whack now that I have it again? Or is this just a side effect of my IUD and this is just gonna be how my periods are for the immediate future?

Please let me know because I work as an engineer and I will not be able to survive on 30% brain function for a week every month.",4,2,brain fog,2,Personal PMDD Narratives & Life Decisions,-0.8661,1,1,1,0
ca3c052dadc8,pms,The brain fog madness has begun.,And I hate it. Can’t focus. Can’t work on anything. My head feels empty.,8,3,brain fog,1,"Cognitive Symptoms: Brain Fog, Fatigue & Dissociation",-0.8126,1,0,0,0
4b485fa750d0,pms,PMS Brain Fog &amp; Anxiety,"Hello everyone! I deal with insane PMS brain fog and anxiety every month. When it hits I have a hard time focusing and staying present, which can cause panic attacks. I had some tests run last year that showed my hormones were all out of whack (estrone high, estradiol low, estriol high and progesterone low), my gyno only recommended birth control to help. I can’t remember to take it and feel it did no good anyway, iud’s don’t help.. anyone deal with something similar and found relief? I saw a functional med doc who suggested vitamin e and 2 different hormone supplements, I bought them but haven’t started yet. Additionally I’m gluten free (celiac), dairy and coffee/caffeine free.",6,2,brain fog,1,"Cognitive Symptoms: Brain Fog, Fatigue & Dissociation",0.8068,1,1,0,0
a8e191913a1e,pms,Is Orthomol Vital F good for PMS mood swings &amp; brain fog? / Is Orthomol Vital F safe (in this context and any context)?,"Is Orthomol Vital F a good supplement to take, say every 2 days? I'm preparing for something extremely and immeasurably important, but it just so happens to fall on the second day of my period. Obviously, I cannot have any PMS mood swings or brain fog whatsoever on that particular day. This is a non-negotiable. For context, PMS mood swings and brain fog have occurred in every single one of my period cycles that I have ever had.

I've only taken the supplement once, but because of the high Vitamin B content, it made my pee fluorescent yellow (literally) and I freaked out. I take Vitamin C and D as well as Evening Primrose Oil daily. I also spray my throat with Propolis spray 2-3 times a day everyday.

Would taking Orthomol Vital F be safe? Would it help for PMS mood swings and brain fog? Would it help with anything at all? How helpful would it be? How often should I take it? Should I take it in this particular and crucial day?",0,0,brain fog,1,"Cognitive Symptoms: Brain Fog, Fatigue & Dissociation",0.9849,1,1,0,0
109cd5561fe9,pms,ADHD and PMS don’t mix very well :(,"Hello peoples. It’s half two in the morning and the beautifully cruel concoction that is PMS and RSD is taking over my brain. Lots of life changes as I’m 17F so first year college, different standards being put on me, adults expecting a lot more from me than I can give, and not really receiving the educational help I need as an undiagnosed neurodivergent student. I can deal with all this when the red demon isn’t trying to reach its claws into my soul but when it’s dark outside and the earth doesn’t feel any bigger than my bedroom I just feel kinda trapped. Also my significant other is going through some significant life changes (being out of primary education, not going to uni, trying to figure out what to do now) and it sounds so small saying ‘I’m scared they don’t love me any more’ but the RSD has seriously got my brain in a vice this month. Unfortunately I’m a person who likes to be able to fix everyone’s problems and it gives me massive anxiety when someone is going through something uncomfortable and i genuinely can’t do anything. Was kinda expecting a particularly bad PMS because it’s been tame the last two months but it still hits hard. This is such an all over the place post, sorry, but also since starting college PMS has brought on brain fog and task avoidance like crazy and I’m behind on my subjects because I genuinely can’t sit down and focus on something for more than five minutes no matter what I try for a week out of every month. It’s all so frustrating but typing this out has made me feel slightly better. Reminds me the world is bigger than my bedroom where the lighting feels off. Happy (late) Easter if you celebrate it. 🌸🌷🌱",2,2,brain fog,1,"Cognitive Symptoms: Brain Fog, Fatigue & Dissociation",-0.7232,1,0,1,0
a4e127e51fba,pms,Can I get pms after my periods end?,"I am 27 years old, I have been noticing this from the last couple of months. The day my period ends I get into this bad phase where I can't even think properly. I am watching shows but I cant pay attention to them and have to rewatch. Then I get this fog in my brain where I feel like I am not thinking properly. I was crossing the road and my mind went shut and I stopped in the middle of the road. 

I feel so depressed, anxious that my eyes start to twitch. I overthink about everything. Also I have been living alone for the past 2 years so it gets bad when there is no one to talk to. I also crave really greasy food, and once this bad week is over I am back to normal. I can focus on my work again and enjoy life. Then next week the real pms start and I can see all the physical symptoms of periods like Heavy breast. But I am used to off the original pms, I don't like this new pms thing I get after my period. 

I am going through that now, I don't know if I am making any sense while writing this. ",5,4,brain fog,2,Personal PMDD Narratives & Life Decisions,-0.9601,1,0,1,0
001913d8fa09,pms,I feel like a walking corpse,"Hi all,

I'm struggling a lot this month with PMS. I used to have regular PMS, but it has been really bad since 2024. Still, some months are not as bad as others.

This month has been particularly awful. I was sick for most of January (with the flu, then another virus), so I only went to the gym a few times. I recovered last week, then my PMS started a few days ago. I think the lack of exercise has made symptoms worse.

I lost a lot of things that brought me joy over the past years. It sucks on normal days, but I still have some hope and I just try staying focused on getting my life back together. When I'm PMSing, it's hard to feel any hope, and it's hard to motivate myself to do anything that will benefit me. It's like I'm a walking corpse who forces herself to do the basics (day job, cleaning, etc), but even the basics require at least 3x as much effort.

Other PMS symptoms such as bloating, brain fog, and cramps don't affect me nearly as much as the mood swings. At the moment, the latter feels unbearable; like I'm losing my mind. Having a rant to a friend or therapist helps for a short while, then it comes back again.",15,5,brain fog,2,Personal PMDD Narratives & Life Decisions,-0.6546,1,1,0,0
a08594e6eb56,pms,PMS Symptoms after period is over?,"So I (28F) have been experiencing bad PMS for about 2 months now.
Crying spells, brain fog, depressed mood, low energy and insomnia are my main symptoms. 

I usually have my symptoms a week before my period but I’m feeling them even afterwards. I’ve been crying and unable to sleep for 2 days. My anxiety is so high and I’m thinking irrationally of wanting a baby when I’m nowhere near ready or established enough.
I struggle with my weight and I have made small improvements to my diet but I do struggle with exercise.

Has anyone else had a similar experience?",6,7,brain fog,2,Personal PMDD Narratives & Life Decisions,-0.96,1,1,1,0
af37147c6678,pms,Can someone help me explain PMS to my husband?,"He's supportive bless him, but he just doesn't get it (obviously, he's never had PMS before). 

Usually I'm quite good at pulling myself out of my feelings and looking after my mental health, but that goes out the window with PMS. We had an argument tonight because he said something and I thought he was implying I was stupid and he was upset because he wasn't saying I was stupid and why would I take it that way. I definitely overreacted, but I genuinely couldn't help it! He said in those moments I need to try and think about it and what he actually said, and I was trying to explain to him that I genuinely can't ""just thing,"" the brain fog is so much that I can't take some deep breaths to start thinking clearly. I couldn't stop crying and neither of us could understand why. In the end he gave me a big cuddle, said he doesn't get PMS but can fully appreciate how hard it is for me. 

So how can I try and explain PMS to him? Because even between cycles I forget how hard it is, and now that I'm in the middle of it I can feel how much I can't think straight and how little I can control my emotions. ",4,4,brain fog,2,Personal PMDD Narratives & Life Decisions,-0.6696,1,0,1,0
51c8e4795120,pms,What are some foods/snacks/teas you feel help relieve pms symptoms?,"I love learning about new foods and drinks that help relieve the stress pms puts on your body. What are some foods you’ve noticed help you through the cramps, bloating, fatigue and brain fog?",4,11,brain fog,1,"Cognitive Symptoms: Brain Fog, Fatigue & Dissociation",0.9163,1,0,0,0
411122a938c4,pms,Best time to get a hormone test?,"My (20F) PMS is so bad (severe joint + gas pain, brain fog, hyperosmia digestive issues as well) to the point that I'm considering getting a hormone test done to see if it's an actual medical concern, or can at least be medicated. Is the best time to ask for a blood panel during my PMS, or does any time during my cycle work? I've never been to a gynecologist yet, should I visit them for it or just go to my GP? My family has a history of thyroid problems, if that changes anything. ",2,4,brain fog,1,"Cognitive Symptoms: Brain Fog, Fatigue & Dissociation",-0.5283,1,1,0,0
43090bf289ce,pms,"Just realized we have 1 week of ""perfect"" before the shit cycle starts all over again","So I never realized this, but I always wondered why I feel the best the ONE week after my period.

But it's because ovulation typically starts 2 weeks after your period (which lasts 1 week), so there is 1 week  where things are chill, then the whole wreck starts all over again.

I'm so @#$#@\^%#$\^

  
Sorry this is a vent post, I'm in the midst of picking up some Vitex, or trying some birth control that can help stabilize these hormonal games my body is playing with me. Looking at Yaz, Delta 8, Lamictal, or progesterone mini pill.

The B-complex I just took is amazing, though. Almost instantly erased my brain fog. ",17,5,brain fog,2,Personal PMDD Narratives & Life Decisions,0.9199,1,1,0,0
2ce6818fe188,pms,Intense chest pain,"I notice that about a week before my period I experience intense chest pain, brain fog, hand cramps, and very high levels of anxiety and paranoia that last two weeks after my period. There is only one week out of the month that I feel normal. I’m a year post partum and I never experienced this before I had my baby. Is this normal or has anyone else experience this?",2,5,brain fog,1,"Cognitive Symptoms: Brain Fog, Fatigue & Dissociation",-0.6705,1,0,1,0
d56f8aad3a59,pms,What is your most annoying PMS symptom?,Mine is being snappy with people I love and wanting everyone to generally f\*ck off and leave me alone. Share yours!,8,10,brain fog,2,Personal PMDD Narratives & Life Decisions,0.3609,0,0,0,0
9263ed2d2609,pms,Vent - Yesterday was a tough Monday,"As with any Monday, I'm sure it's a struggle for a lot of people who relax on the weekends, only to come back to work and ""force yourself into focus mode.""

That's what it felt like for me yesterday. I started off okay by working on my marketing emails.... then all of a sudden, I was just sitting there... with a bunch of brain fog. Totally just lost most of my concentration. Started working super slowly, and for some reason I couldn't think. I couldn't focus. I couldn't work. Making a cup of caffeinated tea didn't help.  Yep, I'm indeed PMSing, with plenty of other PMS symptoms.

But I did notice that talking a 15 to 20 minute dog walk, then a breather for a few moments, seemed to help.

Exercise (even when low intensity) is super helpful. Now I ain't saying this the end-all-be-all, but getting the lymphatic system working could help you function a little better, and tackle that brain fog!",2,2,brain fog,1,"Cognitive Symptoms: Brain Fog, Fatigue & Dissociation",0.967,1,1,1,0
e48b8fac27fe,pms,9 days before period,"Please tell me I’m not alone! I feel so weird today but every month’s PMS symptoms are different. I feel really off and it’s hard to describe it, just floaty and not here, heaviness and numbness in right leg and hand, cramping yesterday, serious fatigue, nausea and brain fog. Anyone else? Or am I ill 🤣",10,13,brain fog,1,"Cognitive Symptoms: Brain Fog, Fatigue & Dissociation",0.1005,1,0,0,0
d1b617cd4610,pms,i'm so tired of pms hell,"i've had horrible pms since i was a kid. suicidal depression, all that jazz. tried escitalopram with no success. currently on lamotrigine to help with the ""mood swings"". it's been close to 3 months now and so far no effect. hormone levels swing all over the place, plr up to 980 ng/mL. uterus and ovaries are normal and healthy. pms is followed by 5 days of pain and heavy bleeding.

i've tried hormonal birth control in the past and while it did help with the period pain (since i only had them every 3 months) i ended up having brain fog and just being depressed all the time. 

only thing i can do is to lock myself up for 10 days every month and it's severely affecting my life. i really don't know what to do. friend suggested getting a hysterectomy but i'd still like to be a mother one day. is there anything else i can try? ",8,4,brain fog,2,Personal PMDD Narratives & Life Decisions,-0.8894,1,1,0,0
d7d0885245c3,pms,High or low estrogen? DIM? Dutch?,"So, I have PMDD and my symptoms occur during ovulation - feel great during ovulation, but sometimes a bit too much anxiety, followed by a crash for a couple of days. Then start to feel better for a few days or a week, followed by worse and worse. All symptoms resolve when my period arrives.   


I used to experienced severe mood swings, crying spells, anger, cystic acne and breast tenderness. I took DIM and calcium d-glucarate for a few years and it helped with acne and weight issues. I also have PCOS. This was a few years ago and I have not tried it since.   


For the past couple of years, my main symptoms during luteal are extreme (!) exhaustion and fatigue, brain fog, anxiety before period, insomnia in the days leading up to period, air hunger and weight gain - mostly around abdomen. I also get urinary symptoms - sometimes it's a UTI and often I just don't test because it happens so often now. I was also getting extreme vaginal discharge - clear, but huge amounts and mostly during luteal and worse before period. I took some probiotics for it a couple of months ago and it has been a lot better, but something is still up. Obviously it could be unrelated and I'm waiting for a gynae appointment.   


My testosterone used to be super high when I was younger, but my last test from a few months ago showed normal levels. Perhaps I have high DHEA, but I have no idea - I had extreme chin hair develop over the past few months. Spearmint tea has not helped.   


I had estrogen and progesterone tested via blood and they were normal (and LH, FSH, prolactin), but I don't remember when in my cycle it was. It was ordered by my GP on a random day a few months ago. I'm wondering if it's worth me ordering this myself during ovulation - if it's accurate enough to determine the ratio between estrogen and progesterone. I considered the Dutch test, which is expensive, but perhaps it's not necessary?   


I am tempted to try the DIM again (perhaps at 100mg or 150mg, along with calcium d-glucarate), although one other symptom I have is this strange vaginal dryness (feels a bit like cotton is inside) when my period ends, and more recently, a day or two before my period - could this mean low estrogen? Recurrent UTIs also seem to be more common in low estrogen? I did a microbiome test recently and the results indicated that I may be in menopause...which worried me.. all of the other things were on par with conditions I have, such as POTS or PCOS.   


I also considered trying Progest-E oil, but am scared because I tried vitex and progesterone cream years ago (but it was 6-7 years ago) and had heart palpitations.   


What do you guys think? Thanks a lot! ",2,1,brain fog,2,Personal PMDD Narratives & Life Decisions,-0.8809,1,1,0,0
7ed5fcf8410b,pms,Has anyone tried a whole food plant based diet to alleviate PMS symptoms?,"Hello fellow PMS sufferers. I too go through horrific monthly cycles. I have such bad brain fog for the entire week leading up to getting my period that I can barely function at work. I've also had a few minor GI issues lately and in doing research to correct those I'm learning more about a whole food plant based diet and have recently transitioned to this. I'm wondering if the dairy or processed foods in my diet were leading to hormonal imbalances. Has anyone tried this approach? Would love to hear.

[https://www.forksoverknives.com/success-stories/overcame-debilitating-pms-plant-based-diet/](https://www.forksoverknives.com/success-stories/overcame-debilitating-pms-plant-based-diet/)",8,11,brain fog,2,Personal PMDD Narratives & Life Decisions,-0.8156,1,1,1,0
f0f9b3b40aa0,pms,Coincidence or pms?,"Ever since I’ve gotten my period back postpartum (6 months ago) I get the weirdest sign of my impending period - an anxiety attack where I have hands shaky, feel hot then cold, nauseous, bathroom runs, no appetite, impending doom feeling, brain fog/sleepiness.. and probably other things I’m not thinking of at this moment. Usually the worst of it lasts about 30 min - 1hr (impending doom only a few min) and then the rest of the day is just lingering anxiety. This happens just for one day and then I’m ok the rest of the week and when period starts, I’m also mainly ok. Anyone else have this? Almost chalked it down to something I’d ate (have had gastro issues for years) but it’s too precise to be a coincidence as it’s happened every time in the last 6 months. Also sometimes have a nervous stomach when I’m trying to fall asleep in the week before period. 

It has happened way more often before but I was drinking coffee daily and when I quit coffee it happens just that one day.",1,0,brain fog,2,Personal PMDD Narratives & Life Decisions,-0.8924,1,1,0,0
9d1f941ad8e5,pms,I don't have PMS symptoms anymore,"Hi friends,

I feel almost strange writing this when I know there is a lot of suffering out there, but  I’ve gone through a profound experience in the last year and felt the need to share it here in case it helps or resonates with anyone else. This is the result: I have no more terrible PMS symptoms. Full Stop.

For as long as I can remember I had horrific periods and they had only been getting worse in the last couple of years. The majority of my symptoms were mental and emotional. I was basically out of commission the entire week before my period. I had debilitating brain fog that made it difficult to work and be productive. I would feel incredibly depressed and it was difficult to have any motivation to do literally anything. And of course there were bad cramps and a super heavy period, though I was able to deal with this with some Ibuprofen. So for me it was being out of commission mentally and emotionally for basically a quarter of my adult life. How is this normal? I thought I was pretty healthy? WHAT AM I DOING WRONG?? Is this just how it is?

Thankfully I am lucky enough to get access to a nutritionist through my job. Now, I had been vegetarian for over 20 years, so again, thought I was doing the right thing for my health. But what I learned from this nutritionist and what changed everything was cutting out the dairy and the processed food. I moved to a whole food plant based diet and it changed how I feel so dramatically.

I had a couple of other issues - really bad acid reflux that made me nauseous on a daily basis in the morning in addition to some pretty bad GI issues (that I won’t get into :)). So my initial intent was to heal my gut and GI issues. So after months of baking bread and cookies on a weekly basis (like everyone else) at the beginning of the pandemic it really hit a breaking point around Thanksgiving. So many processed refined carbs! All of my symptoms were getting worse and I needed a change. So through my nutritionist's advice I bought Dr. B’s book Fiber Fueled and followed his advice, which can be boiled down to: eat lots of plants and eat a diversity of plants. But in addition to this I cut out dairy and PROCESSED carbs - no pasta, bread, biscuits, cookies, crackers, chips, pizza etc (basically everything I love!). After one month my GI issues were gone and my acid reflux was gone. But the most amazing thing is that it took about 3 months but all of my period symptoms are GONE! My period came yesterday morning and I felt amazing this past week. Better than I have in YEARS. Yes, still some minor cramping but no brain fog, no depression, loads of energy.

So this, I believe, was the result of two things. Cutting out dairy and processed carbs and introducing a BOUNTY of plant foods - fruits, veg, grains, beans, nuts and seeds.

I just want to say that it was NOT EASY for me to give up cheese and white bread. I was an addict! This is what I lived on. Like, I could eat some form of bread and cheese everyday and be happy. I had cravings in the beginning. But after a period of time my tastes changed and now I feel so good and found so many resources online that have amazing recipes and ideas for discovering new food and ways to keep it fresh. And after I repaired my gut, I now keep it to like a 90/10 ratio. So, whole food plant based most of the time but like Friday night have some plant based junk food - take out or a vegan bacon cheese burger and fries. I also love Vegenaise because of the creamy factor. This helped me transition from cheese. So I still eat Vegenaise sometimes (and don’t feel bad about it!). I also brought back very limited amounts of pasta and bread, but only do whole wheat or other grains and try to make it organic.

I know the suffering of PMS, I’m 39 and have been experiencing it since I was a teenager with it only getting progressively worse. So I feel your pain. I also know that this isn't just easy for everyone, and that everyone might not have access to these foods in the same way. I understand that privilege. I'm not trying to preach. I'm also not a doctor. But I feel so much better that I wanted to share my story in case it can help someone else. I hope you find something that helps too.",17,10,brain fog,2,Personal PMDD Narratives & Life Decisions,0.9926,1,1,1,0
0abddb01426e,pms,Does anyone get symptoms more after your period?,I’m feeling horrible brain fog and even some derealization symptoms and it’s a bit scary. Anyone else feel like this at the end or after your period? It’s a strange feeling like something just feels off but I can’t figure what it is. And I’m a little anxious about it 😔,7,6,brain fog,1,"Cognitive Symptoms: Brain Fog, Fatigue & Dissociation",-0.406,1,0,1,0
db66a14fc9f5,pms,Craving huge nutritious meals?,"Does anyone else suddenly get into a raging cooking mood, and throw everything they have on hand into a recipe you would not have thought of before PMS? I think I'm two days away from Red Moon. I don't care for sweets or junk food, but I could stand all day long by the stove, cooking and cooking. This is the only time I get into a cooking mood. I just made something I've never made before: an egg salad: eggs (usually turn me off), smoked salmon, potatoes, greens, sliced red pepper, mayonnaise, salt. 

Often PMS makes me want to put myself out of misery, but it's very good for making myself eat nutritious meals, and for exhausting my SO with raging, aggressive libido that leads to multiple orgasms. XD",2,1,meal,2,Personal PMDD Narratives & Life Decisions,-0.797,1,0,1,0
8bbb412b9d55,pms,Histamine intolerant?,"Hello everyone, I think I have a histamine intolerance and it’s affecting my PMS symptoms.

Every month before I come on my period I get cold/flu like symptoms. Headaches, fatigue, body aches, congestion and a sore throat. I also get an inflamed stomach and my body reacts badly to meals I would usually be able to eat. I also can’t really drink alcohol during this time of the month because it just gives me the poops. As well as these physical symptoms I also have a wealth of emotional symptoms that can become debilitating. Extreme anxiety, paranoia and depression. I also have ADHD so I know this worsens these symptoms.

I am writing to see if anyone else has struggled with a histamine intolerance or knows more info about it. Thanks :) ",3,7,meal,2,Personal PMDD Narratives & Life Decisions,-0.8656,1,1,0,0
3333f0511faf,pms,"Advice on how to deal with nausous, reflux, bloating, loss of appetite before period?","Hey there so so I've noticed the past couple months a pattern where approximately 5 days before my period I get hightened anxiety and irritability, indigestion (I eat a very healthy high fiber diet, regularly eat ginger and drink spearmint tea for example. Not too much caffeine, don't drink alcohol etc), reflux, bloating, feeling gassy (like there is some gas stuck in my stomach and it feels like it's moving around), nausous (especially if I don't eat anything or eat a full meal) and cramping all over my body especially my stomach but it can also be my hips and lower back. 

What do you do when you get these symptoms and are there any ways to deal with it or maybe lessen the symptoms? I'm currently 20 and I noticed this has started a couple months after my period, I also started having cystic acne again before this started happening but I assumed it wasn't hormonal since I have a super regular period (you can set your time by how on time my period is lmao) so I'm confused and I just can't currently visit the doctor yet but I need tips because for an entire week I feel like shit and then I feel horrible once it's over knowing the clock is ticking and in 3 weeks I will feel like crap again. Any helpful tips are welcome please!:( I hate this silent suffering and I had so many exams to write and assignments to do so this sucks so much. Thanks for reading and any advice! 

Edit: forgot to add horrible dizziness and headaches whenever I'm up and about and not lying down or something. ",5,2,meal,2,Personal PMDD Narratives & Life Decisions,-0.4798,1,1,1,0
aff4e125dc68,pms,Food feels like a genuine necessity. Plus some. Thats the best way to put it,"Like I fr have to eat no matter how tired, how inconvenient the timing is, how hard to source the meal it is. How weirdly specific. How cold it is outside. How dark. If I have to leave the house feeling crusty. If I need food I NEED food. Now. Right then and there. Deliveroo loves to see me coming. And any other time I can just go to sleep and wait for an “appropriate” time to eat.

I feel so female animal dude. I feel so female. I feel so animal. (dont take that the wrong way i don’t use that term maliciously )

I so hungry. I so baby rn. need food. Got to go ",2,2,meal,2,Personal PMDD Narratives & Life Decisions,0.4812,1,0,1,0
caac54e99498,pms,What to do with intense hunger/cravings before period?,"So, the week before my period, I'm hungry. I'm hungry all the time. I can eat, no matter how much, and I'll be hungry an hour later.

I also have really intense cravings for fatty and/or sweet foods. In those moments, I have absolutely no control over myself and will eat until I feel sick (and continue if there's more food).

I've already tried increasing my calories, eating more red meat and making sure I eat balanced meals with protein and fat, setting up “healthier” alternatives, but nothing helps. It doesn't seem to make any difference. Every month, I find myself eating an astronomical amount the week before my period. The only factor that influences my condition, I feel anyway, is fatigue. If I'm very tired, my cravings will start earlier than if I'm rested.

That can't be right, can it? ",8,33,meal,2,Personal PMDD Narratives & Life Decisions,-0.8678,1,0,0,0
820a317e472c,pms,Struggled with food insecurity this last luteal phase and it almost killed me,"I actually try not to focus on my awful PMS, because I find if I pretend I'm okay sometimes I'm more okay.

But I just wanted to let ya'll know...my luteal phase is made much more manageable by good nutrition. High calorie, high quality meal or snack every two hours.

Last month, the person I live with needed to buy a car. We do not like to go into debt or take on car payments. We're poor enough and that would just cause more stress. So, we bought a car outright. Not NEW new, used, but it still took almost all the money my roommate has in the world. Worth it, they really needed a car. The mechanic said their old car was such junk it would need a full engine rebuild. This new car is nice and so far it works great.

BUT, that meant my money was all we had for food, etc. And I didn't get paid for a while. Long story short, we had to do that thing where we just eat everything that's left in the house and buy no new food for a long time. We also don't qualify for government assistance for food, we make ""too much money."" The diet ended up being pretty barebones.

Long story short, not having access to a quality diet (or enough calories) during luteal caused me to fall so sick I thought I was going to die. Not to mention, I was in fight or flight mode the entire time, having aggressive thoughts about everyone (I think my primal brain believed I needed to fight for food). In the end I had to take a day off work (thank you, sick time) and lie in bed for several days just hoping I would recover. I could barely move and everything hurt. I thought I had the plague, or mono, or measles, or HIV, or polio...I don't know man. I'm vaccinated for half of that, but the pain was crazy. My lymph nodes were huge.

My period finally started, I recovered from my illness, my paycheck came in, and we were able to get groceries. Slowly feeling back to normal. But just letting everyone know, DO NOT DO THIS. Food is so important when your body believes it might be harboring another life! Otherwise it may freak and crash out on you. I will find a way to eat better next time. Still not sure if we're willing to go into debt or take on a payment but...I know there's food banks where you don't have to show paystubs. There are also other charities that give away expired food from restaurants, grocery stores, etc. I even work at a grocery store! I know this.

Never again. I will never again let my own pride make my body suffer so much. (I also almost died of starvation once before in my youth so it might be that my body is already traumatized).",4,1,meal,2,Personal PMDD Narratives & Life Decisions,-0.9926,1,1,1,0
e37743e217b7,pms,PMS and emotions,"So I’m on my PMS and my emotions are very volatile. It doesn’t help that I work with late teens and young adults. So I feel overstimulated by people since friday. And everything has been piling up. I got paid on monday after almost 3 months and was planning on enjoying my money. So I was a little quiet about it so I could enjoy some nice meal and a little something before giving to family. Then today my boyfriend called and we were talking and he had been busy these past days. So when he asked me if I got paid I got defensive and he told me I should buy him dinner, which is not something bad as we give each other nice things. But the act of asking me pushed me over the edge. I admit I responded with a nasty attitute but accepted. Then it developed to a convo about how I am ‘maybe a little selfish or dont think about him as much as he does about me’ (money wise). And Im so pissed off like I ALREADY felt like a monster wearing a facade and now people pushing me over the edge and pointing out how rude I am just really sent me into a apathic isolated state. Hate PMS because I cant deal with these simple misunderstandings like normal.",5,0,meal,2,Personal PMDD Narratives & Life Decisions,-0.525,0,0,0,0
62fd28a5eb10,pms,Extreme Fatigue right after ovulation,"I’m in my late 30s and started to notice about a year ago that a few days after ovulation could be anywhere from day 14-17 (track it on cycle app and notice this pattern) I have one or two days of extreme exhaustion, I’m talking like physically and mentally really hard to do much of anything. It’s really annoying and frustrating! I’m a pretty healthy person, exercise drink plenty of water balanced diet and take a MVI for women and vitamin D since my labs were low in D but other things were fine. 

Anyone else get this? Someone told me about chasteberry supplement I just purchased it hoping that might give some relief. Looking for any tips and tricks that help others! Thanks :) ",7,6,meal,2,Personal PMDD Narratives & Life Decisions,0.9641,1,1,1,1
f063c0c658e5,pms,"feeling like im starving all the time that it causes my stomach discomfort, but eating hardly helps","ive had this problem the past few times ive been about to start my period, but each time im miserable and it startles me. out of nowhere my stomach will feel empty and gurgly the time, ill eat alot but nothing helps, and the emptiness can make me feel nausea (which doesnt pair well with my pre existing emetophobia) and cause me to have panic attacks. ive tried eating certain foods that are supposed to help, or take stuff to settle my stomach, but nothings really helped. i know this is probably a pms thing but i cant help but overthink things, so i wonder if anybody else also has this problem? my stomach feels so acidic and empty and its awful",3,3,meal,2,Personal PMDD Narratives & Life Decisions,-0.9903,1,0,0,0
ea20e6a51d2e,pms,PMS craving is insane,"I never realized it before, since I'm having constant bleeding (due to PCOS and hormonal imbalance) therefore my period is uncertain. But lately I noticed the pattern where my real period is when I bleed even much more than on daily basis.

During the PMS week I could inhale 4 medium-sized burgers very easily at one sitting (less than an hour) and for days straight like I was craving the same burgers for those days. And now I'm on my real period, my appetite is all over the place, don't know what to eat, on the borderline of wanting to eat and skipping meals, bloating, nauseous, and others you name it. Even today I tried to buy 2 burgers instead of the usual 4, and I hardly finished 1 so I keep the other one for tomorrow. Anyone's experiencing the same?",3,1,meal,2,Personal PMDD Narratives & Life Decisions,0.771,0,0,0,0
605e25bdde68,pms,Ex-Pescatarian - CRAZY PMS now???,"Hi everyone! Sorry in advance for this long post!! 

I am a 29F, and I switched to a pescatarian diet when I was 12 years old. I started eating all types of meat again 8 months ago, and overall I feel pretty good. My pescatarian diet was largely processed foods and supplements (now I eat largely natural foods), and I originally stopped eating meat because I thought it was messing with my hormones and making me mature faster than my older sister (don’t ask how a 12 year old knew that!!). 

However, the last two or three months, my PMS symptoms have been absolutely overwhelming, and I’m hoping we can investigate the problem together. 

Prior to eating meat again, my PMS symptoms were:

- MAJOR breast swelling and pain the day after ovulation, and continuing until I started bleeding 
- Slight sadness before period, but no emotions I couldn’t manage or control
- Sleep disturbances and morning panic between follicular and ovulation, stopping like a 
switch once I’d ovulated
- Appetite increase in luteal phase 
- Very normal bleeding amount, cramps only on the first day and stop immediately after the first day 
- 24 day cycles 

Now, for the last two or three months (my symptoms were the same for the first five or so months of eating meat), my symptoms have been: 

- A MAJOR inability to control my anger, mood swings during pms, and all the way through at least four to five days after I had finished bleeding, and I’ve been on sertraline for about two years now but it almost feels like it’s not working anymore (this is what’s led me to post here) 
- Unbearable cramps that last for at least three days (they do get better as my period progresses, though)
- Larger-than-a-quarter clumps (this is unique to the last two cycles) 
- No breast swelling or tenderness whatsoever 
- Appetite changes similar to before 
- Increased anxiety between follicular and through ovulation, causing the early morning panic and sleep disturbances to get so bad that I sought out Reddit for some support. I started taking 2000 mg of Ashwaganda from my bleed to ovulation and that seems to have fixed that problem, but if I don’t take it it’s bad news)
- 26-28 day cycles 



I haven’t had any other major lifestyle or diet changes. I eat a lot of dairy, lean turkey or chicken at two meals a day, and plenty of healthy fats. I hit about 100g of protein per day, and exercise 3-5x per week. 

Has anyone else had an experience like this? What has helped? Does anyone know if they can tell it’s an estrogen, dominant or lack of progesterone problem? 

I just don’t understand what’s going on, but I do know that I do not want to live the rest of my life this way. 

Thanks in advance for any tips or insight!
",2,2,meal,2,Personal PMDD Narratives & Life Decisions,-0.9825,1,1,1,0
0f2494f21d12,pms,Could this have been caused by my period? ,Maybe a shift in hormones ? 😫 going to call my doctor today. ,3,11,meal,2,Personal PMDD Narratives & Life Decisions,-0.504,0,0,0,0
5063ee7531ad,pms,I'm so hungry it hurts,"About 10 days before my period and often during too I get INSANELY hungry. Like my stomach is hurting of hunger pains. I barely manage to chew my food when I eat because I feel like I need to just fill my stomach.

I just don't understand how this flips just overnight because of hormones. I actually am able to do a bit of fasting here and there the first two weeks. I eat very healthy, often 2 warm meals a day even but when that switch happens I just lose it. I am honestly almost in pain from my stomach cramping of hunger and I get tired after eating too. I also feel very....angry and annoyed because I'm constantly hungry. I almost can't get satisfied.

How do I make this stop!?!?!? I don't want birth control messing with my head and my body because thisn actually started after taking birth control for a month but I can't be eating non stop for 2 weeks a month.

edit..just remembered this. I actually went on the keto diet once and that took away every single pms symptom I had, from hunger to moodswings. It's a high fat diet where you just stop eating carbs. But I just live in a community now where we share meals but this does make me think: Then it must be glucose or insulin related??? Can a person have glucose or insulin issues related to hormonal changes? Because I don't have it the first half of the month...like at all. ",20,22,meal,2,Personal PMDD Narratives & Life Decisions,-0.9801,1,1,1,0
2f7fb4adae2d,pms,Period flu during Luteal Phase? You get sick after you ovulate? It may be your gut not absorbing nutrients as it should.,"Here is a plan given to me to help me stop getting respiratory illness every month during and after ovulating, and all the way to my period. It's so debilitating and I hate it and I am tired of it. 

The Luteal phase is really messing with my health. Now I have learned that during the Luteal phase, our gut works slower because of the rise of progesterone, which hinders the absorb iron and nutritients.

I can see how this is leaving me weak and vulnerable to catching respiratory illnessss. Plus I bet it causes inflamation too. I am already on an antinflamatory diet. Well, I think I am in one by me guessing what not to eat from what I read online. 

But I am ready to take it to the next level. So, I searched for a plan to increase nutrient absorption during Luteal Phase.


----The Plan to Absorb More Nutrients ----

This plan is to support your gut during the luteal phase and optimize your nutrient absorption, especially iron, to reduce your vulnerability to respiratory illnesses.

1. Improve Gut Health During the Luteal Phase

Since you're experiencing symptoms like runny nose and respiratory issues, it’s crucial to focus on optimizing gut health right after ovulation. The slowing of digestion and changes in gut motility due to progesterone can be managed with specific strategies.

Gut Health Support:

Probiotics:

Action: Start a high-quality, broad-spectrum probiotic, ideally one that includes Lactobacillus reuteri, Bifidobacterium, and Saccharomyces boulardii. These strains can help balance gut flora, reduce inflammation, and improve digestion. Probiotics can also help with immune function and reducing the chances of respiratory infections.

How to use: Take probiotics daily, preferably in the morning, on an empty stomach. This ensures maximum absorption.


Prebiotics and Fiber:

Action: Introduce prebiotics into your diet to feed healthy gut bacteria. Foods like garlic, onions, leeks, asparagus, bananas, and chicory root are great sources.

How to use: Aim for 1–2 servings per day of these prebiotic-rich foods.


Digestive Enzymes:

Action: Consider taking digestive enzymes that contain protease, amylase, lipase, and cellulase to support digestion during the luteal phase when gut motility is slower. These enzymes help break down food and nutrients for better absorption.

How to use: Take enzymes with meals for improved digestion and absorption.



2. Boost Iron Absorption

Since you're dealing with potential low iron absorption, a strategic approach is essential. Here’s a plan to ensure your gut gets the nutrients it needs.

Iron-Rich Foods:

Action: Focus on iron-rich foods, particularly heme iron (found in animal-based sources) as it’s more easily absorbed than non-heme iron.

Heme Iron: Beef, chicken, turkey, lamb, and liver.

Non-Heme Iron: Leafy greens (spinach, kale), beans, lentils, tofu, fortified cereals, and pumpkin seeds.

Vitamin C: Pair iron-rich foods with vitamin C (like bell peppers, citrus fruits, and tomatoes) to increase non-heme iron absorption.


How to use: Incorporate iron-rich foods into your meals at least 3-4 times per week. Be mindful to avoid calcium-rich foods (like dairy) at the same time as iron because calcium can inhibit absorption.


Iron Supplementation:

Action: If you think your iron levels are low, a high-quality iron supplement (preferably with ferrous bisglycinate for better absorption) might be necessary. Iron supplements work best when taken on an empty stomach.

How to use: Consider taking iron supplements for 1–2 weeks after ovulation, particularly during your luteal phase when your body may be more prone to iron loss.


3. Anti-Inflammatory and Immune-Boosting Foods

Given the respiratory issues you’re experiencing, strengthening your immune system during your luteal phase is important.

Immune Support:

Action: Integrate anti-inflammatory foods and immune-boosting nutrients into your diet:

Omega-3s: Fatty fish like salmon, mackerel, and sardines, chia seeds, and walnuts.

Vitamin D: Spend time in the sun and consider a vitamin D supplement (1,000–2,000 IU/day). This is crucial for immune function.

Zinc: Pumpkin seeds, cashews, chickpeas, and shellfish (zinc is important for fighting off infections).

Vitamin C: Alongside iron, vitamin C boosts your immune system. Include citrus fruits, bell peppers, broccoli, and strawberries.

Curcumin and Ginger: These are powerful anti-inflammatory and immune-boosting agents. Consider adding fresh ginger to your tea or meals, and curcumin supplements can be helpful too.


How to use: Aim to include these anti-inflammatory and immune-boosting foods every day. Consider 1–2 servings of fatty fish weekly and supplement with vitamin D and zinc if you’re not getting enough from food.


4. Hydration and Detoxification

Dehydration can exacerbate gut sluggishness and immune function. Staying hydrated is key to helping your body flush out toxins and maintain proper circulation of nutrients.

Hydration Plan:

Action: Increase your water intake, especially during the luteal phase. You can also include electrolyte-rich drinks like coconut water or herbal teas that support hydration and digestion.

Herbal Teas: Peppermint, ginger, or chamomile tea can soothe the gut and improve digestion.


How to use: Aim to drink 2.5-3 liters of water daily, including herbal teas to support digestion.


5. Lifestyle Factors

Stress, sleep, and exercise can all impact gut health and immune function, particularly in the luteal phase.

Stress Management:

Action: Stress exacerbates inflammation and digestive issues, so incorporating stress-reduction techniques like yoga, meditation, or deep breathing exercises is crucial during your luteal phase.

How to use: Dedicate at least 15–30 minutes daily to stress management practices. Try practicing relaxation techniques before bed to ensure you’re getting restorative sleep.


Sleep:

Action: Aim for 7-9 hours of quality sleep per night. This will help regulate hormone levels and support immune function.

How to use: Try to maintain a consistent sleep schedule and ensure your sleep environment is conducive to rest (dark room, no electronics before bed).


6. Regular Physical Activity (But Avoid Overdoing It)

While exercise is essential, too much intense activity can increase cortisol levels and stress the body, affecting your immune system and gut.

Exercise Plan:

Action: Moderate exercise, like walking, yoga, or light resistance training, can improve circulation and support nutrient absorption.

How to use: Aim for 30 minutes of moderate exercise 3-4 times per week.



---

Strategic Plan:

Morning:

Take probiotics on an empty stomach.

Hydrate with a glass of water + a squeeze of lemon.

Eat an iron-rich breakfast (e.g., eggs, spinach, and citrus fruit for vitamin C).


Midday:

Include prebiotic-rich foods in lunch (e.g., garlic, onion, or asparagus).

Consume a balanced meal with lean protein (iron-rich), leafy greens, and omega-3s (e.g., fish).

Drink herbal tea (ginger or peppermint) post-lunch.


Afternoon:

Have a snack with zinc-rich foods (e.g., pumpkin seeds or cashews).

Ensure you’re getting vitamin D and omega-3s (consider a supplement if needed).


Evening:

Dinner with lean protein, colorful vegetables (for antioxidants), and healthy fats.

Take digestive enzymes with dinner.

Relaxation techniques before bed (yoga, meditation, or deep breathing).

Key Supplements to Consider:

1. Probiotics (daily)

2. Digestive Enzymes (with meals)

3. Iron Supplement (during luteal phase)

4. Vitamin D (1,000–2,000 IU daily)

5. Zinc (15-30 mg daily)


By following this strategic plan strictly, you should be able to better support your gut’s ability to absorb nutrients, boost your immune system, and hopefully mitigate your respiratory issues during the luteal phase. Be patient with yourself, and make sure to consult with a healthcare provider if you feel any issues persist or worsen.

",6,2,meal,0,Luteal Phase Decision-Making: Advice & Warnings,0.9997,1,1,0,0
b0b2c9ed9e68,pms,progesterone cream,"i’ve read a lot about progesterone on this sub and how it’s supposed to help with pms symptoms including extrem hunger when going through pms.

i also heard/read somewhere that progesterone in general is the hormone that increases hunger/leads to weight gain.


since i have severe pms including never being able to feel full no matter how healthy/filling/protein rich i try to make my meals and snacks 
i talked to my gynecologist and she gave me a prescription for the cream. 

now i wanted to see if anyone has experienced an increase in hunger when using progesterone cream, because i’m really hopeful for this to actually help me but i’m afraid it might do the opposite and i’m already struggling with my body image from not being able to lose weight :(


",9,16,meal,2,Personal PMDD Narratives & Life Decisions,-0.6995,1,1,0,0
6e914544ca22,pms,Hunger Pangs,"I’m honestly desperate for some advice. For a week before my period I am insatiably hungry. I can eat a full meal, and will still feel starving after it. 

I’m shakey &amp; incredibly irritated because of how hungry I feel *all the time*.. Please tell me someone else gets these symptoms too &amp; has some advice. It’s absolutely horrendous :(",5,4,meal,2,Personal PMDD Narratives & Life Decisions,-0.9074,1,0,0,0
5efb4c23f58b,pms,"Anxiety, severe bouts of sadness, and not wanting to eat?","Maybe it’s because I’m 8 days away from my period, but this week has been brutal. I’ve been having bad anxiety, that swings into intense sadness, to feeling like I don’t care about anything. And then today I just don’t want to eat. Is this normal to experience this before your period? The mood swings and anxiety yeah, but like, I just feel so meh. Like I’m seeing everything in gray. Also the thought of having to eat/cook a meal feels like a chore. ",5,2,meal,2,Personal PMDD Narratives & Life Decisions,-0.1912,1,0,0,0
0f26e43df543,pms,No PMS while in France but PMS here?!,"
22F. Ever since I was about 16 or 17 (i started my period at 13) I have had very noticeable PMS symptoms starting two weeks before my period. I have regular periods. The main one for me is that my breasts (which are small to medium, a 32C) get extremely sore. Like it hurts to roll gently to my side or to bend over slightly. They feel like heavy bruises.

Exercise, changing my diet (I was vegan and gluten free and had celery juice almost every day for a couple of years, for example) didn’t change it.

I went to France for four months, and suddenly it disappeared. I still got my period every month but magically didn’t have extremely sore breasts for two whole weeks. Of course I ate different meals but I still ate the same sorts of foods, and didn’t watch what I ate that much (I didn’t have any fruit while there, and still ate brownies and cookies. I also had a lot of gluten and dairy).

Now I came back to the US, hoping that it would stay like this…but now my breasts are sore again. Even though when I came back I have been making celery juice again (I’m not doing anything else yet).

Does anyone have any ideas on why this could be?",4,1,meal,2,Personal PMDD Narratives & Life Decisions,0.7045,1,1,1,0
a3b57557d055,pms,Is this normal?,"I start feeling extremely tired and demotivated to do anything a week before periods. I'd be active, finish things in advance, have proper meals and suddenly it's all changed. As if I've been taken by a strong wave. I won't exercise, don't feel like eating, eat at weird times and sometimes eat too much. Sometimes I get less sleep too. It's usually goes back to normal after my periods but it creates a space where I have to quickly finish this that I'd been procrastinating increasing my load. Is this normal? Has anyone else been through this? Can something be done about it?",20,16,meal,2,Personal PMDD Narratives & Life Decisions,0.5938,1,1,1,0
6f0f80d409db,pms,I just need tips with how to deal with the sadness and mood swings. Please help,"Expecting my period this week but stressed that it’s late. Have been cramping for 2 days and I think that’s making me tired and anxious. What do I do to calm myself down? I just start sobbing when things are quiet around me.

I read that leading a healthy lifestyle is key to avoid pms. But I’ve been exercising and sleeping regularly. I usually have home cooked vegetarian meals. So I am not sure why am I dealing with this. I also have a breakout of pimples on my chin and neck. I had been previously diagnosed with pcod but symptoms are better for the past year.

Please help. Imma just cry 🥹",4,2,meal,2,Personal PMDD Narratives & Life Decisions,-0.5917,1,0,1,0
a94431dbafde,pms,Huge meltdown,"Contextual info: I’m in recovery for an eating disorder. I live in a stepfamily. I work full time and am under a lot of stress at work. I’m on my period and extra hungry.

I’ve just had a 8 hour meltdown.

The reason? We had ordered a takeout as a treat (we only order takeout a few times a year) and I saved a part of mine to enjoy later today. Food is a big deal for me. I think about it a lot and meticulously plan out my meals. I’ve been diagnosed autistic for a couple of years.

I woke up today to find that someone had helped themselves to the food I had been saving. I completely lost it. I threw the remaining food at someone. I called the culprit names. I cried. Sent argumentative messages. Went on a 10 mile walk till I was exhausted. And I starved myself.

This was a huge meltdown. What could I have done differently? I just completely lost it. I feel intense shame and frustration. I don’t know how to move forward.",4,1,meal,2,Personal PMDD Narratives & Life Decisions,-0.9306,1,1,0,0
e9ebb24c0d70,pms,High fat Low Carb diet reduced my PMS dramatically this month.,"Public service announcement. After 20+ years of feeling depressed and anxious 1-2 weeks before my period this diet seems to have helped. Not sure if it’s because my blood sugar is more stable or a hormonal thing but I only had 1 day before my period I was a bit flat &amp; emotionally sensitive &amp; 1 day of mild irritability. My macro split was about 50-60% fat, 25% protein 15-20% carbs. I wasn’t perfect and still ate a couple of high carb meals and desserts on the weekends. Glucose Goddess is also a good resource on Instagram. Hope this helps someone! ❤️",11,8,meal,2,Personal PMDD Narratives & Life Decisions,0.9225,1,1,0,0
bd858d09ff7b,pms,PMS Symptom Management," 

PMS has been misunderstood for too long. Dismissed and not taken seriously, while more than 75% of women have to live with it, each month. In fact, only 60 years ago it was recognized as “a real thing”. I wonder, how many of us would say it isn’t?:) 

PMS has a specially interesting fact about it. While it has been generally categorised as hormonal imbalance, looking at women hormone levels with and without PMS shows almost no difference. However, it’s thought that in women with PMS the matter is not in the levels of normal hormones but rather how those normal hormone levels are interacting with their stress hormones and neurotransmitters. That is why it can’t be fixed with the pill, therefore nutritional and lifestyle approaches have been proven to reduce or completely stop PMS. 

WHEN REGULAR SYMPTOMS START TO GET IN THE WAY OF YOUR MOOD OR PHYSICAL COMFORT, OR INTERFERE WITH YOUR ABILITY TO FUNCTION IT IS NOT NORMAL ANYMORE AND THAT IS WHEN IT IS PMS.

How can you manage your PMS?

📷 Remove coffee, processed sugars and caffeinated teas. All can worsen hormonal imbalances. 

📷 5HTP. It has been shown to help with PMS anxiety, depression and insomnia.

📷 Turmeric. Phytonutrients such as this one have anti-inflammatory properties which can help to reduce the symptoms.

📷 Flaxseed meal. High levels of oestrogen are pro inflammatory. Flaxseed may help to support healthy oestrogen metabolism. 

📷 Pause. This is one that is still hard to comprehend for our society and is often looked at as something of a secondary importance. But learning to pause and follow inherent desires to nest, go within, hibernate and retreat will have a huge positive effect on your PMS symptoms.",8,5,meal,2,Personal PMDD Narratives & Life Decisions,0.9622,1,1,1,0
d5c4eb234799,pms,periods suck but here is a positive post,"pms/pmdd have been kicking my @$$ this weekend, and I was feeling so sick last night after my period had started in the afternoon. I texted my mom at about 8pm asking if she was busy and if she could do me a huge favor to bring me some heavy-flow pads because the ones I bought a few days ago were the thin one and I didn't realize it until it was too late xP I felt too dizzy and nauseated to go to the store myself. This wonderful woman hopped in the car and came right over with two packages of pads, along with chocolate milk, my favorite chips and juice, and two microwave meals so I could make something easy for myself since she figured I hadn't felt well enough to cook all day (she was correct). I was up all night with pretty bad cramps but at least I had adequate pads and some snacks to get me through it. 

I have plans to move to another country after I graduate next year, and idk what I'm gonna do without my momma just 30 minutes away...",29,10,meal,2,Personal PMDD Narratives & Life Decisions,0.9656,0,0,0,0
c9f3c35d2e93,pms,Someone please put this starving horse out of her misery! 🐎,"Been on the BC Implant since December of last year. You better believe my body has not been use to the change, especially after my covid shot in April. I just recently went 73 days with no period (best 73 days of my life). 

Suddenly, period started up again. It’s almost like it’s trying to have the two periods I missed at the same time. Period has went from light, to heavy, to spotting, to what I believe to be done and grabbing my good underwear, to ruining my favorite good underwear, to heavy again. 

Why am I contacting you guys? Simple! Today I AM NOT in the best of shape. Like at all. All PMS symptoms you can possibly imagine: headache, severe cramping, bloating, nausea, extreme fatigue, medium flow, mood swings, cravings(had rich, chocolate chip filled brownies for breakfast, don’t ask), bad stool, gassy, ugh it’s absolutely awful. Almost wanna get my tubes tied I’m so sick of this crap. 

I’m hungry too. But I don’t want brownies oh no! I want something that would make me feel better. But I can’t think of anything! 

So my question to you girls out there is simple: what is your favorite go-to food/meals you eat on your period? Not dessert, trust me that didn’t go over well. Nothing seems to make my stomach happy and tbh I want salad but salad has been know to make me bloat even more so that’s out of the question. 

Watcha got?",4,3,meal,2,Personal PMDD Narratives & Life Decisions,0.8284,1,0,0,0
4b34168c1e01,pms,I feel like I'm bipolar on a schedule,"Just wondering if anyone else is the same.

I'm not on birth control and have never been. I've learned to live with these extreme mood changes, and actually I've come to a place where I feel I can take advantage of them.

I seriously feel like I'm bipolar, on a very predictable schedule that aligns with my hormones.

I have a therapist who says I am not bipolar, that bipolar mood swings don't happen on a predictable schedule based on hormones. I know that, and I'm not trying to disrespect people who actually have that diagnosis.

I work insanely hard, from the day I bleed, until about day 22. I am creative, energetic, barely need to eat or sleep, great self esteem, daring, outgoing, active, hypersexual, social. I want sex two-three times a day during ovulation, and once a day all throughout follicular. Anyway, I've figured out that this is the time to really hunker down on creative projects, do new things, be social, eat healthy, etc.

Around day 22, everything changes. All I want to do is eat and sleep. I can barely move. What's harder, is that every small thing makes me extremely sad. I get extremely bitchy, and then I cry and feel like a small child needing to be held. If I don't watch my train of thought, I'll become completely convinced that I need to commit suicide, that this is the ethical choice for my loved ones and the world. I try to save the easier tasks in my life for this time, eat/sleep a lot, and give myself a break if possible.

Unfortunately, the world is not always on my schedule. Right now I'm fighting to have any energy at all at work, and not let every small thing make me suicidal.

Although I'm not bipolar, I have been diagnosed with PTSD from prolonged childhood trauma. I kind of wonder if it's all related, even the periods of extreme good mood. Maybe when I have enough energy to be super productive, I'm able to distract myself from the underlying hard feelings, and that feels good. When I can't work like an insane person anymore, the dark cloud thickens.

Edit: I bet if women had developed the working world, instead of a standard 8 hour day, everyone would have a monthly quota of work they have to get done. And then all us ladies would be getting almost all of it done the first three weeks and doing jack $hit during our luteal phase.",4,5,schedule,2,Personal PMDD Narratives & Life Decisions,0.9811,1,1,1,0
872eee8721ed,pms,"My next period scheduled for my already booked anniversary, how to start it a week early or delay after? My current period is about to end. ","Any things to eat, teas to drink to alter my hormones to maybe get my period early or late ?",2,1,schedule,2,Personal PMDD Narratives & Life Decisions,-0.3313,0,0,0,0
4d7d7d968f2d,pms,Sudden drops in blood sugar,"Hello, looking for some advice if this is normal or if I’m better scheduling a doctors appointment.

My PMS symptoms start as soon as I finish ovulation, so roughly 14 days of feeling this way.

I have posted before about insane hunger, but for the past year I have been struggling with sudden drops of blood sugar - I could have eaten an hour previously, but it will then drop &amp; I am starving, dizzy, light heated, shaking &amp; my legs/ arms feel very heavy. I have to have something very sugary to fix this, a simple savoury/ healthy snack doesn’t do the job.

Is this normal with PMS? I assume not common, but not a medical concern? 

Once my period starts then all symptoms fade away.",2,6,schedule,2,Personal PMDD Narratives & Life Decisions,-0.8862,1,0,1,0
24ea97d29975,pms,Worsening PMS symptoms age 33,"Hi there, I have not had kids and likely won't. I am writing for some advice or insight. I have an appointment with my doctor and a health clinic next week. but in the meantime, has anyone experienced like worsening PMS symptoms? I feel ever since covid I have had bad bad pre menstrual symptoms like mood swings, irritability, sadness, frustration, bloating, heavy breasts, pimples on breasts, terrible headaches, and heavy menstruation. My aunt was diagnosed with stage four cervical cancer. 

I have vitex, I have midol. I have heard about an anti histamine connection and the recommendation of pepcid? 

For mood, I trey to exercise, get good sleep, journal, and pray.

Please if anyone has some tips that have absolutely worked or helped I would appreciate it ",11,10,schedule,2,Personal PMDD Narratives & Life Decisions,-0.9731,1,1,1,0
2f7fb4adae2d,pms,Period flu during Luteal Phase? You get sick after you ovulate? It may be your gut not absorbing nutrients as it should.,"Here is a plan given to me to help me stop getting respiratory illness every month during and after ovulating, and all the way to my period. It's so debilitating and I hate it and I am tired of it. 

The Luteal phase is really messing with my health. Now I have learned that during the Luteal phase, our gut works slower because of the rise of progesterone, which hinders the absorb iron and nutritients.

I can see how this is leaving me weak and vulnerable to catching respiratory illnessss. Plus I bet it causes inflamation too. I am already on an antinflamatory diet. Well, I think I am in one by me guessing what not to eat from what I read online. 

But I am ready to take it to the next level. So, I searched for a plan to increase nutrient absorption during Luteal Phase.


----The Plan to Absorb More Nutrients ----

This plan is to support your gut during the luteal phase and optimize your nutrient absorption, especially iron, to reduce your vulnerability to respiratory illnesses.

1. Improve Gut Health During the Luteal Phase

Since you're experiencing symptoms like runny nose and respiratory issues, it’s crucial to focus on optimizing gut health right after ovulation. The slowing of digestion and changes in gut motility due to progesterone can be managed with specific strategies.

Gut Health Support:

Probiotics:

Action: Start a high-quality, broad-spectrum probiotic, ideally one that includes Lactobacillus reuteri, Bifidobacterium, and Saccharomyces boulardii. These strains can help balance gut flora, reduce inflammation, and improve digestion. Probiotics can also help with immune function and reducing the chances of respiratory infections.

How to use: Take probiotics daily, preferably in the morning, on an empty stomach. This ensures maximum absorption.


Prebiotics and Fiber:

Action: Introduce prebiotics into your diet to feed healthy gut bacteria. Foods like garlic, onions, leeks, asparagus, bananas, and chicory root are great sources.

How to use: Aim for 1–2 servings per day of these prebiotic-rich foods.


Digestive Enzymes:

Action: Consider taking digestive enzymes that contain protease, amylase, lipase, and cellulase to support digestion during the luteal phase when gut motility is slower. These enzymes help break down food and nutrients for better absorption.

How to use: Take enzymes with meals for improved digestion and absorption.



2. Boost Iron Absorption

Since you're dealing with potential low iron absorption, a strategic approach is essential. Here’s a plan to ensure your gut gets the nutrients it needs.

Iron-Rich Foods:

Action: Focus on iron-rich foods, particularly heme iron (found in animal-based sources) as it’s more easily absorbed than non-heme iron.

Heme Iron: Beef, chicken, turkey, lamb, and liver.

Non-Heme Iron: Leafy greens (spinach, kale), beans, lentils, tofu, fortified cereals, and pumpkin seeds.

Vitamin C: Pair iron-rich foods with vitamin C (like bell peppers, citrus fruits, and tomatoes) to increase non-heme iron absorption.


How to use: Incorporate iron-rich foods into your meals at least 3-4 times per week. Be mindful to avoid calcium-rich foods (like dairy) at the same time as iron because calcium can inhibit absorption.


Iron Supplementation:

Action: If you think your iron levels are low, a high-quality iron supplement (preferably with ferrous bisglycinate for better absorption) might be necessary. Iron supplements work best when taken on an empty stomach.

How to use: Consider taking iron supplements for 1–2 weeks after ovulation, particularly during your luteal phase when your body may be more prone to iron loss.


3. Anti-Inflammatory and Immune-Boosting Foods

Given the respiratory issues you’re experiencing, strengthening your immune system during your luteal phase is important.

Immune Support:

Action: Integrate anti-inflammatory foods and immune-boosting nutrients into your diet:

Omega-3s: Fatty fish like salmon, mackerel, and sardines, chia seeds, and walnuts.

Vitamin D: Spend time in the sun and consider a vitamin D supplement (1,000–2,000 IU/day). This is crucial for immune function.

Zinc: Pumpkin seeds, cashews, chickpeas, and shellfish (zinc is important for fighting off infections).

Vitamin C: Alongside iron, vitamin C boosts your immune system. Include citrus fruits, bell peppers, broccoli, and strawberries.

Curcumin and Ginger: These are powerful anti-inflammatory and immune-boosting agents. Consider adding fresh ginger to your tea or meals, and curcumin supplements can be helpful too.


How to use: Aim to include these anti-inflammatory and immune-boosting foods every day. Consider 1–2 servings of fatty fish weekly and supplement with vitamin D and zinc if you’re not getting enough from food.


4. Hydration and Detoxification

Dehydration can exacerbate gut sluggishness and immune function. Staying hydrated is key to helping your body flush out toxins and maintain proper circulation of nutrients.

Hydration Plan:

Action: Increase your water intake, especially during the luteal phase. You can also include electrolyte-rich drinks like coconut water or herbal teas that support hydration and digestion.

Herbal Teas: Peppermint, ginger, or chamomile tea can soothe the gut and improve digestion.


How to use: Aim to drink 2.5-3 liters of water daily, including herbal teas to support digestion.


5. Lifestyle Factors

Stress, sleep, and exercise can all impact gut health and immune function, particularly in the luteal phase.

Stress Management:

Action: Stress exacerbates inflammation and digestive issues, so incorporating stress-reduction techniques like yoga, meditation, or deep breathing exercises is crucial during your luteal phase.

How to use: Dedicate at least 15–30 minutes daily to stress management practices. Try practicing relaxation techniques before bed to ensure you’re getting restorative sleep.


Sleep:

Action: Aim for 7-9 hours of quality sleep per night. This will help regulate hormone levels and support immune function.

How to use: Try to maintain a consistent sleep schedule and ensure your sleep environment is conducive to rest (dark room, no electronics before bed).


6. Regular Physical Activity (But Avoid Overdoing It)

While exercise is essential, too much intense activity can increase cortisol levels and stress the body, affecting your immune system and gut.

Exercise Plan:

Action: Moderate exercise, like walking, yoga, or light resistance training, can improve circulation and support nutrient absorption.

How to use: Aim for 30 minutes of moderate exercise 3-4 times per week.



---

Strategic Plan:

Morning:

Take probiotics on an empty stomach.

Hydrate with a glass of water + a squeeze of lemon.

Eat an iron-rich breakfast (e.g., eggs, spinach, and citrus fruit for vitamin C).


Midday:

Include prebiotic-rich foods in lunch (e.g., garlic, onion, or asparagus).

Consume a balanced meal with lean protein (iron-rich), leafy greens, and omega-3s (e.g., fish).

Drink herbal tea (ginger or peppermint) post-lunch.


Afternoon:

Have a snack with zinc-rich foods (e.g., pumpkin seeds or cashews).

Ensure you’re getting vitamin D and omega-3s (consider a supplement if needed).


Evening:

Dinner with lean protein, colorful vegetables (for antioxidants), and healthy fats.

Take digestive enzymes with dinner.

Relaxation techniques before bed (yoga, meditation, or deep breathing).

Key Supplements to Consider:

1. Probiotics (daily)

2. Digestive Enzymes (with meals)

3. Iron Supplement (during luteal phase)

4. Vitamin D (1,000–2,000 IU daily)

5. Zinc (15-30 mg daily)


By following this strategic plan strictly, you should be able to better support your gut’s ability to absorb nutrients, boost your immune system, and hopefully mitigate your respiratory issues during the luteal phase. Be patient with yourself, and make sure to consult with a healthcare provider if you feel any issues persist or worsen.

",4,2,schedule,0,Luteal Phase Decision-Making: Advice & Warnings,0.9997,1,1,0,0
af3153cb9e58,pms,How are you coming to terms with what having a period means in regards to work?,"
In my 20s I was too busy having fun to notice my periods. I was always of the idea that besides the occasional premenstrual mood swing I was fine. And I was lucky to not even have painful periods. 

So I never educated myself about my period. There was nothing to educate on because I knew everything there is to know. You bleed out of your vagina for around 5 days a month, you can choose between pads and tampons. And if you want your lover to love you forever, put a little bit of your period blood in his coffee and he will never leave you! 

I choose tampons because I hated that my period smelled like a fish market at 4pm. 

Somewhere around the year 2010something, I heated about toxic shock syndrome and yes it left me in shock 1 out of 20,000 women! That’s a super high number! 

I’m not scared of dying and I don’t think anything bad will happen to me, but let’s just say I was very happy when the menstrual cup was invented. I told everyone I knew and their boyfriends about it. Everyone had to spread the gospel so that every girl knows that menstrual cups exist. 

After about a year of trying really hard to make it work, I had to give in and give up because getting a yeast infection every other month is no joke. 

Around the same time I read Alessa Vittis woman code. Not for myself of course, but for my other female friends who have hormonal issues and painful periods. 

I was into TCM already at the time, and the idea of eating to support female health sounded great. Even tough I didn’t understand what this thing about good for women was that they were talking about.

I was completely clueless about how different our hormones make us in every possible way. 

Only on the last 2 years did I become increasingly interested in female hormones and how it impacts us in the way we live our lives.

As my pms symptoms increased and slowly started making me feel like I was crazy half the month.. I slowly discovered the terms PMDD, Adhd, and autism.. turns out if you’re a female with either of them there’s a 50% chance you also have the other..

So let’s just say things got very interesting at that point, and I finally had an explanation for literally everything that was not working in my life: my obsession with having a big desk and a comfortable chair, my struggle to finish projects, my general struggles with work and consistency and productivity in general.

Why couldn’t I just get disciplined in the way the men writing books about it are telling me  it’s supposed to be done in? 

Just do a little bit every day. Consistency compounds. Yes, ok I get it. But on some days it just won’t do. 

Now that I’ve read a lot of counter literature to the male claims for solving productivity the every 15 min I get a release of testosterone flooding my body way; I structure my weeks very differently.

I schedule my period and the luteal phase in my calendar. I put up reminders in my calendar that I am not being myself while I’m waiting for my period.

It is not the time to try to problem solve the world.. it’s the time to retreat. So I say no to all socialising on those 2 days. I know I need to be quiet, and introspective..

Now that I have started wanting to live my life in sync with my natural cycles, each time I think of the work place options for this kind of lifestyle I get angry. So angry that it makes me want to go and make it my life’s work to provide women with 1 week off during her period.

When I first heard about Spain giving women some days off for their periods, no questions asked, I was shocked that it never even crossed my mind that that would be a possibility.

I still don’t see why asking for 1 week off to actually be the way that nature designed me to be is too much, and why it is unlikely to happen as a female president in the US…

So, as we know capitalism is unsustainable and so is the very nature of work. I am personally absolutely determined to scale my own business to the point of getting out of the structure of employment on a 5 days a work 8 hours a day type of model. 

I would love to hear what you all think about this and where you are in your own journey of coming to terms with what having a period and menopause eventually means in regards to work. 

I’m sorry this got so long, I got high and took a bath to ease my PMS restlessness and then felt inspired to write about my anger and passion towards getting women adequate lives that don’t make us miserable or sick or both. 

💗",15,24,schedule,2,Personal PMDD Narratives & Life Decisions,0.9891,1,0,1,1
e44798e898d6,pms,Cramps and other new symptoms ,I am 37 and I feel like every year my PMS gets worse. Every job I've had since 2018 I have called out during my cycle due to severe cramping (either from the night before from no sleep or the day of). As far as I know I don't have Endometriosis but the cramping is so bad I'm debilitated for the 5+ hours they last. If I take something before they start I'm OK but if I take something after they started I typically have to wait another four hours to take the meds again. I also started getting nausea and insomnia but the cramps are the worse part of it. Has anyone received any treatment that helps? I would like to avoid birth control if I can. ,2,5,schedule,2,Personal PMDD Narratives & Life Decisions,-0.8145,1,1,1,0
604726ae350f,pms,"has anyone tried having a period last for 2 weeks, get your period again 2 weeks later, and it was a heavy period?","hello ! based on the title, im pretty much in that situation at the moment.

my periods have always been pretty regular (im 18 now and have been on my period since i was 10), but during my cycle last september, it was pretty late by a week but the bleeding/PMS symptoms were all pretty normal. i suspect it was because i was under a lot of stress at the time, since i just started college and im taking up architecture :)) a pretty stressful course honestly

last october, it lasted about 2 weeks? which is VERY unnatural for me, as my typical cycle is 4-8 days only. went to an OB and had a scheduled transrectal ultrasound because im still a virgin, but i didn't push through with it as i felt it was very invasive (plus the doctor didnt even offer a blood test or urinalysis or anything). it was a light bleed everyday but i still experienced my regular PMS symptoms, so i wasn't really worried

my current period is just 18 days after my last, but my cycle is still pretty normal (my usual cycle lasts around 35 days on average), BUT im bleeding HEAVY. my periods in the last 6 months have all showed up on time, neither am i at risk for pregnancy because ive never had penetrative sex, but the changes in my periods are pretty alarming to me

i plan to book an appointment with an OB soon, bt did anyone experience the same thing as i am right now? and if so, what happened?",3,3,schedule,2,Personal PMDD Narratives & Life Decisions,0.965,1,0,1,0
13761fbc7291,pms,This shit sucks(rant/vent),"I know my period is about to start, I don't track my period right now but God damn it better start soon because I feel like SHIT. Everything feels wrong, I feel like I'm doing nothing right, I'm anxious about stupid shit, I'm about to run out of the meds that help me with this shit and my dumbass self hasn't called the pharmacy and I KNOW I'm out of refills. I use stupid Dr on demand for my psychiatry and I'll have to wait weeks for an appointment I haven't scheduled yet. Then pay $50 (even though I have good insurance) for a 5 minute session where I say I don't want to change anything, I just want my meds. Or I could switch to an in person psychiatrist that might have a cheaper copay but then I have to make PHONE CALLS and GO SOMEWHERE. The house is a mess, my poor dog hasn't been on a walk in too long, honestly I need to go back to therapy but its HARD and I DONT WANNA. Motherfuckrr god damn fucking Jesus. I need to go to sleep but I'm so fucking angry at myself for everything stupid I've ever done and also angry at myself for not doing enough about everything wrong in my life and the world in general. I KNOW I will feel so much better in a week, but I'm in this shit NOW and I DONT LIKE IT. All I want is a joint and some dole whip but I don't have EITHER.  Thank you, goodnight, I'm going to sleep whether my dumb brain likes it or not. ",7,8,schedule,2,Personal PMDD Narratives & Life Decisions,-0.996,1,1,1,1
471c4e2f9d92,pms,Do you struggle with mental health + your cycle? Can I chat with you for a research project?,"Hi all,

I've navigated PMDD for years and am hoping to better understand how women are currently managing their symptoms, resources they've used, medications/therapy approaches, etc. My mood swings have prevented me from performing well at work, affected my relationship with myself and contributed to poor decisions that affect other aspects of my health, and I know I'm not alone.

I'm conducting research to try to inform a new women's health startup that focuses on PMDD / mental health related symptoms to your cycle. Our chat will be completely anonymous, you don't have to share any personal information and can be done over a phone call. **Will send a $15 giftcard/venmo as a thank you for engaging in the research.**

If you are interested in participating, you can [fill out this short form here](https://docs.google.com/forms/d/e/1FAIpQLSfpl1KhdbicL2CLo9Nsm5jhsg54kUN9ugshPuJlM2qoORPBQw/viewform) and schedule time with me directly to chat. **All of your information will be kept private and I will not collect any identifying information**. 

Thank you!! ",7,9,schedule,2,Personal PMDD Narratives & Life Decisions,0.8956,1,1,0,0
66cbec81464a,pms,Empower women to achieve hormonal balance and optimal health!,"I'm excited to share a special opportunity with you! I’m launching an exclusive pilot for my new 3-month coaching program, The Female Balance Program, and you can be part of it.

**The Female Balance Program** is designed to help women achieve optimal health and balance by focusing on Fem's Health's four pillars of health:

🥑 N**utrition **(detoxification, digestion &amp; blood sugar)  
🚶🏼‍♀️ Mo**vement**  
😴 S**leep**  
🛀🏼 Re**laxation &amp; Self-care (**stress management)

This program is for women experiencing PMS, PCOS, menstrual issues (painful, irregular, heavy periods), trouble losing weight, fatigue, wanting to quit hormonal birth control, and other hormonal imbalances.  


I've launched this pilot to gather valuable feedback and improve the program before its full launch. This program is built on insights from over 100 women and the feedback from previous clients. Now is the time to test and refine this program with real-world feedback to ensure an even better experience for future participants.

This pilot program is being offered at a significantly reduced rate compared to the regular program cost. It’s a limited-time opportunity to join at a fraction of the usual price which allows you to experience the full benefits of The Female Balance Program at an exceptional value.

**Pilot Program Special Offer:**

* **Total cost:** €250 (or 3x €87,50 per month)

Spaces are limited, so secure your spot now to benefit from this exclusive introductory rate and begin your journey towards improved health and well-being.  


**What you will receive:**

* **6 private, 1-on-1 virtual coaching sessions** (45-60 minutes each).
* **Recap messages** with next steps after each session.
* **3 months of unlimited WhatsApp &amp; email access** for support &amp; questions.
* **Accountability through weekly check-ins.**
* **Personalized advice** on nutrition and lifestyle.
* **Tracking sheets, guides, and learning resources.**

To ensure this program meets your needs, we will start with a free and non-binding discovery call. During this call, we will get to know each other and discuss your health concerns and goals using an intake form. If you are ready to take control of your health and achieve balance in your life, you can schedule your free discovery call directly by clicking [**here**](https://tidycal.com/femshealth/intake-pilot) to book a convenient time slot.

Help me spread the word! Feel free to share this pilot offer with your girlfriends, family, female colleagues, or anyone who might benefit from it. Together, we can empower more women to achieve hormonal balance and optimal health!",2,0,schedule,2,Personal PMDD Narratives & Life Decisions,0.9962,1,1,0,0
9672aeafb59d,pms,Severe PMS symptoms,"Hi, My wife has PCOS and there are no regular periods, but there are symptoms like PMS which happen throughout the month. she will flip over small things, be irrational, more emotional etc. For some days she will be nice , then some days she will need lot of attention, then for some days she will be cranky , for other days she will find a reason to fight and on remaining days we both will be a happy couple. As there is no fixed schedule so that I can be prepared for it, I get completely frustrated. It has been few years now. I have stresses of my own. Because of the PMS stuff I find myself in a complete roller coaster and I think it is taking a toll on my mental and physical health. Though she knows she has PMS but she either is not aware or simply ignores the impact of her moodiness on my quality of life. She has narcissistic traits from her mother. This along with PMS induced irrationality makes it very difficult to have a meaningful conversation where I can tell her that these things are bothering me and she should acknowledge it and work on it. Any suggestions on how and when to bring this discussion up with her ? How do people handle their own PMS ? What they expect from partners ? And what partners do to cope up with severe PMS",5,2,schedule,2,Personal PMDD Narratives & Life Decisions,-0.9699,1,0,1,0
e7a5aba0f27b,pms,Balancing full time work with PMS symptoms,"Hi, I've been having this issue for many years now. I tend to start craving for more fatty food from ovulation onwards, then I eat more and get bloated and feel indigestion symptoms with a lot of gas. It makes me feel uncomfortable and I often have to take a few days of leave during this period. I find it so hard to keep to a full time work schedule that requires me to be in the office from 9-6 during these two weeks from ovulation to menstruation. 

After I eat more, I need to take more time to workout to burn the additional food that I've eaten. I also feel more tired and need to rest more, my whole body feels achy and emotionally I feel irritated or depressed.  I could be very motivated with my regular workout routine, diet and work but everything just goes down when I'm going through these right after ovulation on the calendar.  It has ended up with skipping work or resigning completely because I just cannot make it to work and want to let go of everything. My head just feels spaced out for two weeks. 

WFH was good because I could still catch up on work while being in my hidey hole at home, but nowadays it's hard to find remote work. I just cannot bring myself to the office and sit there for 9-6 while I'm going through these symptoms.

Anyone else experience this type of rollercoaster symptoms and breaks in the regular routine? How to combat all these things? It has been very disruptive to my life.",3,2,schedule,2,Personal PMDD Narratives & Life Decisions,-0.873,1,1,1,1
3cb64ed3d646,pms,Luteal Phase,"Anyone else get pms symptoms the exact day you start your luteal phase? Already cramping, emotional, low energy, and bloating 🙃 Finding a life balance with my cycle seems impossible. Starting to wonder if I should just plan my work schedule around my cycle. Add on top of that being sick with an infection and I’m ready to curl up and do nothing for the next week. 😩 I feel like a completely different person than I was last week 😓",8,4,schedule,0,Luteal Phase Decision-Making: Advice & Warnings,-0.2023,1,0,0,0
225449a99f04,pms,Evening primrose oil,"Hi! I recently tried evening primrose oil (one 1,000 mg capsule a day for like 5 days) for help with pms the week before I was scheduled to bleed. 
I thought it was working but now my period is 8 days late. I'm so annoyed. I only took the capsules for 5 days. I'm definitely not pregnant. I will never take evening primrose again. 
Has anyone experienced this? I'm really hoping my cycle will go back to normal. I'm usually very regular.",7,5,schedule,2,Personal PMDD Narratives & Life Decisions,0.7212,1,0,1,0
a7cf1cceabc6,pms,Pms symptoms but no period?,"So I normally suffer with really bad pms and have been prescribed antidepressants as a result. My periods and my pms symptoms have been fairly predictable give or take a few days. However, this month has been a bit odd as a few weeks ago I started getting what I would say are my usual pms symptoms but my period didn't come. I'm 2 weeks late now (so 6 weeks since my last period) and I still have what I thought was pms symptoms. I've been susper stressed lately so maybe it's that instead but would that delay a period? anyone else like this? (Definitely not pregnant either)",2,5,schedule,2,Personal PMDD Narratives & Life Decisions,-0.9454,1,0,0,0
b0252fb9420c,pms,Anyone else want to be left tf alone while PMSing?,"I’m four days away from the scheduled start date and I  just want to be left alone. But the guy I recently started seeing is in full on cling-mode. It does not bode well for the future, know what I mean? I even warned him that I am HORRIBLE at this time of the month and should be left alone so as to avoid unpleasantness, and he just isn’t getting it. 
It’s been forever since I dated someone, even from a distance, and I don’t remember being this annoyed by men before.",47,13,schedule,2,Personal PMDD Narratives & Life Decisions,-0.9656,0,0,0,0
cffb73e85238,pms,help!,"hi, is brown discharge 4 days before your next scheduled period normal?

im in a middle of a pregnancy scarn rn which is just worsened by my anxiety lol. no p in v penetration was involved, but i am stressing over the fact that what if semen managed to reach my vulva

would appreciate your replies a lot!",1,11,schedule,2,Personal PMDD Narratives & Life Decisions,0.2225,1,0,0,0
4af2fa0143e0,pms,HOW THE HELL DO WOMEN WORK WITH PMS!!,"Recent college grad, about to embark job hunting journey and my PMS symptoms have gotten worse the past couple of years.

I’m scared I won’t be able to get out of bed or be puking my guts out in the mornings and then feeling lethargic the rest of the day one week out of the month!!!

Sometimes I even get migraines! 

How the fuck do women do this in the work place!",5,4,schedule,2,Personal PMDD Narratives & Life Decisions,-0.9626,1,1,0,0
31a897a2c80b,pms,How TF do you work when you have PMS?,"I'm ""working"" now, and have technically been ""working"" all day.

&amp;#x200B;

In reality, I'm just sitting at my computer, unable to focus, and crying my eyes out over how little I'm getting done.

&amp;#x200B;

How tf does anyone get any work done when they're pmsing? Is there some secret trick I'm missing, or do women just do sh\*t work for a few days a month, and have to make up for it later?",21,6,schedule,2,Personal PMDD Narratives & Life Decisions,-0.7219,1,0,1,0
6db61a451cd9,pms,PMS and life stuff,"So two weeks ago I had a major schedule change at work which resulted in more hours I have to work smh. I start my period on Friday and for the past few days I’ve been feeling burned out. Being over it is an understatement 😒 literally everything is triggering me smfh. I hate work, hate my life, hate how my body looks ughhhhhhhhhh",4,3,schedule,2,Personal PMDD Narratives & Life Decisions,-0.9169,0,0,0,0
bcd6e8d1bd44,pms,When you're in hell week and don't want or just can't skip things,"Few weeks ago my family visited me. It was holiday and I was in my hell week. I knew I wouldn't be in my best but I chose to receive them because we wouldn't have another holiday so soon... it wasn't easy for me, I was tired af, with a terrible back pain and EXTREMELY fatigued and all I wanted was stay in bed. I tried my best to be present for them and I did but it was exausting and I got stressed and grumpy with everyone on Saturday (they arrived on Thursday) and they were like ""hey, what happened?"" and only after my bitch-moment who lasted during some hours I finally went to rest a little bit and woke up in a better mood (but also feeling guilty about being grumpy with everyone 😔). 

What I learned with this was that although I didn't regret receiving them at my hell week (normally I don't schedule things during it because all I wanna do is sleep), I wish I had taken more pauses to rest before I reached my limit so I would not get THAT stressed on Saturday. I could have avoided that. 
I stayed all the time with them until late at night, drinking and talking, but inside I was just tired as fuck. Should have listen to my body and just take a time and rest without feeling guilty about being the host and leaving them alone for a while. Anyway... Next time I'll stop and rest in order to feel better and recharge my battery. 

Any other coping skills to deal with these situations where you can't or don't want to cancel appointments (personal or business) and still want to be present and feel good about it, are more than welcome! Unfortunately it's not always that we can just skip things and stay in bed resting and napping... wish it was haha 

I have a hard time dealing with these moments so I'm still figuring out what works for me. 

What do you do in these situations? ☺️",8,5,schedule,2,Personal PMDD Narratives & Life Decisions,-0.5683,1,1,1,0
d3dd4c4db3a5,pms,PMS symptoms while job interviewing,"I had 2 first round job interviews this morning. My pms symptoms started this past Saturday and usually last for at least 7 days. I considered scheduling my interviews to next week. Ultimately, I did not want to wait another week to go through with the interviews as I'm trying to do a better job at not letting pms take over my life + risk my job candidacy.

Logically, I think they went alright. I did the best I could, and know what I can improve on for future interviews. However, I can't help feeling extra anxious about the outcome like I was not able to go about the rest of my day. 

I know things will be okay and I'll find something that will be fitting for my goals. It's just annoying to deal with raging hormones every month (lol). Thanks for listening to my vent/ramble.

On the bright side, I think some of my symptoms don't feel as intense due to eating a more plant-based diet...",9,2,schedule,2,Personal PMDD Narratives & Life Decisions,0.894,1,1,0,0
8342f80022ab,pms,Missed period,"Age, 31. I recently switched from Yoga and weight training few times a week to only weight training and HIIT few times a week. I didn't do more than 10 days of this last month and this month my period is missing!

I know exercise can delay periods etc but this was just 10 days not even that intense. Just 30 mins of sessions.

Do I need to be concerned? I've never missed a period before and my period is almost never off-schedule. 

PS: I'm definitely not pregnant.",4,4,schedule,2,Personal PMDD Narratives & Life Decisions,0.4572,0,1,1,0
ece26e8bfe21,pms,"Vent: Since going off BC 2 years ago, I always get my period when we go on vacation.","Hubby got a vasectomy 2.5 years ago. I went off BC after that. My cycles are mostly regular now, but there’s still some future variation. 


Due to our work schedules and COVID we’ve planned 5-6 smaller trips throughout the year. And I’ve been on the heaviest days for nearly all of them. This alone is enough to make me want to go back on BC just for the predictability.",4,0,schedule,2,Personal PMDD Narratives & Life Decisions,-0.3453,0,0,0,0
e0c7413e0dcf,pms,How to cope with bad insecurity/depression before period?,"Hello all, i was wondering if anyone else has this issue and if you have found a good way to cope or deal with it. Every month for a few days before my period i get incredibly insecure about my friendships. I keep thinking ‘all my friends hate me’, ‘they would rather hang out with ___ than me’, etc. 

I hate it, because i know that isn’t how i really feel. As soon as my period starts im always like wtf was i thinking. But in the moment it feels so horrible. It takes all i can to stop myself from asking my friends if they’re just friends with me out of pity— but i know I can’t ask that because I’ll regret it the instant my period starts.

Does anyone else get this way? I’ve been this way since high school, but it’s gotten considerably worst the last year or so. :( any way i can deal with this? ",14,5,cope,2,Personal PMDD Narratives & Life Decisions,-0.9673,1,0,1,0
a08b4a5866b0,pms,"Ladies, how do you cope with PMS? Especially the mood swings","Like I know I’m irritable because I’m PMSing but it’s SO hard not to lose my shit. One small thing will get on my nerves and I try so hard not to get irritated because my rational mind tells me that it’s not a big deal but I just can’t help it. This last mood swing—I ruined a perfectly good morning by picking a fight with my husband, it makes me feel insane when I get like this. What do you ladies do to handle the mood swings? Do you just let everyone feel the wrath? Or hermit till it’s over? ",11,3,cope,2,Personal PMDD Narratives & Life Decisions,0.4621,1,0,0,0
e57b43ff91bd,pms,"Any men on here, trying to get ideas on how to support her / cope?","It seems rare that guys are thinking about how to support their wives/girlfriends better during her cycle. And yet I feel like most of us complain about PMS when it comes. 

Any guys here trying to improve, or figure it out?",9,13,cope,2,Personal PMDD Narratives & Life Decisions,0.8833,1,0,0,0
20d49fda2e76,pms,Coping strategies for intense emotions ?,"I find that lately my PMS manifests as 1-2 days of more extreme emotions. Tends to be something more relevant to my life at the time, like feeling doubt about a friendships because the intense feeling no one likes me or I am making an absolute fool of myself, whereas normally I can shake things off easier.

Typically during these times I reach out to friends but it can be hard not to feel intense and needy. 

TLDR: question being, what are some healthy ways to channel these intense emotions without feeding into them?

 I want to get better at riding the wave and not necessarily being reactive or creating further problems or downstream effects. ",8,2,cope,2,Personal PMDD Narratives & Life Decisions,0.7106,0,0,1,0
79ec040051f6,pms,How do you cope with PMS?,"If PMS and period-related issues plague you, could you spend 5 minutes completing [this survey](https://www.surveymonkey.com/r/DV7FFH6)? There's questions on your coping techniques and whether you have adequate support. There's also a giveaway if you wish to include your email!",3,4,cope,2,Personal PMDD Narratives & Life Decisions,0.7877,0,0,1,0
c7492d25eda4,pms,"Hard time this month, how do you cope?","Hello to you all

How do you cope with PMS in work environment?

I'm having a really hard time this month. I can't concentrate, my brain refuses to work, I'm extremely forgetful and cry for nothing.

Had to legit go home early crying because I was emotionally exhausted. 

Just having everyone telling me how frustrated they were, that I had forgot to send an email or that I didn't post the right video (can't think straight and just to much to do), and I was crying feeling like absolute sh*t.

I just can't stay motivated and I have so much to do! I just want to throw my phone away, get a plane ticket and go to the other side of the world...or just live in my bed for a week!!

So, what can I do to reduce the ""symptoms""? 
I'm tired of feeling useless and horrible...

Thank you for reading,
Have a good day",7,6,cope,2,Personal PMDD Narratives & Life Decisions,-0.9736,1,0,0,0
5d8d8233ee1a,pms,What is your coping mechanism or advice for not having a meltdown or blow up due to PMS?,"Basically, I fear for anyone who is in my path during PMS time and unfortunately it always seems to be my parents or my boyfriend. The only time I lose my temper is during PMS time and I hate it I start terrible fights or can't get over things and I think its the end of the world. Does anyone else have this? and if so, how do you avoid this from happening?",23,7,cope,2,Personal PMDD Narratives & Life Decisions,-0.9696,0,0,1,0
6c9ca3f2d4a8,pms,"My (19M) girlfriend (20F) struggles with PMDD and PMS, how to deal with it?","My girlfriend is the love of my life and I have had some of my best moments with her. She found me after my friend committed suicide and I have never been in a better spot. I have currently been in this relationship for 2 years going on 3. In the beginning, everything was pretty fine and consistent. A good libido, reassuring, and loving.

About 2 years in, a couple months ago, we have had a little bit of an issue. I do things that she just gets really annoyed and emotional about which includes touching, bringing up how she's tired all the time, and a few more things. All these things were merely jokes aside from the touchiness however it really started affecting her. A couple days later, she was diagnosed with PMDD and PMS that both came from her mom. The doctors just told her to take the same medicine she's been on, regulate her food (since she's allergic to a few things) to help with possibly bloating and constipation, and aside from those 2 things mentioned, nothing much. We both had a conversation and I told her that I wouldn't say or do those kind of things because she feels EXTREMELY guilty of the way she is. I have had to hold her crying because she feels guilty that we don't have sex as often as we did, she doesn't like to even be touched often, and she takes a nap for at least 3 hours everyday.

Initially, this didn't affect me but the issue has just been a matter of me dealing with her AND my own thoughts and emotions. 2 times we've had a conversation where she doesn't think our relationship will work and one of those times we ended up breaking up... for 2 hours and admitted that she doesn't really want to leave me. She is very self-aware after the fact that her PMS really hits her and tells her that everything is bad and we need to break up otherwise we will just hate each other but I know that we both want this relationship. I know how much she cares about me but when its that time of the month, I almost feel like she resents me at times. I find it scary to try to initiate anything sexual anymore around that time because she gets angry and very emotional about touch and intimacy to the point where she just doesn't even want to be hugged or kissed.

The whole point of this post is to ask how I can deal with this. I am very affectionate and desire intimacy. I love being touched and held and I do love her so I want this relationship to work. Every time its that time of the month though, I get so scared that something is going to set her off, and I've told her that and she feels insanely guilty about it and very aware of the situation. But sometimes I just don't feel loved or cared about.

And I don't want to hear people tell me that ""You're young, find someone else"". I love her and she loves me and I couldn't care less as to how I personally have to change or if she needs to change in some way because we are both open to it even if the conversation hurts to have. But we both want this and we both care about each other so, what kind of coping strategies or things that I can do to help her emotionally are out there? People with PMDD, PMS, or both, what kind of coping mechanisms would help you? What could I do to help her?

Thank you for reading this and thank you in advance for any help!",2,2,cope,2,Personal PMDD Narratives & Life Decisions,0.9906,1,1,1,0
3d2308fb5ea4,pms,Feeling like suicide is the only solution to everything??,"I am completely convinced for about 2 days every month. Start making plans and everything, then I bleed and am better. 

crazy that this is just how it feels to be female.",9,4,cope,2,Personal PMDD Narratives & Life Decisions,0.5651,0,0,0,0
bf90423bdc37,pms,Health messed up before period,"29 F here my period is like 2 weeks away but Since I am pmsing my mental is messed up I have no interest in anything and I feel like ending things up around this time it is happening for like 2 years I don't know how to cope up with it every month 1-2 weeks before due dates. My stomach gets irritated as well and I can't eat properly or much during this time. Along with that I am unable to get sleep or even think properly, I am worried about this idk how to stop it as if it keeps on going like this then How am I supposed to do a job that's demanding.? Even though I don't have one now but I am applying and already out of energy ",2,3,cope,2,Personal PMDD Narratives & Life Decisions,-0.5817,1,0,0,0
765417b33ea7,pms,Women participants needed for menstrual pain &amp; painkiller overuse risk study (18+ women),"Hello! I am recruiting participants for a Master’s thesis study at the University of East London (UEL).
The research examines menstrual pain, coping behaviours, personality traits, and painkiller overuse risk.

Eligibility:
• Women aged 18+
• Experience menstrual cycles
• Fluent in English

The survey is anonymous, takes only a few minutes, and has been approved by the UEL Ethics Committee.

👉 Survey link: 

https://uelpsych.eu.qualtrics.com/jfe/form/SV_d6xGowKfhsv5kpM

Thank you very much for your time.✨🤍
",6,2,cope,2,Personal PMDD Narratives & Life Decisions,-0.6996,1,0,0,0
00359a18c7e7,pms,Plan for next PMS,"Please help me out and share your ideas what helps you get through PMS without getting your life disrupted.

Unfortunately my PMS comes in a form of anxiety that I won't have menses this month so you can only imagine the downward spiral.

How do you cope with anxiety and tearfulness during these days that might actually be a week",2,1,cope,2,Personal PMDD Narratives & Life Decisions,0.6124,1,0,0,0
116aa15a487e,pms,Horrible week emotionally every single month. ...but there's more than just PMS,"I'm an alcoholic. Heavy drinker. Entered treatment, not doing great with it. The point is, I don't have a healthy lifestyle in the first place, not with eating, exercise and addiction.

However, every month, every damn month, my drinking intensifies horribly for a week, my mood hits rock bottom.

I know there's a lot of obvious answers to alleviate my symptoms, 100%. But I wonder about going to a gynecologist for the first time in years and asking for BC even before I get my shit straightened out. This shit does in fact trigger me and I'm at a point where the natural ways of coping seem unachievable.

I don't have sex so I'm not concerned with actually avoiding pregnancy or not. Not having periods would also be a major plus.

I have also heard that BC fucks with mental health even more so... that's scary too.

Edited for more info: Already on Zoloft.",4,0,cope,2,Personal PMDD Narratives & Life Decisions,-0.9907,1,1,0,0
625576a744f1,pms,How do you all PMS?,"Hi all!
I’m new to this community and I wanted to know your experience with regard to PMS, like the difference you see in your bodies, while you are PMSing. Puffy face? Bloated belly? Enlarged boobs? Tenderness in the nipples? Etc?
What are the physical and psychological effects you notice right before your periods and how many days prior to your periods and how do you all manage it? 

I usually struggle with constipation, bloating like 8-10 days before my periods, excessive hunger and diarrhoea right before my periods start.

I’m also on a weight loss journey and the bloating gets to me every single time. 
Buttoning my jeans is a struggle. That’s how bad the bloating is.

I would love to listen from you and how you manage those symptoms.

Also how does it affect those struggling with mental health issues, especially if you’re undergoing treatment? Does PMS make it worse? 
How do you cope? ",3,3,cope,2,Personal PMDD Narratives & Life Decisions,-0.7616,1,0,0,0
6743f0383a53,pms,Really bad depression the week before my period,"Tw: suicide, suicidal ideation, depression

Hi all, I’m (25F) really struggling lately with extreme depression during the week before my period starts. For context, I’ve been diagnosed with depression and anxiety and have had them since I was around 13 years old, so it’s nothing new but this past week has been especially bad. The winter and seasonal depression is probably contributing, but I’m wondering if any of you have experienced this and what resources, medication, etc. helped. Not sure whether to talk to my therapist or psychiatrist about anything that could help with this besides my usual coping mechanisms. 

It’s been a pattern that I have intense mood swings the week before my period and usually I can navigate them fine, but lately it’s been so bad that I’ve been having suicidal thoughts. I have safeguards in place so I’m not really asking about that, but want to hear from you all if you’ve experienced something similar and received any kind of relief. Thanks!",11,5,cope,2,Personal PMDD Narratives & Life Decisions,-0.982,1,1,0,0
64d476b87c66,pms,PMS or PMDD?,"I have long suspected I experience PMDD rather than PMS, and when I’ve talked to my doctor about it a while ago she suggested I go on antidepressants. This didn’t sit well with me because I don’t feel like this all the time and I really don’t think I need medication. (And I really don’t want to)

So my question is, anyone been diagnosed with PMDD and what do you do to cope with it? And also am I just overreacting and it’s normal PMS or does this sound like PMDD to you because I’ve not been “officially” diagnosed. Hormonal birth control is not an option for me because I have a high risk of stroke and my doctor basically blacklisted any hormones for me. I had Paragard for ten years and I just got my tubes removed so I’m confident my symptoms aren’t related to a sudden drop off progesterone or anything. 

I’ve had the same symptoms for my whole adult life but the last couple years they’re down right debilitating sometimes. In the two weeks before my period I get really irritable. Like hate my boyfriend type irritable (who is a literal angel and so nice and patient with me), but I just can’t stand him for a few days. I don’t want to talk to him or see him and everything is annoying. 

I have mood swings to the point where I feel borderline suicidal (everything has no meaning, I hate myself, I feel hideous, I can’t  stand just existing) and just really down for no good reason. I get angry like that too sometimes just brushing my hair out when it’s tangled sends me into a rage. I have zero motivation to work out, do chores or anything but sleep and watch tv for few days. Usually the mood swings and irritability are about a week long, sometimes more. 

And the fatigue is unreal. I sleep so hard it’s scary and am just exhausted for the first few days before my period. I got it last night and I slept 14 hours, straight through several alarms.

The last one is a weird one, but smells change for me. I get an almost morning sickness type aversion to perfumes and soaps that normally I love. I think this honestly is partially why I can’t stand my boyfriend because his smell bothers me (he smells great, it’s only like two days I can’t tolerate it).

I get headaches the day before and my cramps are terrible (that used to be chalked up to the IUD but they’re still terrible after removal).

Almost forgot the binge eating: I eat an insane amount the week before. And I’ll have one day that if I don’t get a McDonald’s cheeseburger, I will commit murder to get one. The craving is indescribable. Normally I don’t even have much of an appetite and remembering to eat is a problem sometimes, but when hormones are involved I’m an animal for junk food.

I’m active, have hobbies and I don’t drink and life is good, there’s no particular reason I get like this and I think it’s not normal PMS but maybe I’m just a baby about the wonderful female experience. Does anyone relate to this? I’d love to hear your thoughts. ",3,16,cope,2,Personal PMDD Narratives & Life Decisions,-0.9857,1,1,1,0
56612688bd2b,pms,8 days away  but anxiety and naeuous,"Hello all,  
I apologize for this question because I was never told about my period growing up so I see the internert as a ""mom."" English is not my 1st language so please bare with me. I am 8 days away from my period and I feel like crying all the time, I am super emotional, I have anxiety, I feel naeous. I am not sexually active so pregnancy thrown out the window. (lol). I am from California, U.S.A so the election is also messing with my anxiety. Any idea how to cope? Is it normal to be anxious or feel emotional 8 days before as it is not even a week before.",7,7,cope,2,Personal PMDD Narratives & Life Decisions,0.8422,1,0,0,0
b78cb80247b9,pms,"I just need it to start, I'm under so much stress","I've been under so much stress recently, so many things going on I need to make happen or power through or cope with. And I know I'm going to be able to do it so much better once I start and the PMS fog is gone.

But I won't start. Any day now I'm sure, but I just need it to happen now so I get that burst of relief and energy in my body, and can tackle everything I need to without getting depressed, freaked out, a feeling of impending doom, annoyed, angry, lonely. Like everyone hates me. Like getting in street fights over passing looks.

It just adds so much extra work on top of how much work life is for me right now. 

Not only do I have to cope with everything and get it done, my body is like adding layers of difficulty to the situation because it wishes we were in a world where I could just slow down, sleep, eat, and cry for a week every month. It doesn't understand why I have to keep pushing myself and it resents me, and I resent it too.

Really trying to be in a healthier place with my body and my womanhood but this is stupid. It feels like this is what holds me back from being as successful as I could be, this depression that sets in every month.

Although I do think I get kind of manic from when my period starts, through ovulation. Like, much more energy, drive, creativity than the average person. Less need for food and sleep. I just have to use that period of time to compensate for this one, I guess.",4,2,cope,2,Personal PMDD Narratives & Life Decisions,0.0047,1,0,1,0
5682556c0e2b,pms,Anger management during PMS??,"I get super pissy and angry during PMS ti the point where I get annoyed at myself. I sometimes vent to my friends but I don't want to have them deal with my stress all the time, so that doesn't happen often. Reducing stress is almost impossible because i work and work always comes with stress....

How do you guys get through this during your PMS?? Do you do anything in particular that actually helps you get through?? I found myself stress shopping (i dont even like shopping all that much) and i'm pretty sure that's not a great coping method...",8,4,cope,2,Personal PMDD Narratives & Life Decisions,-0.9366,1,0,0,0
02b1a277a949,pms,Suffering today ,When I gety period I feel so weepy and so anxious and spaced out. It can last days and I'm tired of it. I tried to get hormone help but have aura with migraine. I am per menopausal but not in menopause. Does anyone have any coping skills for this ,4,3,cope,2,Personal PMDD Narratives & Life Decisions,-0.5848,1,1,1,0
6f2af043596e,pms,Nausea during PMS,"I was wondering if anyone here struggles with nausea during PMS? I usually get nausea and loss of apetite around 5 days before my period. Im 33 ys old, it wasn’t like this like a tear ago - I got the usual tender breasts, cramps and moodswings. 
Now its nausea, moodswings and severe anxiety, especially in the evenings, and I’m also en emetophobe, so nausea gives me extra anxiety. Also weird is that I can eat some type of carbs like bread and chips but healthy food that I usually go for gives me panic.

I take antidepressants but do not want to return to hormonal contraception because it f*cked me up.

How do you cope with this?",15,10,cope,2,Personal PMDD Narratives & Life Decisions,-0.5276,1,0,0,0
0cb5c912c0e5,pms,"PMS has been hitting me super hard lately, but I HATE missing work. Is there a third option?","I don't know why, but this past year, I've been getting crazy ""period flu"" like every other month. A few days before my period, I'll get a sore throat, fatigue, muscle aches, elevated body temperature... It really feels like having the flu. I teach elementary schoolers and some days I really can't imagine going to work and pushing through it. I feel like I need to be in bed resting because I feel so bad. At the same time, I HATE missing work, writing sub plans, worrying about if those plans will be followed or not, dealing with the aftermath, etc. 

So, if both going to work and skipping work feel unbearable, what else can I do? I'm seriously considering just taking birth control pills without the placebo week and eliminating my period entirely or at least only allowing it every few months so I don't miss as much work. 

Has anyone else dealt with this struggle of balancing work and crippling PMS symptoms? And if so, what did you do to cope? Thanks!",6,3,cope,2,Personal PMDD Narratives & Life Decisions,-0.9868,1,1,1,0
3205ccbad19b,pms,Seeking for some help with my PMS ,"I'm really struggling with my PMS this year. After starting birth control at the end of last year and stopping two months ago due to depression from the pill, I've noticed my mood swings worsening. My period is regular, but I feel increasingly depressed and fatigued two weeks before it, and the last couple of days of my period are particularly tough.

I usually talk to my partner about what I'm going through, but I often feel guilty for bringing it up so frequently. I know it's not my fault, but I can't shake the feeling that I'm overly emotional. 

Has anyone experienced something similar? I'd appreciate any advice on how to cope. Thank you!",4,2,cope,2,Personal PMDD Narratives & Life Decisions,-0.7763,1,1,1,0
9604c697fd2b,pms,Is suffering from PMS or PMDD an excuse to be mean and abusive to someone?,"I don't want the title to come off as facetious or disingenuous, I am just a man who would like to ascertain some answers from women who suffer from this.

My ex-girlfriend and I split up the other day; there were a variety of reasons why it wasn't working but the main one that kept coming up was her using PMS as an excuse to verbally and emotionally abuse me. Over the last few months, she got particularly aggressive and rude, calling out things like how I eat, how I look, how I'm not helpful enough, how I don't love her correctly and a myriad of other things. The main comments that ended the relationship for me were:

'I didn't care if you lived or died'
Calling PMS and PMDD a ""free pass"" to be mean to me
Telling me to shut up and raising her voice at me when I'm trying to explain how I feel
Calling out my insecurities
Putting me down for my small victories (I have been sober for a year now and she questioned the validity of the date I stopped drinking, claiming I'd only made it to 364 and a bit days and if it's even worth celebrating)
Openly admitted she knew she was being abusive and still refused to change or acknowledge how her actions have hurt me
Paying no interest in my form of love (I am a physical touch love language while she is acts of service, and while I go around the house cleaning the floors, washing up, cooking for her, she refuses to give any amount of affection)
Saying she is repulsed by me and physically repelled by me
Claiming she was only still in the relationship because she doesn't respect herself

It all culmintaed in her saying that this was how she was going to act for the foreseeable future and that I have to live with that. She took no responsibility for how she treated other people and instead doubled down saying that she didn't need to change how she acted. While she did state that she knows her coping mechanisms are unhealthy, she then did not do anything to change that fact.

I am well aware that I wasn't a perfect boyfriend to her. I had a problem with casual lying due to negligence and bullying in my past, and admittedly this caused a lot of mistrust in the relationship that was solely my fault. I am very forgetful and have bad memory due to excessive drinking in my past, hence why I wanted to stop and have now been sober for a year; this did cause a lot of problems and me forgetting key dates and requests from her. I could be sassy and rude and even negligent at times, but I always tried my hardest to be there for her and understand what she was going through. She said that I could never understand, and I totally get that PMS and PMDD, even Menses generally is a difficult and incredibly tough experience for all women, but I tried my hardest.

I just want to get the opinions of other women and understand if I was being unreasonable to leave my relationship for my own mental health and if this is a natural and common way for women to act when suffering from PMS. I loved this women more than anything, but it just got too much for me and I didn't know what else to do.

Thank you all on advance.

tl:dr my ex was verbally and emotionally abusive when suffering from PMS/PMDD and then said that this was how it will always be, hence why we split up. Is PMS something that excuses this behaviour and was I rash to split up?",3,2,cope,2,Personal PMDD Narratives & Life Decisions,-0.9981,0,0,1,0
d0fbd6a4b412,pms,Awful pms with all the side effects. Help!,"37 F. I use to have horrible pms from age 11-30 then everything got better. Since January of this yr my pms has gotten horrible. I'm only good one week out of the month. The other three weeks are a night mare. I was diagnosed with severe depression since age 16 and I've been able to cope with medicine. When I pms my depression is terrible. I don't want to be touched. I don't want to talk. I have zero emotions besides being extremely sad. I have pains in my stomach and hips from the time of ovulation until I start my period. I get so down I want to check into a psychiatric hospital. I crave salt like crazy. I will drink a jar of pickle juice and still be dying for salt. I get acne all over my face. Heart palpations, severe anxiety. Can't sleep no matter how little sleep I've had for days. Headaches. Fatigue to the point of not functioning well. Only thing my Dr. Says is to get on birth control or up my depression meds. Which I did last week. I don't want to take birth control because my hormones are wacky enough. I drink matcha green tea daily, get plenty of water and I eat very clean. Im 120lbs and work out lightly every night. Tv makes me sad. Reading makes me sad. The day before I start my period I get flu like symptoms and I have a low grade fever. My period will last a good 6-7 days with a decent flow until day 5. The depression is getting worse each month I start to pms. The symptoms of pms get worse too. I'm always 5-10 days early and I'm never ever late. My Dr. Checked for pcos but I don't have it. Because I struggle with facial hair she thought maybe I did. I've also never been able to get pregnant in my adult life. My insurance for my job won't be available for a few more months and then after that im told it will take 3 months for it to start. Ugh... any help or advice would be life saving!! TIA! ",3,2,cope,2,Personal PMDD Narratives & Life Decisions,-0.9595,1,1,0,0
d5252479908e,pms,Why can't I function,"How do I end this f-ing depression every 2 weeks (1 week before and 1 week during the period)? I have pcos and I take homeopathic meds for it. Homeopath meds don't have side effects to them and I usually get normal periods albeit one or two months when I don't (which is normal). But the depression is justtttt bad. I can't function at all. I am constantly on the verge of crying. I can't study properly as I can't focus on just one thought without going into an overthinking spiral. I have multiple times thought about ending it but thank God never took any action on it. When I used to get such depression episodes when I was 15-16, I used to shake it off thinking these are teeanage hormones. But f*** it I am 21 now. Why am I still getting such bad depression and anxiety phases with my pms?

If anyone has any solution this, please go suggest. I am afraid that this issue will seep into my day to day life and harm something or someone I love!",19,9,cant function,2,Personal PMDD Narratives & Life Decisions,-0.9765,1,0,0,0
a593273bb9f4,pms,Anyone else's body force them to take a day off?,"I get this day once a month, it tends to be in the early to mid luteal phase, like day 25 or 26, where I can FEEL my body shift gears from ovulation to luteal phase. 

It's like my body forces me to take the day off work/school. Now sometimes I can't do that, but if I at all have free time my body will not let me be productive. I still try, and it feels like dragging my feet through sand. If I'm forced to go about life as normal on that day, it's so hard.

My body wants me to sleep, sit in silence, and—most of all—seek out, cook, and store food. There's this huge emphasis on food. I'll want to spend all day cooking or baking specific cravings, or going to the store and picking out foods. Sometimes I'll want to arrange the environment nicely, like tidy and clean and burn candles.

Anyone else? What's up with that? Is it because my body ""thinks"" it could be pregnant and is trying to get me to prepare for the next 9 months? (Of course, I'm not, and it realizes that a week later).

It's very annoying because it is not at all in line with what society expects of functional people, but here we are. I'm very Type A and it's hard for me to give myself space this day or two a month. At least I can really grind and do extra work during the first part of the month before my body shifts priorities to stupid dumb childbearing.",15,9,cant function,0,Luteal Phase Decision-Making: Advice & Warnings,0.7358,1,0,0,0
25c337116d2c,pms,The headaches...,"Ever since I got off birth control three years ago I get these awful headaches that last for two days and nothing helps them. Once they start I have to expect and prepare for it sticking around for at least two days. 

It's usually in either eye and slightly above. A dull ache. 

They vary in time, like I'll either get them when my period first starts, days before it starts, or once it's almost over. But they always come once a month without fail. No painkillers touch it, not even Midol. I even try massaging pressure points, applying a hot/cold compress, laying in the dark, hot showers, cool showers etc. I fall asleep with it which is not easy or enjoyable. And as soon as I wake up it's the first thing that greets me. 

I've had to call out of work before because I just can't function with them. 

It got so unbearable I ordered a brain MRI, but turns out everything was peachy keen. 

I'm running out of options, I thought maybe they were cluster headaches but I feel like it has everything to do with my period. I wanted to see if anyone else suffers the same or a similar problem and what you do for relief? 

Either way, I'm going to keep bugging my doctor about it until they find some way to help me lol.",4,9,cant function,2,Personal PMDD Narratives & Life Decisions,0.8307,0,1,0,0
d0fbd6a4b412,pms,Awful pms with all the side effects. Help!,"37 F. I use to have horrible pms from age 11-30 then everything got better. Since January of this yr my pms has gotten horrible. I'm only good one week out of the month. The other three weeks are a night mare. I was diagnosed with severe depression since age 16 and I've been able to cope with medicine. When I pms my depression is terrible. I don't want to be touched. I don't want to talk. I have zero emotions besides being extremely sad. I have pains in my stomach and hips from the time of ovulation until I start my period. I get so down I want to check into a psychiatric hospital. I crave salt like crazy. I will drink a jar of pickle juice and still be dying for salt. I get acne all over my face. Heart palpations, severe anxiety. Can't sleep no matter how little sleep I've had for days. Headaches. Fatigue to the point of not functioning well. Only thing my Dr. Says is to get on birth control or up my depression meds. Which I did last week. I don't want to take birth control because my hormones are wacky enough. I drink matcha green tea daily, get plenty of water and I eat very clean. Im 120lbs and work out lightly every night. Tv makes me sad. Reading makes me sad. The day before I start my period I get flu like symptoms and I have a low grade fever. My period will last a good 6-7 days with a decent flow until day 5. The depression is getting worse each month I start to pms. The symptoms of pms get worse too. I'm always 5-10 days early and I'm never ever late. My Dr. Checked for pcos but I don't have it. Because I struggle with facial hair she thought maybe I did. I've also never been able to get pregnant in my adult life. My insurance for my job won't be available for a few more months and then after that im told it will take 3 months for it to start. Ugh... any help or advice would be life saving!! TIA! ",3,2,cant function,2,Personal PMDD Narratives & Life Decisions,-0.9595,1,1,0,0
826c3105f472,pms,SSRI vs Combined pill for extreme mood swing PMS?,"The last couple months I noticed that my PMS has gotten a grip over my life, I literally cannot function. I have crying spells, fits of rage, I am literally out for blood. I over analyse everything and I get either very hurt or very angry over the littlest things.

I think this PMS has always been there, but it's gotten extremely out of control. I suspect I lost 2 of my previous relationships to this, because when PMS hits, I am always thinking of breaking up with my boyfriend, I want to be a hermit, I am pretty sure even the sunshine annoys me.

I have started taking Agnus castus (only 3 weeks in), I'll get back on my CBD oil regime, however I spoke to my GP (I'm in the UK) and she suggested the combined pill or SSRI 2 weeks before my period to help with my mood swings. Caveat is my dysmenorrhoea, but I couldn't care less about the pain, I don't want to be a monster who cries 4 times a day and wants to attack anything that moves (even though I'm a pretty chill person, I never even yell).

So my question is, anyone had any success with either of these? How long did it take?

As a side note - I'm equally uninterested in both because I don't want to mess with my system, either my ovaries nor my brain, but I can't live like this for the rest of my life either 😔

Long story short - terrible mood swings during PMS, I take agnus castus and starting cbd, but doesn't help yet. GP suggested combination pill or ssri, anyone had any positive experience with either of these?",8,14,cant function,2,Personal PMDD Narratives & Life Decisions,-0.7752,1,1,1,0
659d06144fae,pms,Do you ever get low confidence and clumsiness at the same time and it just feeds into itself?,"Every now and then I have bad PMS where I lose my tact and all of a sudden I can't think for myself and I forget how to do things or my executive function is down the drain it's like my PMS gave me a little dose of ADD. At the same time, I'll feel low about myself already and then I have a bad day or two at work where a make little booboos throughout the day and I just loose confidence in myself.",11,6,cant function,2,Personal PMDD Narratives & Life Decisions,-0.7906,0,0,0,0
8533288caf03,pms,"If you feel like you're a completely different person around your period, please read about PMDD and talk to a doctor about it.","I see a lot of posts about feeling depressed around your period. I've dealt with that shit since my first period when I was 11. I remember reading about PMDD when I was 18 (I'm 28 now) but I was too scared to say anything about it. I tried to handle it on my own but when you're too depressed to even brush your teeth for half the month, how are you supposed to care enough to take a supplement or exercise? My entire adult life has been 2 steps forward, one step back with every decision I make because I can't function for half the month to make concrete changes in my life.

Anyway, I finally brought it up with a doctor and I have zoloft to start with this cycle (starting Wednesday ish, yay!). 

YOU DON'T HAVE TO DEAL WITH THIS ALONE. You're not crazy or faking depression for only feeling depressed half the month. You deserve to feel good for your entire life and not let stupid hormones control you. You're not weak for asking for help.",44,7,cant function,2,Personal PMDD Narratives & Life Decisions,0.8016,1,1,0,0
3e9b163584f3,pms,Is this perimenopause?,"Hi everyone, thanks for having me here.

I'm 36f with 2 kids (a teen and a 7 year old). My periods have always been very regular with not much pms but this year the pms has slowly been getting worse in terms of moodiness. My last period was a few days late, and the current one was over a week late. Both very heavy - way worse than normal.

With this one we thought I might have been pregnant because about a week before, I had very sore, enlarged breasts, fatigue, nausea, uterine cramps, and constipation. The fatigue and nausea has continued after the breast pain decreased. I'm in a lot of pain and discomfort with this period included heightened nausea and fatigue. All of this has made me an irritable bitch the last couple of weeks. Its having a severe negative impact on my ability to function normally and since my period started I've been having to take anti nausea pills, ibuprofen, and paracetamol just to achieve a minimal level of functioning.

Does this sound like the start of perimenopause? What can I do to alleviate it? With two kids and doing a university degree, I can't have my ability to function impacted like this for half of every month. What do I do?
Thanks in advance.

""edit to add that I was on Zoloft for 6 years and came off it about a month and a half ago. And, all my blood test results have come back normal.",3,5,cant function,2,Personal PMDD Narratives & Life Decisions,-0.9932,1,1,0,0
7b857ec50463,pms,I am sick of not functioning well for a week every month.,"So I am 29 and have diagnosed pcos since I was 15. I had always serious mood swings the week before my period (no suicidal thoughts thank god, but anxiety and irritability), but I quit smoking three years ago and gained like 8 kg (17-18 pounds) and my physical symptoms got worse. I have serious neck and back pain, migraine, brain fog and feel tired all the time. I am also eating EVERYTHING this week, which makes it almost impossible to lose the weight I gained. I can't help it and pcos isn't helping to lose weight either.

PLUS I am a grad student and research assistant, so I am pressured to perform well all the time and feel SO BAD I can't really work or study right now. I am laying on the sofa and do literally nothing, getting mad at men because they can function properly all month and being jealous of women who don't experience this. I feel like it's impossible for me to have a successful career with this. I am in a cycle I can't break.",26,1,cant function,2,Personal PMDD Narratives & Life Decisions,-0.944,1,0,0,0
c6c87e1721f9,pms,If you're in luteal phase currently what pissed you off today?,Mine was my Tupperware lid getting so stuck on to my lunch container in the microwave that I can't take it off and the container is burning hot cause it's glass and I'M HUNGRY AS HELL AND JUST WANT TO EAT but I can't until it cools down or something so I can get the lid off. And now my food will be cold and need to be microwaved all over again. I want to cry but I can't cause I'm at work.,16,29,luteal,0,Luteal Phase Decision-Making: Advice & Warnings,-0.8676,1,0,1,0
a3de6e3fa0eb,pms,Luteal Phase trenches - Calling the girlies,"Hi girls it rough every month with the week before my period, i was happy all month but now i'm starting to have super negative thoughts that i wish them to not be here. I'm doing my best with yoga, sauna, gym, nature walks, and good food but.. it feels like a dark cloud sitting on my chest. 

  
Soo in this situation what do you guys do please help ans share your experiences 

",8,5,luteal,0,Luteal Phase Decision-Making: Advice & Warnings,0.9825,1,1,1,0
1ce167de861b,pms,Luteal Phase and Muscle Pain?,"Hey all,  
I was recently diagnosed with PMDD by a nurse practitioner due to my emotional/mental symptoms and have started taking 10mgs of Fluoxetine (Prozac) during my luteal phase up to the first few days of my period.

I have been experiencing upper back/shoulder/neck pain and headaches during my luteal phase for the past few years, and only recently made the connection between the timing in my luteal phase and the pain. Prior to this my menstrual pain was more lower back, and I found that strengthening by core, stretching my hip flexors and avoiding certain movements have really helped, but now it seems to be my traps area.

I am wondering if anyone else is experiencing muscle pain during their luteal phase? and if so- anything have any tips? has anyone had success going back on birth control to handle the pain? It tends to occur around day 20 or my fairly regular cycle. The worst part is the throbbing headaches that come with it. 

I've met with a naturopath and have started taking magnesium malate, which has helped with DOMS from working out in general, had a clean blood test as well as regular hormone saliva test. I am working with a physio to work on posture and strengthening the muscles as well as getting massages, but sometimes the headaches and pain is so bad that I am in tears. I am debating maybe a personal trainer next (to make sure my form at the gym is good) and an osteopath as well as returning to my family doctor.

Any tips would be extremely useful!",2,3,luteal,0,Luteal Phase Decision-Making: Advice & Warnings,-0.7468,1,1,1,0
dab57d9c4df3,pms,Luteal phase,What symptoms do you guys get during this time? It’s my worst nightmare every month and I’m wondering if anyone else is similar lol I feel it’s gotten worse in my 30s as well🥲🥲,14,20,luteal,0,Luteal Phase Decision-Making: Advice & Warnings,-0.6597,1,0,0,0
33fd233a0191,pms,Who else is in their Luteal phase right now?,,24,3,luteal,0,Luteal Phase Decision-Making: Advice & Warnings,0.0,1,0,0,0
f01b107dab1e,pms,Severe late-luteal hunger + sleep disruption every cycle — does anyone else get this?,"I’m wondering if anyone else experiences this pattern, because it’s been extremely consistent for me and I’m trying to manage it better instead of fighting it every month.

In the last ~5–7 days before my period, I get:
- intense, almost unsatisfiable hunger (especially carbs)
- poor sleep with frequent wake-ups (often 1–3am)
- restless legs / body agitation
- feeling hot, achey, headachey

food is the only thing that reliably helps me settle and sleep

The rest of my cycle is fine.
Energy, appetite, mood, training — all stable. This only happens late luteal.

I train regularly, eat well, and have been in a calorie deficit for fat loss — and I’ve noticed that trying to stay in a deficit during this phase makes the symptoms much worse (especially sleep). When I eat more / hit maintenance, sleep improves but I obviously don’t want to undo progress every month.

This doesn’t feel psychological or emotional — it feels very physiological, like my nervous system won’t calm down without fuel.

Questions:
- Does anyone else get extreme late-luteal hunger + sleep issues like this?
- Have you found anything that helps (nutrition timing, cycling calories, supplements, etc)?
- Has anyone had success dieting only in the first half of the cycle and maintaining pre-period?

Not looking for medical advice — just lived experience and strategies that actually worked.",5,10,luteal,2,Personal PMDD Narratives & Life Decisions,0.9384,1,1,1,0
ab7e1569f81a,pms,How much weight do you actually gain during luteal?,,1,1,luteal,0,Luteal Phase Decision-Making: Advice & Warnings,0.5267,1,0,0,0
e6eea4696e7b,pms,does anyone else’s luteal phase / PMS really mess with their heads?,,3,0,luteal,0,Luteal Phase Decision-Making: Advice & Warnings,-0.4201,1,0,1,0
0029307cb5be,pms,Fever and swollen lymph nodes around luteal phase??,,1,0,luteal,0,Luteal Phase Decision-Making: Advice & Warnings,0.0,1,0,0,0
da590e31f442,pms,More energy in luteal phase,"When im in my follicular phase I feel that I have less energy, don’t want to workout, etc. But when im in my luteal phase I feel more energized, I can even workout twice.
When I first read about how the phases affect energy, I started to notice my energy levels and thought it was weird that mine was different, so its been a few years like this and now I’m thinking I should start worrying..?
Help please (30F)",2,5,luteal,0,Luteal Phase Decision-Making: Advice & Warnings,0.951,1,0,0,0
820a317e472c,pms,Struggled with food insecurity this last luteal phase and it almost killed me,"I actually try not to focus on my awful PMS, because I find if I pretend I'm okay sometimes I'm more okay.

But I just wanted to let ya'll know...my luteal phase is made much more manageable by good nutrition. High calorie, high quality meal or snack every two hours.

Last month, the person I live with needed to buy a car. We do not like to go into debt or take on car payments. We're poor enough and that would just cause more stress. So, we bought a car outright. Not NEW new, used, but it still took almost all the money my roommate has in the world. Worth it, they really needed a car. The mechanic said their old car was such junk it would need a full engine rebuild. This new car is nice and so far it works great.

BUT, that meant my money was all we had for food, etc. And I didn't get paid for a while. Long story short, we had to do that thing where we just eat everything that's left in the house and buy no new food for a long time. We also don't qualify for government assistance for food, we make ""too much money."" The diet ended up being pretty barebones.

Long story short, not having access to a quality diet (or enough calories) during luteal caused me to fall so sick I thought I was going to die. Not to mention, I was in fight or flight mode the entire time, having aggressive thoughts about everyone (I think my primal brain believed I needed to fight for food). In the end I had to take a day off work (thank you, sick time) and lie in bed for several days just hoping I would recover. I could barely move and everything hurt. I thought I had the plague, or mono, or measles, or HIV, or polio...I don't know man. I'm vaccinated for half of that, but the pain was crazy. My lymph nodes were huge.

My period finally started, I recovered from my illness, my paycheck came in, and we were able to get groceries. Slowly feeling back to normal. But just letting everyone know, DO NOT DO THIS. Food is so important when your body believes it might be harboring another life! Otherwise it may freak and crash out on you. I will find a way to eat better next time. Still not sure if we're willing to go into debt or take on a payment but...I know there's food banks where you don't have to show paystubs. There are also other charities that give away expired food from restaurants, grocery stores, etc. I even work at a grocery store! I know this.

Never again. I will never again let my own pride make my body suffer so much. (I also almost died of starvation once before in my youth so it might be that my body is already traumatized).",5,1,luteal,2,Personal PMDD Narratives & Life Decisions,-0.9926,1,1,1,0
ecf2e92cb7d0,pms,Don’t know much about luteal phase.,So my last period was July 22-27 and I passed ovulation. It says medium chance of pregnancy but I’m not planning of being pregnant any time soon. I know about menstrual cycle and ovulation but I’m confused about what luteal phase is. My period is expected to start August  20-25 as it says on my period tracker app. I heard a song that reminded me of my mom in heaven and my mom died last year. So I don’t know if it’s pms or what. I been eating lots of chocolate as well and feel tired. So is this normal? Btw I am on birth control pills. I’m almost in my late twenties. I never learned much at school since I was never put in sex ed so it’s like what now. ,1,2,luteal,0,Luteal Phase Decision-Making: Advice & Warnings,-0.111,1,1,0,1
5153ef38784e,pms,Sudden Swelling Luteal Help!,,2,0,luteal,0,Luteal Phase Decision-Making: Advice & Warnings,0.4574,1,0,0,0
b63a0787917a,pms,My inner luteal glutton is trying to undo my goal weight,"I ate a good deal of comfort food this past week. I’m a recovering emotional eater—I have a long history of emotional eating and restricting (something like atypical anorexia).
The last week I have been grieving and ofc, pms-ing. I’m trying so hard not to hate myself. I desperately want to see the bloat go down and find out what my actual weight is. It’s freaking me the fuck out. 

I got to my goal weight this winter and I fear that each luteal phase will undo my hard earned work. The only thing that helped curb my appetite is straterra and I’m seriously considering starting it again. 

I’m on day 2 of my period, eating slightly better but somebody waved tiramisu in my face at work and I caved. It wasn’t even good yall. ",4,1,luteal,0,Luteal Phase Decision-Making: Advice & Warnings,0.219,1,0,0,0
b43c4e173e47,pms,GI issues in luteal phase,"Hi! I’m just wondering if anyone else experienced this. During my luteal phase I tend to get bloated, a little extra gassy and either ravenous or have no appetite. All of which I feel is fairly normal. 
What’s weird is every month almost like clockwork a few days (2-5) before my period comes I get some pretty severe GI distress. It’s almost always during an evening, I get diarrhea pretty badly and very nauseous/gag/feel like I could throw up at any moment. I do take Zofran for the nausea and typically don’t actually end up throwing up but I’ll have diarrhea for hours on end. 
Even if my cycle length changes or is off one month, the GI issue still follows the same pattern of happening 2-5 days before it comes.
Is this normal? Does anyone else have experience with this? What changes have you made to your life (meds, lifestyle, diet etc) that’s helped and made it stop happening. 
",4,1,luteal,0,Luteal Phase Decision-Making: Advice & Warnings,-0.3735,1,1,1,0
2f7fb4adae2d,pms,Period flu during Luteal Phase? You get sick after you ovulate? It may be your gut not absorbing nutrients as it should.,"Here is a plan given to me to help me stop getting respiratory illness every month during and after ovulating, and all the way to my period. It's so debilitating and I hate it and I am tired of it. 

The Luteal phase is really messing with my health. Now I have learned that during the Luteal phase, our gut works slower because of the rise of progesterone, which hinders the absorb iron and nutritients.

I can see how this is leaving me weak and vulnerable to catching respiratory illnessss. Plus I bet it causes inflamation too. I am already on an antinflamatory diet. Well, I think I am in one by me guessing what not to eat from what I read online. 

But I am ready to take it to the next level. So, I searched for a plan to increase nutrient absorption during Luteal Phase.


----The Plan to Absorb More Nutrients ----

This plan is to support your gut during the luteal phase and optimize your nutrient absorption, especially iron, to reduce your vulnerability to respiratory illnesses.

1. Improve Gut Health During the Luteal Phase

Since you're experiencing symptoms like runny nose and respiratory issues, it’s crucial to focus on optimizing gut health right after ovulation. The slowing of digestion and changes in gut motility due to progesterone can be managed with specific strategies.

Gut Health Support:

Probiotics:

Action: Start a high-quality, broad-spectrum probiotic, ideally one that includes Lactobacillus reuteri, Bifidobacterium, and Saccharomyces boulardii. These strains can help balance gut flora, reduce inflammation, and improve digestion. Probiotics can also help with immune function and reducing the chances of respiratory infections.

How to use: Take probiotics daily, preferably in the morning, on an empty stomach. This ensures maximum absorption.


Prebiotics and Fiber:

Action: Introduce prebiotics into your diet to feed healthy gut bacteria. Foods like garlic, onions, leeks, asparagus, bananas, and chicory root are great sources.

How to use: Aim for 1–2 servings per day of these prebiotic-rich foods.


Digestive Enzymes:

Action: Consider taking digestive enzymes that contain protease, amylase, lipase, and cellulase to support digestion during the luteal phase when gut motility is slower. These enzymes help break down food and nutrients for better absorption.

How to use: Take enzymes with meals for improved digestion and absorption.



2. Boost Iron Absorption

Since you're dealing with potential low iron absorption, a strategic approach is essential. Here’s a plan to ensure your gut gets the nutrients it needs.

Iron-Rich Foods:

Action: Focus on iron-rich foods, particularly heme iron (found in animal-based sources) as it’s more easily absorbed than non-heme iron.

Heme Iron: Beef, chicken, turkey, lamb, and liver.

Non-Heme Iron: Leafy greens (spinach, kale), beans, lentils, tofu, fortified cereals, and pumpkin seeds.

Vitamin C: Pair iron-rich foods with vitamin C (like bell peppers, citrus fruits, and tomatoes) to increase non-heme iron absorption.


How to use: Incorporate iron-rich foods into your meals at least 3-4 times per week. Be mindful to avoid calcium-rich foods (like dairy) at the same time as iron because calcium can inhibit absorption.


Iron Supplementation:

Action: If you think your iron levels are low, a high-quality iron supplement (preferably with ferrous bisglycinate for better absorption) might be necessary. Iron supplements work best when taken on an empty stomach.

How to use: Consider taking iron supplements for 1–2 weeks after ovulation, particularly during your luteal phase when your body may be more prone to iron loss.


3. Anti-Inflammatory and Immune-Boosting Foods

Given the respiratory issues you’re experiencing, strengthening your immune system during your luteal phase is important.

Immune Support:

Action: Integrate anti-inflammatory foods and immune-boosting nutrients into your diet:

Omega-3s: Fatty fish like salmon, mackerel, and sardines, chia seeds, and walnuts.

Vitamin D: Spend time in the sun and consider a vitamin D supplement (1,000–2,000 IU/day). This is crucial for immune function.

Zinc: Pumpkin seeds, cashews, chickpeas, and shellfish (zinc is important for fighting off infections).

Vitamin C: Alongside iron, vitamin C boosts your immune system. Include citrus fruits, bell peppers, broccoli, and strawberries.

Curcumin and Ginger: These are powerful anti-inflammatory and immune-boosting agents. Consider adding fresh ginger to your tea or meals, and curcumin supplements can be helpful too.


How to use: Aim to include these anti-inflammatory and immune-boosting foods every day. Consider 1–2 servings of fatty fish weekly and supplement with vitamin D and zinc if you’re not getting enough from food.


4. Hydration and Detoxification

Dehydration can exacerbate gut sluggishness and immune function. Staying hydrated is key to helping your body flush out toxins and maintain proper circulation of nutrients.

Hydration Plan:

Action: Increase your water intake, especially during the luteal phase. You can also include electrolyte-rich drinks like coconut water or herbal teas that support hydration and digestion.

Herbal Teas: Peppermint, ginger, or chamomile tea can soothe the gut and improve digestion.


How to use: Aim to drink 2.5-3 liters of water daily, including herbal teas to support digestion.


5. Lifestyle Factors

Stress, sleep, and exercise can all impact gut health and immune function, particularly in the luteal phase.

Stress Management:

Action: Stress exacerbates inflammation and digestive issues, so incorporating stress-reduction techniques like yoga, meditation, or deep breathing exercises is crucial during your luteal phase.

How to use: Dedicate at least 15–30 minutes daily to stress management practices. Try practicing relaxation techniques before bed to ensure you’re getting restorative sleep.


Sleep:

Action: Aim for 7-9 hours of quality sleep per night. This will help regulate hormone levels and support immune function.

How to use: Try to maintain a consistent sleep schedule and ensure your sleep environment is conducive to rest (dark room, no electronics before bed).


6. Regular Physical Activity (But Avoid Overdoing It)

While exercise is essential, too much intense activity can increase cortisol levels and stress the body, affecting your immune system and gut.

Exercise Plan:

Action: Moderate exercise, like walking, yoga, or light resistance training, can improve circulation and support nutrient absorption.

How to use: Aim for 30 minutes of moderate exercise 3-4 times per week.



---

Strategic Plan:

Morning:

Take probiotics on an empty stomach.

Hydrate with a glass of water + a squeeze of lemon.

Eat an iron-rich breakfast (e.g., eggs, spinach, and citrus fruit for vitamin C).


Midday:

Include prebiotic-rich foods in lunch (e.g., garlic, onion, or asparagus).

Consume a balanced meal with lean protein (iron-rich), leafy greens, and omega-3s (e.g., fish).

Drink herbal tea (ginger or peppermint) post-lunch.


Afternoon:

Have a snack with zinc-rich foods (e.g., pumpkin seeds or cashews).

Ensure you’re getting vitamin D and omega-3s (consider a supplement if needed).


Evening:

Dinner with lean protein, colorful vegetables (for antioxidants), and healthy fats.

Take digestive enzymes with dinner.

Relaxation techniques before bed (yoga, meditation, or deep breathing).

Key Supplements to Consider:

1. Probiotics (daily)

2. Digestive Enzymes (with meals)

3. Iron Supplement (during luteal phase)

4. Vitamin D (1,000–2,000 IU daily)

5. Zinc (15-30 mg daily)


By following this strategic plan strictly, you should be able to better support your gut’s ability to absorb nutrients, boost your immune system, and hopefully mitigate your respiratory issues during the luteal phase. Be patient with yourself, and make sure to consult with a healthcare provider if you feel any issues persist or worsen.

",7,2,luteal,0,Luteal Phase Decision-Making: Advice & Warnings,0.9997,1,1,0,0
aa19e5999def,pms,Freaking 15 days of luteal fml,"I hate when I have such long cycles :( because it’s always the bad phase that gets longer, it’s so annoying ",9,3,luteal,0,Luteal Phase Decision-Making: Advice & Warnings,-0.9468,1,0,0,0
41820c926013,pms,How do you survive the Luteal phase? I feel like I'm going crazy!,"I am currently struggling through the luteal phase of my cycle.  And ever since I started tracking my cycle, I've noticed that my entire luteal phase is messy (unorganized, unproductive, depressed, anxious, etc.).  When I google ""getting through the luteal phase"", all it says is make sure you are eating healthy and getting enough exercise ... oh yeah and don't forget to meditate (ugh... not helpful).  

I'm 39. 

I take Nordic Naturals Magnesium Complex and Complete Omega and Megafoods B Complex.  None of that has been helping.  

I lift weights twice a week and walk three miles 3 times a week.  And I eat fairly healthy (not perfect but not horribly - probably 70% healthy/30% not).  

My work is starting to suffer, and I just need to focus and get it done.  But I just don't care.  I wish I did.  And I feel crazy.  

And I don't even know if there is anything out there to help.  Maybe I'm just writing this as a way to vent out my frustration.  ",8,5,luteal,0,Luteal Phase Decision-Making: Advice & Warnings,-0.9365,1,1,1,0
48faa6318cb9,pms,Weight gain/body dysmorphia during luteal phase,DAE feel so bloated and engorged before your period? I’m getting my period in a week and I feel like I gained 5 lbs.,24,16,luteal,0,Luteal Phase Decision-Making: Advice & Warnings,0.6249,1,0,0,0
c6301b7636b6,pms,"just ovulated, entering luteal phase, I look bloated?","I literally just ovulated and am probably 1-2 days into the luteal phase - my breasts have started to feel tender and sore, im cramping a bit, and I can feel my energy starting to decrease. Also for context, my cycles are pretty long and can range from 32-38 days. But it's crazy because I swear I already look bloated? Like my lower belly looks a little distended and I still have about two weeks until my period. Does this happen to anyone else? I feel like Im getting body dysmorphia just looking at myself. I do have a copper IUD, which I wonder could be adding to the PMS bloat.",1,2,luteal,0,Luteal Phase Decision-Making: Advice & Warnings,0.4098,1,1,0,0
3e8a40de4364,pms,How do you deal with constipation during luteal?,"Bloating pain feeling of fullnes… even Stardust today predicted slower digestion due to raised progesterone…

Is there anything i can do to feel normal?

I already had some stuff high in fiber, but i wanna feel like a normal human not a baloon full of gas that smells like poop😩

Any suggestions?",5,2,luteal,2,Personal PMDD Narratives & Life Decisions,0.5408,1,1,1,0
7ca50389c721,pms,"My heart rate during the nights of my luteal phase is higher than usual, do you get that as well?","Hi! So… I am in my luteal phase and dealing with some PMS signs. I have been dealing with this for years, and have had many doctor’s appointments and tests run. 
One of the things I experience is night sweats, waking up all the time, feeling hot/cold, etc. And I have noticed my heart rate during those nights will always be quite high. This morning I measured my resting heart rate(was still in bed) and it was 80 bpm, whereas it usually is lower during other days. 

I know that’s not alarming, but I was just wondering: do other women experience this - related to their cycle? Does anyone have an explanation for it, when it happens around ovulation or before menstruation? Why does my heart rate during during PMS stay higher all night?",10,9,luteal,0,Luteal Phase Decision-Making: Advice & Warnings,0.9454,1,0,1,0
3cb64ed3d646,pms,Luteal Phase,"Anyone else get pms symptoms the exact day you start your luteal phase? Already cramping, emotional, low energy, and bloating 🙃 Finding a life balance with my cycle seems impossible. Starting to wonder if I should just plan my work schedule around my cycle. Add on top of that being sick with an infection and I’m ready to curl up and do nothing for the next week. 😩 I feel like a completely different person than I was last week 😓",8,4,luteal,0,Luteal Phase Decision-Making: Advice & Warnings,-0.2023,1,0,0,0
84829b30e2bf,pms,Ranting during my luteal phase :(,"WHY DOES EVERYONE FEEL THE NEED TO INVITE ME TO THINGS EXACTLY DURING MYY LUTEAL PHASE. Somehow important events come up during this phase of my cycle and i fucking hateeee ittt. Im bloated, i gain like 7 pounds of water weight, i don’t wanna be around ppl, i feel worthless and ugly. I DONT WANT TO GO OUT, so why does this always happen🥲. The week before my luteal phase, i feel like a boss bitch and gorgeous and so hopeful and then it all just comes crashing down. I only get like two weeks of mental peace every month. I feel hopeless rn.",11,2,luteal,0,Luteal Phase Decision-Making: Advice & Warnings,0.8059,1,0,1,0
c4d0268da49b,pms,Rating during my luteal phase pt.2 :),"HELLOOO beautiful ppl, im back and im pmsing again. This time i wanna rant about how FUCKING INSECURE I FEEL DURING MY LUTEAL PHASE. Not only do i feel ugly, i feel like i have no goals, no motivation, not smart enough, i feel like ppl view me as odd (which only occurs during my luteal phase) WHY DO I FEEL LIKE EVERYTHING PEOPLE SAY AND DO IS DIRECTED PERSONALLY AT ME. IM PIIIISSEEEEDDDDDD cuz ive applied for so many jobs but they don’t pick anyone with no experience EVEN WHEN IT SAYS “no experience required”. WELL HOW TF AM I SUPPOSED TO GAIN EXPERIENCE IF YOU WONT GRANT ME THE OPPORTUNITY BRO. MY TITS ARE SORE, I FEEL LIKE SHIT. I WANNA CRY AND CRY AND CRY AND DIE. Im so tired of my life, i genuinely didn’t enjoy my two weeks of peace after my period, it felt like 5 fucking days, and here i am again. I will say last time was much worse, but this time the insecurities are really hitting me. I want so many things but i hate that i have to wait and wait and wait, like the job i was talking abt for example. I dont find any purpose in my life, i dont know what i want from life. Im studying psychology rn and i enjoy it and see myself doing something with it in the future, but i have no idea what to specialize myself in and sometimes i feel like im not passionate abt psychology. But im not passionate abt anything, i dont know what i like and what im skilled at. Currently im kind of socially isolated, i dont know why i keep doing this to myself if i know i crave being social and going out. Also, the fact that my University is tiny, i see the same fucking faces all the time, and the campus is small and its basically all indoors; that makes me feel even more isolated. But anyways, cant wait to start the gym and hopefully ill feel a little better.",5,2,luteal,2,Personal PMDD Narratives & Life Decisions,-0.9746,1,0,0,0
080973da8058,Periods,Can pms cause extreme decision making?,"Every month during pms I get these extreme delusions of grander mixed with a feeling of suffocation which results in my decision making becoming very irrational,
For example this month I’ve already decided to quit my job without having any backup because I was convinced that I was too good and that I would surly find something better, mind you my job is very comfortable(I didn’t tell my boss because I was planing to do it this week) but now that my period is almost over it feels like I’m regaining my cognitive skills and I’m feeling like an idiot for telling everyone im gonna quit my 4 years job. I was genuinely convinced that it was a good decision and like I said this happens every month I tell myself that I NEED to do a certain thing and change my life this second but this is the first time I acted on it and it almost cost me my job. Is this a common pms experience?",4,5,decision,2,Personal PMDD Narratives & Life Decisions,0.9665,0,0,1,0
831eb4312cba,Periods,has the pill ever caused a decision cast for anyone?,"about 2 months ago i made a post on here talking about (i didn’t know what it was at the time) a decidual cast. i’ve talked with a doctor and asked if me not taking breaks from my contraceptive pill could cause it, and she told me no. when it happened, i was still on the pill and had been on it without a break for about 6 months. and then i had an extremely heavy period out of nowhere and then low and behold there’s my entire uterus lining. the pill i’m on is called millinette, and it says that i can either take for 21 days, then have a 4-7 day break, take for 3 months and then have a 7 day break, or i can just take it continuously. just wondering if the pill caused this for anyone else…
edit: autocorrect messed up my spelling in the title, sorry!!",1,0,decision,2,Personal PMDD Narratives & Life Decisions,-0.3549,0,1,0,0
efb247b01550,Periods,Roe vs. Wade Decision,"I’ve never had an abortion. But I can’t imagine how terrifying this decision is for women right now. There are so many reasons why women get abortions. 

I’m more terrified they may overturn the decision that made the ban of oral contraceptives unconstitutional. 

I’ve been consistently on birth control since 2019. I use to get bad PSM symptoms two weeks before my period. 

Is anyone else terrified about this?

Edit: what the actual fuck. It’s 2022 not the 1920’s anymore. Now it’s socially acceptable to be transgender but it’s not acceptable to have an abortion according to certain states. 

We’re going backwards. Not forwards.",100,16,decision,2,Personal PMDD Narratives & Life Decisions,-0.9858,1,1,0,0
1b2e2098cdaf,Periods,"Did stupid thing, got a stupid prize. Now needing advice. (+ Laugh at my stupid decision.)","Truth be completely told - I am 13F. And being a very stupid teenager who started to get THE feelings, I did something very very stupid. Not looking in with any research whatsoever asides from ""improves pelvic floor muscles"" , I bought Kegel Balls. And to make it worse - ones without the string, because I'm not very smart. And the cherry on top - they were from TEMU of all bloody places because again, I'm not clever.

And for a bit more context: I am physically disabled and have had serious muscle wastage from 2020-2022, I'm getting a lot better but my core is weak. 

Now, being a very obvious outcome (but not to me unfortunately!) It went in too deep and got stuck. I very desperately tried for 30 minutes to get it out, and then 15 having a panic attack realising I'd have to tell my mother about what I'd done.

My mother reacted the way I think any normal parent would react (""what have you bought"" ""for fucks sake"" ""we have to go to the doctors now""). When my dad found out he sat and reassured me it'd be fine and that he'd done worse (and when I came home from the doctors he found it comedy gold)

Now, luckily the gyno was in at my doctors and she was able to remove it - not without 25 minutes of desperate working on it however. She tried using her fingers to get it out and then when that didn't work (I told her it didn't work for me , so she didn't try and do that anymore) she had to use a Speculum and some pointy tools to get it out. (She said even a woman who was experienced with sex would have troubles getting THAT out as it was extremely high up.)

Now here is where I need some advice:

It only bled a little at the doctors. The gyno said it was normal

What I'm starting to think is not normal is the pain in my stomach where I'm pretty sure my vaginal canal is (It's from my belly button down to the opening) and it's bled. A lot. Enough to soak through a pant liner, and I'm not on my period.

What should I do, what's happened?",14,4,decision,2,Personal PMDD Narratives & Life Decisions,-0.9789,1,0,1,0
4499c1a0e769,Periods,My day out is now a decision from hell,"So for a couple of weeks now I've been wanting to plan a day at the movies. Me and my male friend FINALLY found two movies playing at the same time that we both want to see, and convenient times. I book the tickets. We're super excited. We both really need this.

I know my period has been coming, but I can't really track it with conventional means bc it does its own thing. I need to get past the first day of it, and it should be a manageable ride from there. It's very very very heavy, and i have been trying to find a obgyn to replace the one i had (she retired). Im out of my pills to stave it off. But though I've been feeling it, it just hasn't been coming.

Today. The day of the movies, and it comes. ARE YOU FUCKING KIDDING ME. IT COULD HAVE COME LITERALLY ANY. OTHER. DAY. The one day I had set aside just to escape it all with my friend and now I'm nervous I'm going to have an accident at the theater. The first three hour long movie? I'm going to have to miss parts of it if I don't want to bleed through. The second movie? If I somehow manage to not have an accident through the first, I'm going to be paranoid about the second and not enjoy it at all. 

I don't know whether to cancel and get a refund AND disappoint my friend or just to chance it and be anxious the whole time. I can go in with as many pads/tampons as I want and as many jackets as I'd like to wrap myself in but the anxiety is the worst part. Fuck having a uterus, fuck periods.",6,2,decision,2,Personal PMDD Narratives & Life Decisions,-0.9502,1,0,1,1
909b073cda10,Periods,TMI:Wearing a romper when you’re on your period and have diarrhea...not the best decision lmao,,6,4,decision,2,Personal PMDD Narratives & Life Decisions,0.8442,0,0,0,0
be17ea129726,Periods,Has anyone missed a period after the Covid vaccine?,"I had my AstraZeneca vaccine on 17th Feb 2021. I had long lasting side effects of fatigue and a swollen red arm, which is now still swollen and bruised but otherwise fine. It’s 21st March, my period is 8 days late but I can’t think of any reason why. It’s very out of the ordinary for me! Has anyone else experienced this? Or have you had the vaccine and your cycle is normal?

UPDATE 28th March: In case it helps anyone worrying, or if anyone is interest, my period finally came today (very light and very crampy but still) which is a relief! 

Thank you everyone for your responses, I think it’s clear that a lot of people are having disrupted periods after vaccines and it’s so important that we talk about it. Try to report your side effects if you can! 

UPDATE 6th June: I had my second vaccine on 5th May and I’m now on day 44 of my cycle, so I’m certain it’s due to the vaccine. My period in between jabs was pretty normal. It wouldn’t have changed my decision to get vaccinated, but I wish I had known about it before. I feel furious that we are not being given the truth before we are vaccinated. 

Thanks also for the rewards and upvotes, much love to you! Take care all.",408,217,decision,2,Personal PMDD Narratives & Life Decisions,0.9939,1,0,1,0
8cd443b62b36,Periods,Im so scared to move rn.,"
Coming home for winter break I decided to make the really smart decision that (because I dont have any work or classes to go to!!) I should skip on the ibuprofen to give my kidneys a break.  😇  

IDIOT 💔

I had to sit down at church service today. I didnt even remember that prior to ibuprofen my period pain would worsen extremely when sitting. So it began to simmer and just get worse and worse and worse. I stood up to leave. Nauseated. Ran outside to immediately throw up around 4 times. 

Drove home crying and hating myself. Gagging as I tried to make it to my bedroom. Threw my self on my bed writhing for 40 minutes till the pain stopped by laying on my side. Im too scared to eat or drink. From what I recall I used to skip food on the first day of my period because my nausea would make me gag. So I lay here frozen in regret. Scared to bend my knees or move. 

Ibuprofen I'm sorry babygirl.. I'm sorry for letting my kidney get inbetween our love... 💔 ",260,20,decision,2,Personal PMDD Narratives & Life Decisions,-0.9848,1,0,0,0
96c572296a4d,Periods,AIO for not wanting to go on the pill at 15?,"I also posted this to AIO so sorry if you've read it already x

I (15f) started getting my periods late 2024. My mum said she'd take me to the doctor if i didnt get them by 16 but I did so thats irrelevant lol. For contect my periods have ALWAYS been a struggle: heavy flow, constantly feeling light headed/ dizzy, killer cramps, awful headaches and im either starving or dont want to eat. When my periods first started I'd have 2 a month then none for months always super random but now they're usually once every month.

Im on day 5 of my period and im starting to get lighter but i still have a really bad headache and I feel sick (loss of appetite) as I write this. It all started on wednesday when I was on day 2 (the WORST day ifykyk) when I had a welsh oral exam. Each group had time slots and mine was later in the afternoon so I had to be locked in the hall, with only a meal deal and my welsh book, from 9am till i got called for my exam. I didnt have any painkillers so even sat down i was struggling (for some reason I CANNOT take tablets it just makes me gag and its not from lack of trying trust me)! Before it was even 11am I bles through my pad, underwear and shorts! I begged an invigilator to let me go toilet but I had to get a pad from the office but it in my already bloody underwear and use tissue to clean my legs as best as I could. I asked if I could move my time slot earlier on so I could go home soon but it was just me and 1 other girl in my 'group' and the other girl refused even though she knew my situation. I was sobbing in pain and tried sitting with some of my friends in another class but the invidulators wouldnt let me! I ended up lay across 3 chairs literally crying and hugging my welsh book. It got to the point where I nearly passed out before they did something! An invidulator took me outside for fresh air then passed me a bottle of watet, a clean pair of underwear (still in packaging) and 2 pads. I binned my stuff, got changed and went back into the hall.

After my exam (I got out around 1:15pm) the teachers told me to put on my blazer and go back to lessons but i ran off and phoned my grandad in tears. He came and got me straight away, my grandma gave me a hug and some liquid ibuprofen then i put pajamas on and got in bed.

Here comes why im making the post. When my mum came home she was mad, she told me im never missing school for 'just a period' ever again and that in the morning she will be booking an appointment so I can start the pill or the injections. She said it'll help me with my periods for exam season (im in yr11and leave in the summer) and it will clear up my skin because i struggle with excema and get alot of pimples (my dad has psoriasis). I told her that I think the skin stuff is normal since im a teenager, I dont want to risk infertility and since i struggle to take even a paracetamol why does she think id be able to take the pill ever day?! She got annoyed and barely looked at me the rest of the day. Since then she's been treating me to candles, chocolate and stuff for my room (a new duvet some storage bins etc). Its almost as if she's trying to butter me up. She mentioned the pill again recently but ive stayed firm on my decision and insisted on trying to take ibuprofen etc and manage my periods naturally, but now she is snappy with me so AIO?

Also sorry if the post is really long 💗",0,30,decision,2,Personal PMDD Narratives & Life Decisions,-0.9518,1,1,0,0
ae8e1ce13112,Periods,Can I stop having periods ?,"I can’t anymore with my periods. They are really heavy and it’s so annoying when I’m at school because I can bleed through my pants at any time. I never feel comfortable while I’m on my period and I literally can’t anymore. They don’t hurt that much, except like twice during the week but i can support it. I don’t think I’ve even had a period last less than 6 days and I physically can’t do anything without worrying anything will happen.
Im only 15 so ofc I can’t do anything but wait (but every time I’m on my periods a school day I just don’t wanna go (but I have to) and i have to stay for 8-10 hours everyday). I’m like 99% sure I don’t want children, but again, im too young to make that decision (even tho I would hate having a fetus in me for 9 months and then HAVE TO give birth in some ways, which will also affect my body forever). 
Is there any way for me to just stop having periods (forever?) or just for a certain period of time? The only way I know would be to just remove my uterus (but that’s so scary). I’ve heard that birth control doesn’t even stop them.
And is there a way not to have them at my age, or while being underage? I literally can’t anymore I hate being a female…

Edit: other question, would tubal ligation (or something similar, not sure how it’s called) also stop periods ?(Since the ovules comes from the tubes)",24,94,decision,2,Personal PMDD Narratives & Life Decisions,-0.9525,0,1,0,0
09f9328ff463,Periods,Birth control and periods,"Hi! I’m 18 and just wondering about using birth control to stop my periods?

I have pretty heavy periods and am already on medication for it (barely works) and me and my doctor discussed a while ago about going on birth control to help. My period ruins my whole week usually, puts me in an absolutely foul mood no matter how good the day is going - even if I dont have plans or am expecting my period, the exact moment I get it ruins my entire week and just makes me feel so absolutely dreadful. I’ve seen a lot of people use birth control to lighten their periods, but I want to use it to not have my periods? I’ve seen some people talk about it but I’m just not 100% sure if it’s safe and just want to hear some opinions from other people.

I want to do the combination pill (and I’m in the UK so its free). I dont want to do IUD or nexplanon, because I’ve heard it’s 50/50 (either makes your periods way worse or gets rid of them) and I don’t want to take the chance of my periods being worse than they already are. I just want to hear some experiences from people who have used the pill to stop their periods?

Idk. I’m just anxious about it and curious as to how other people did it and how it worked for them.",4,2,decision,2,Personal PMDD Narratives & Life Decisions,-0.2804,1,1,0,0
136c73a39bae,Periods,AUB + Anemia,"Hi,

I am wondering if anyone has had the **lovely** fortune of dealing with AUB while Anemic? 

This will be my 6th year/time of essentially almost bleeding out and I’m just wondering if anyone else has had to deal with it and how you’ve coped with it. 

My partner is upset because I’ve not necessarily given up but feeling yourself bleed to death multiple times does take a mental toll. How does anyone deal with this long term? 

I’m over the blood transfusion randomly at 4am and doctors telling me how I almost died - yet they only give me enough blood to get my hemoglobin back to a 7 instead of idk maybe a little extra if it’s normally around 12/15, doctors swear up and down it’s not PCOS or ENDO, of fibroids or cyst. My thyroid is fine. The only conditions that are concrete is anemia (which I did find out I have IRIDA\*) which cool I guess but if u can’t eat or take oral medication…I really only have IVs left which are so costly. And then just the AUB with menoherra. It’s just exhausting because doctors just say yea it’s AUB. Like yea great how do we fix it. And the trail runs cold there. I’m “too young” to have anything (this first happen when I was 18, I’m now 23) but I have a family history of endo and PCOS. But they still find nothing. I go months without a period and then get a period that tries to take me out. The longest I’ve ever bled was January to August. 

They just give me Norethindrone in the ER. (Which sucks bc I sweat so much especially in my sleep) and And won’t just make it my regular BC because it’s a “emergency medication” but I can’t have any BC with estrogen because of my high risk Breast and Ovarian cancer. So like??? What do I do? If I get one more letter in the mail from my state saying “child bearing age” I’m gonna scream. I’ve even tried asking to just get scooped. I’d love to be a mother but I’m terrified of labor anyways so I already planned to adopt and foster. But alas “you might change your mind” “you’re too young to make that decision”. 

Someone mentioned an IUD but my doctor said in majority of women it makes their periods go away, and in others it makes them bleed more so it would be a gamble. I don’t like gambling so. 

Idk sorry if I didn’t use the right flair. I’d really just like to know how others are coping with AUB and or the Anemia. I’ll copy the definition of IRIDIA. Really just looking for support and other povs. I’m going crazy and rationing my pills. ",1,0,decision,2,Personal PMDD Narratives & Life Decisions,-0.8398,1,1,1,0
cd5ecd85fd2b,Periods,"Off birth control for the first time in 11 years, hormonal adjustment","How come no one warned me that after getting off of hormonal birth control and letting your cycle regulate, how HARD it is with the monthly hormonal fluctuations. 

I feel crazy half the month (post ovulation - period) and then overly confident before ovulation. My luteal me loathes my follicular me for decisions I make. 

I also feel like my mood swings are all over. It’s been about 3 months no birth control and I’m wondering… does this get better or more manageable? I feel like I can’t trust myself to make decisions because I’m either too easygoing, or my feelings are hurt too easily lol ",1,1,decision,2,Personal PMDD Narratives & Life Decisions,0.8487,1,1,1,0
29ccca451771,Periods,Disposable period products are way less convenient,"I say this as a potentially unpopular opinion and with the full disclaimer that everyone should use the period product that they are most comfortable with.

My first period product was given to me by mom and was an applicator-less tampon so I was started on the path of being comfortable with a little blood on my hands and minimal plastic waste. After years of being without a period due to birth control, the product I went to when I got one back was a menstrual cup. Once I got used to carrying water with me in public restrooms to rinse my hands and knowing how to get secure suction and recognize when it was about to overflow, I loved it. I used it for two years and would still be using it however I now have an IUD, which means that the suction of a menstrual cup is too risky and not recommended. For two periods now I have been back to tampons and I gotta say it - they are SO inconvenient. I have to make sure I have a backup in my pocket or purse at all times and I have to consider what absorption level is most appropriate (light, super, ultra, etc) and it’s not as easy to feel when it overflows. I just ordered a menstrual disk and am so excited to go back to a reusable device so I can just have my one product + period underwear and not really have to think about staying stocked or making decisions.",1,1,decision,2,Personal PMDD Narratives & Life Decisions,0.9195,0,1,0,0
0ed54b7abf94,Periods,Does anyone else get incredibly depressed on their period?,"TW: Suicidal ideation, depression

  
So, it had been months since I had a period and years since I had a full period. I'm 20, non-binary, generally healthy but I do struggle with various mental health issues at the best of times. I also used to get wicked periods as a teenager - never bad enough to go to a doctor but bad enough that I would get physically sick, like actually throw up, from them... maybe should've gone to see a doctor tbh - so at 18 I started taking progesterone birth control. 

The birth control stopped my period completely, which is nice. Sometimes I'd forget to take it for a couple days - I'm not having sex with anyone who could get me pregnant, or anyone for that matter as of late, so I wasn't worried from that prospective - and I'd get a mini period, but that'd be pretty mild and only a couple days. But I forgot to take it for about three weeks last month and decided I'd just wait to start up again till after my next period. 

  
***Holy shit y'all***

On day 3 now. My god. Yesterday evening I felt like I was 17 again about to attempt suicide. I didn't, I'm fine now, but there was like about 10 minutes where I was just sobbing in my studio's kitchen, and it was like a done decision until I was able to think clearly for a second. Holy shit. Scary, I've not felt that sure and calm about my SI that follows me around, since like... 2 years ago? Miserable. 

I'm currently waiting to be assessed for bipolar, because I and prone to deeply depressive episodes, but, pff, no normally that sudden and certain. 

I'm alright now, still depressed, but coping, Going to my uni's wellbeing tomorrow to give them a heads up about the referral and to ask if I can just get something off my chest, including what happened last night because that was fucking scary. 

Has anyone else ever experienced similar? I know PMDD can cause this, but I had no depression before my period, if anything I think I might've been a little manic- hence the bipolar referral. It only started on day 2, I cried for like half the day, slept for half the day, and then genuinely thought about ending it. 

Least it's a good reminder to not skip my birth control because fuck this. I'm also getting hay fever/cold symptoms, but this is also common on my period, which sucks. Familiar with this since I've been like 14... fun times /s 

Thanks for letting me vent at least. ",2,2,decision,2,Personal PMDD Narratives & Life Decisions,-0.9442,1,1,1,1
c349cbfb86bf,Periods,Menstrual cup suddenly leaking,"Hello hello!

I've been using a saalt menstrual cup for about 8 years, give or take. Switching to it was one of the best decisions of my life, it made every period so much easier and cheaper than pads and tampons.

Sometime last year, it began to leak for the first time. I figured maybe my cup finally needed replacing, so I got a new one, same shape and brand and all. It also leaked! Before, I would be able to take it out and have it be nearly full to the brim with no leakage, but now, I take it out after heavy leaking and it's only at 1/4 full. What gives!

I haven't changed anything about how I use it. The only new thing is that I underwent major weight loss (at the time it began leaking, I had lost ~70lbs), which made my periods more regular, but the volume of blood or how I insert it hasn't changed at all. The suction holes are all clear.

Does anyone know what may have happened? Is it possible that the way my cervix sits has shifted where a cup won't work anymore? I do notice that the cup shifts to sit quite high up inside me now, no matter how close to the opening I put it to begin with. I've tried adjusting the way I insert it (the fold, how deep, rotating after suction vs. not rotating, etc) but no matter what, it leaks.

I'm so bummed out, I've been having to go back to tampons and it sucks, I miss being able to just use a cup :( it was 7 years of bliss. I'll see an OBGYN soon, but any advice or other cup recommendations in the meantime would be highly appreciated. Thank you!",1,1,decision,2,Personal PMDD Narratives & Life Decisions,0.6893,0,0,1,0
c25b2757aec9,Periods,"I don’t have a basis for how heavy my period is, so please share your experiences so I can understand more about periods","My periods last about 7 days and I don’t know how to tell if my flow is heavy bc I have nothing to base it on which is why I’m here.

I’m going to assume it \_is\_ heavy because I \_have\_ to wear a pad and a tampon (is this dangerous? My friend is absolutely convinced I’m going to die) to bed for the first 3 nights or I wake up with some laundry to do. I usually take about 400mg of ibuprofen twice on the first day and once the second.

I looked up about iud’s and it said they could make periods heavier in some cases?? which is exactly what I want to avoid. I’m a teen, so I’ll also talk to my mom about this, but I want other peoples experiences too before I make a decision (why I use Reddit lol).

My only other experience with periods is my mom giving me the super thin pads for the first few years that did jack shit until I found a brand I like and told her to get me thicker ones.

So obviously people feel pain differently, but what are your periods like and how different are they from mine?",2,9,decision,2,Personal PMDD Narratives & Life Decisions,0.9068,1,1,0,0
a9aad4e64874,Periods,Does your cycle affect how you handle big life admin like wedding planning?,"Something I've been thinking about a lot lately and wanted to ask here because honestly this community gets it more than anywhere else.

I've been speaking to friends who are planning their weddings and the same thing keeps coming up certain weeks the planning feels totally fine, other weeks the exact same tasks feel impossible. The overwhelm, the emotional reactions that feel disproportionate, the inability to make decisions.

And it really seems like it's not the tasks themselves. It's where they are in their cycle when they're trying to do them.

Luteal phase + big life decisions = complete wall. Follicular phase + same tasks = actually manageable.

Has anyone else noticed this pattern not just with wedding planning but with any big life admin? Would love to hear your experiences in the comments!",1,1,decision,0,Luteal Phase Decision-Making: Advice & Warnings,0.9237,1,0,1,0
6ac4f66afd37,Periods,I feel like patient zero.,"To start off this post, I'd like to clarify that I'm sharing this because I want to share MY experience in MY body with irregular cycles and birth control. How everyone reacts to birth control is different so do not let this post be a deterrent for you to try birth control. I'm also not looking for a diagnosis. I just want to feel less alone.

Back in April of 2025, I was going through severe stress and anxiety for a period of time as the school year and my extracurriculars were wrapping up. Over the span of two months (April and May) I experienced four periods. One ""regular"" for each where I had my usual heavy flow that lasted from 6-8 days with manageable cramps and one ""abnormal"" for each where my flow was inconsistent, lasted 3-6 days, and had intense cramping. After April, there was rarely a day where I was not experiencing cramps.

In around June or July, I saw a gynecologist. We tried an ultrasound and found nothing abnormal. I explained to the gynecologist my experience and told me my options were to try birth control or just take pain killers (she also suggested the usual - drink more water, exercise more, a new diet, etc). I asked her if she could explain why my body reacted to the stress the way it did. I'm under the impression that, when someone who menstruates' body is under long periods of stress, it can experience ""survival mode"" and menstruation is usually one of the first bodily functions to be put on the back-burner meaning LESS periods. So, why did mine double? She just said she didn't know.

In August, I finally decided to try the birth control pill. I was on one that was both estrogen and progestin. This pill did reduce my flow, the length of my periods, and how often I experienced cramping, but it made life 10x harder. I began to experience intense, periodic chest pain accompanied by my heart racing/pounding, blurry vision, heat flashes, lightheadedness, and headaches almost DAILY. However, everytime I went to a doctor and got my blood pressure/oxygen level checked, everything was normal. Even after I stopped taking it in mid September, the symptoms lingered up until the end of October. 

Then, I started my next birth control pill just a few days after the last in mid September. This one was just progestin. The good news about this one is that it did not give me symptoms of a blood clot daily and reduced the length and flow of my periods. However, whenever I DID have periods, the cramps were the worst I have EVER experienced. I'm autistic and it's taken me a while to get used to swallowing pills because of sensory issues so I rarely ever take pain killers like ibuprofen because of the size. However, the pain I was in forced me to overcome my fears and take some, anyways. That should say something. 

In mid January, I continued with the same birth control but just on a higher, 5 mg dose. The goal was to make sure I have no periods at all. Well, it's worked! I've experienced no periods for 2026 so far besides some occasional spotting. However, I experience periodic waves of cramps of varying intensity every. single. day. 

Throughout all my birth control experiences, some symptoms have been consistent like headaches, brain fog, serious acne, fatigue, and constant discharge. I'm aware that birth control usually takes a few months for some of the negative symptoms to begin to subside, but I made these decisions to change with the advice of my doctors and the symptoms I was experiencing in mind. 

Earlier this week, I visited a new gynecologist (one my mom suggested) to discuss my symptoms again. He pointed out the possibility of having endometriosis and said that I would have good reasoning to get a laparoscopy done to receive some clearer answers and plan of action. I'm not sure if I have any endometriosis in the family since nobody has gotten an official diagnosis, but my mom also struggled and my grandmother (dad's side) had a hysterectomy in her 30's because of her painful periods. 

I'm in my older teens and it feels like I don't even have control over my body anymore. The good news is that, even if I did have endometriosis and am infertile, I didn't want kids anyways but it would've been nice to have a choice, y'know? I'm just tired of hearing ""I'm not sure"" or ""let's try something new"" because I just want to know what's going on! Why am I having such a tough experience with birth control while others experience no side effects at all? I understand everyone is affected differently but sometimes I wonder if there's another reason why. I just want to feel less alone so any words of wisdom would be appreciated. 

(I posted this in a different subreddit but as soon as I did it got locked and removed by ""reddit's filters"". I've never used this site before so idk what that means but I hope it works this time!)",5,3,decision,2,Personal PMDD Narratives & Life Decisions,-0.9552,1,1,1,0
d5fcc4333a72,Periods,June period company closing,So sad to see this email this morning!! ,13,6,decision,2,Personal PMDD Narratives & Life Decisions,-0.6783,0,0,0,0
c85da9b62686,Periods,Always pads top layer change- the company's answer,"Dear fellow sufferers from the Always top layer change,


I have news. (Kinda)

I only noticed the change in the pads' top layer last week - my country must have had old stock- and I immediately emailed them about it. And they replied.
Here you go:


""We did change the design of the print pattern. The most change has been in the back of the product to show the flexibility and how it better fits to the body. The new pattern is for easy application (or navigation) and will not change the performance of these pads.
This change will be enhancing product integrity and better absorbency. We expect that you will have the same or slightly better experience that you have with the Always products thanks to the new gentle top layer &amp; the new embossing pattern.
Everything else remained the same and we always aim for safety and satisfaction of our consumers.

While we’re always looking to innovate and improve our products, we’re also committed to listening to your feedback. At this time, we are not planning to bring back the old top sheet with the ""net"" surface, but we’re continuously evaluating our products based on consumer input. We appreciate your thoughts and will keep them in mind as we move forward.

We hope the new product will be good for you and you will be happy with it.""

So basically, we're stuck with the new design because they HOPE and BELIEVE that it would be fine.


I find this approach ridicolous. If you also feel like it's not okay, you should sign this petition: [https://www.change.org/p/demand-better-from-always-period-products?recruiter=65900437&amp;recruited_by_id=0af238d0-3837-11e3-a1ad-ddac7cc6deda&amp;utm_source=share_petition&amp;utm_campaign=starter_onboarding_share_personal&amp;utm_medium=copylink ](https://www.change.org/p/demand-better-from-always-period-products?recruiter=65900437&amp;recruited_by_id=0af238d0-3837-11e3-a1ad-ddac7cc6deda&amp;utm_source=share_petition&amp;utm_campaign=starter_onboarding_share_personal&amp;utm_medium=copylink)- it's not made by me, but a million thanks to the creator!

We could also try to collectively send them emails, since they claim they 'listen to feedback' so maybe if enough people complain, they will actually rethink this. (consumercare.im@pg.com is their address)



Let's do this!!!",23,27,decision,2,Personal PMDD Narratives & Life Decisions,0.9918,0,0,0,0
d50780a89afa,Periods,I Suffered From Excruciating Periods for Years Here’s What Finally Helped,"I’ve had really, really bad periods since I started at 13, all the way into my early 20s. I never went to a doctor for them. My mom often thought I was being dramatic, but the pain was intense. I’d be vomiting, have diarrhea, and sometimes pass out. It was so bad that I could barely stand. I couldn’t even shower the first day or so because standing was too painful, so I would take baths instead. Even walking felt like stepping on needles. I’d have to call off work or skip school just to get through it.

The thing is… I wasn’t even a heavy bleeder but the pain was excruciating. I tried everything I could think of, iron pills, Advil, ibuprofen, watching my diet, avoiding dairy, nothing helped.

I’m 23 now and It wasn’t until a little over a year ago that I started taking magnesium and naproxen (about a week before my period starts). And honestly? It’s been life-changing. My periods are still uncomfortable, but now I can actually function. I can go to work, move around, and I don’t feel like I’m going to collapse.

I’m sharing this because I want to help any girls out there who feel defeated, unsupported, or have been told their pain is “normal.” It most certainly isn’t. Your period should not control your life.

I’m still planning to see a doctor in the future just to make sure everything’s okay. But in the meantime, if you haven’t already, please consider magnesium (glycinate is easier on the stomach) and naproxen. I take both together, and it’s made a huge difference. Wishing everyone some period relief.🙏🏾",5,3,decision,2,Personal PMDD Narratives & Life Decisions,-0.9391,1,1,1,0
4230647b352f,Periods,Trump Would Let Republicans Track Your Pregnancy,"  
They don't do this in China. They don't do this is Russia. They don't do this in Iran -- but the GOP (now known as MAGA) will take religious crackpottery to a new level and if given the opportunity will monitor the pregnancy of all American women. Forget about your right to privacy, the Christo-fascists will decree you must submit to multiple vaginal examinations in order to maintain complete control over women and their bodies.  
First, their aim is to outlaw contraception, but if their efforts should fail their back-up plan is even more odious. Again, if Republicans are voted into office they will track the menstrual cycles of our wives, sisters, and daughters to determine if a woman had an perfectly legal, medically needed abortion, and then bring charges against her.  
This is madness, this is MAGA, and this is what will happen if you vote for any Republican, anywhere in America!

  
Read this report -- italics mine.

  
In a new, wide-ranging interview with Time magazine, former president Donald Trump said he would be fine with state*s tracking people’s pregnancies* in order to *prosecute those* who have abortions past a given state’s gestational limit. “I think they might do that,” Trump said in response to the question of whether states *“should monitor women’s pregnancies* so they can know if they’ve gotten an abortion after the ban.” “Again, you’ll have to speak to the individual states,” he said.  
When the reporter asked whether Trump would be comfortable with states *prosecuting women* for having abortions — a throwback to the notorious 2016 campaign moment when he received backlash for saying *women should face “some sort of punishment”* for illegal abortions — he said, “It’s irrelevant whether I’m comfortable or not. It’s totally irrelevant because the states are going to make those decisions.”  
The answer went viral on X, where several journalists, politicians, and influential Democrats compared the notion of pregnancy tracking to the plot of The Handmaid’s Tale. But this is not some far-fetched scenario. It’s already happened in recent years, both under the first Trump administration and in Missouri.  
News of the Trump administration’s pregnancy tracking first surfaced in late 2017 when four teenage migrants sued the Office of Refugee Resettlement (ORR) for keeping a weekly spreadsheet of information about the pregnancies of minors in its custody, including the gestational age of the fetus, whether the pregnancy arose from consensual sex, and whether each girl had requested an abortion. While a federal judge forbade the agency from trying to interfere with pregnant minors getting abortions in March 2018, Vice reported the following year that the agency continued to maintain the database despite the court order.  
Later in 2019, the director of Missouri’s state health department admitted during a legal battle over the license for the state’s last remaining Planned Parenthood clinic that he had directed an investigator to compile a spreadsheet *monitoring patients’ period.* The purpose of the *database,* according to the Kansas City Star, was to try to identify patients who’d had “failed abortions” as the state attempted to shut down abortion clinics. The subject line of the email circulated among health-department staffers, which was found through legal discovery, read, “Duplicate ITOPs \[Induced Termination of Pregnancy\] with last normal menses date.”  
Both the Missouri and ORR revelations occurred years before the Supreme Court overturned Roe v. Wade in 2022. But the threat of similar surveillance looms large post-Dobbs. Democratic state legislators in Virginia, a purple state that allows abortions up to 26 weeks and where the issue often swings elections, tried to preemptively block a pregnancy-tracking situation in 2023 by passing a bill that would ban search warrants from obtaining people’s menstrual data. Democrats were responding to a new threat flagged by privacy experts that law enforcement could seize data from period-tracking apps to prosecute women for having abortions. But Governor Glenn Youngkin, a Republican, reportedly thwarted that measure from becoming law. The same year, the Florida High School Athletic Administration’s board of directors voted to remove questions about high-school girls’ menstrual histories from a questionnaire students had to fill out in order to participate in sports after weeks of controversy about how the information could be used under Governor Ron DeSantis’s anti-abortion and anti-trans agenda...  
https://www.thecut.com/article/trump-time-interview-pregnancy-tracking.html",53,61,decision,2,Personal PMDD Narratives & Life Decisions,-0.9635,0,1,0,1
063cb9e58ab8,Periods,"first gyno appointment, need help advocating + knowing what to say","I (recently 18F) have my first gynecology appointment in a few days and I’m looking for advice on what should be tested for and how to advocate for myself.

I’ve had heavy and very irregular/constant bleeding since I first got my period around age 12.

That’s not my only symptom, but I also have other health issues that cause symptoms, so it’s hard to know which symptoms are related to this and which aren’t- but yeah this post would be way too long if I listed everything.

So basically I want to know what the basic things are that should be tested or ruled out first with heavy and constant bleeding, I’m not sure if I’ll have to ask them to test me for this stuff or what, but I want to know what the first things they look for and do are, so I can be sure they’re taking me seriously and hopefully I can get some answers soon.

At my old pediatric hospital, I never got any tests or physical examinations or anything. They just tried me on a couple different birth control pills, which didn’t make a significant difference (I probably didn’t track the experiences as well as I should have tho) and wasted a lot of time since I had to wait months before they’d try a new one.

I also don’t have a clear answer for how much I bleed… I’m certain it’s heavier and more frequent than normal, but since this started when I was a kid and the bleeding was very inconsistent and pads are uncomfortable, I started just wearing period underwear instead of pads whenever I was bleeding. And then after a few public leaks cause I couldn’t estimate when I’d start bleeding again, I just started wearing period underwear 24/7- I can’t remember the last time I wore regular underwear atp. So yeah it’s hard to tell when and how much exactly I bleed since I wear the underwear, especially since I have many pairs by now and some are different brands, older and not as absorbent, etc.

I know I should go back to pads for a bit to try and measure things, but I have anxiety and it makes me really uncomfortable not wearing the period underwear because I’m worried about leaking. So I’m not really sure how I’m going to explain how much and often I bleed to the gyno, and it seems like it’s the one question that they base their whole decision on if it’s normal or not, so I’m worried I’ll seem like I don’t have a problem or it doesn’t affect me or whatever.

Also I know I probably sound like I don’t really care about this, but I do- if I was a completely healthy person with only the period issues, I’d be really concerned for my health and doing everything to try and figure it out.

It’s just that I have far more critical health issues that happen and actually threaten my life and/or make me focus all my attention on getting better, so my period is usually just in the background and whenever I get a bit of a break and can try to focus on it, something new pops up.

Thanks if you read all this, I’ll answer any other questions in the comments if needed.

Edit: I also want to clarify, I wouldn’t say I have like heavy \*heavy\* bleeding, sometimes it’s lighter but then sometimes it is pretty abnormally heavy- but my main issue is the frequency. I wouldn’t mind having the heavy periods if it was on a consistent schedule, but I don’t think I’ve ever gone more than 1-2 weeks without bleeding at some point.",2,1,decision,2,Personal PMDD Narratives & Life Decisions,0.9817,1,1,1,1
539e25824b5b,Periods,accurate,,397,34,decision,2,Personal PMDD Narratives & Life Decisions,0.0,0,0,0,0
d497aa1380dc,Periods,Brain fog before period - does this happen to anyone else?,"Ok so this started like 6 months ago and it's driving me crazy. The week before my period I literally can't think straight.

Yesterday I was trying to tell my husband something and kept going ""you know, the thing, the THING"" because I couldn't remember ""appointment."" He was like what is wrong with you lol.

At work I'll be talking and my brain just goes blank. I used to be the sharp one and now I feel like an idiot half the month.

It's always after ovulation - everything gets foggy until my period starts. Went to my doctor and she was like ""probably stress"" and that was it.

Anyone else get this?",7,9,brain fog,1,"Cognitive Symptoms: Brain Fog, Fatigue & Dissociation",0.3308,1,0,0,0
cb81611a4f05,Periods,Is brain fog during periods real??!,Lately I am experiencing this. I am also zoning out a lot. And this doesn't happen often. It happens only when I have painful periods. So is periods brain fog real?,1,9,brain fog,1,"Cognitive Symptoms: Brain Fog, Fatigue & Dissociation",-0.5764,1,0,0,0
eb03d4be2c14,Periods,Its horrible. I get headaches and migraines every time i get it. I get brain fog an i cant think properly sometimes i just want it all to stop but theres nothing i can do,"Im sitting on the floor right now. i got it like an hour ago. i cant think clearly and its not even because of pain its just random brain fog

I cancel all plans i have for the next week when i get it an theres nothing way for me to track it because i miss it every couple of months

I have medication to make the flow less but even with it its still bad. I waste so many pads that i resort to putting toilet paper on top of my pad and changing that every hour or so

I can hardly feel my legs sometimes (not because of pain they are just numb)

I have sensory issues as well so every second of the 7 days is hell. I have to sleep on my back to make sure I definitely dont leak i have to go to the toilet almost hourly, i have to skip school sometimes

I cant go on birth control because of the migraines i get + all the other side effects and all the other options i know of im too young for since im a teenager. 

I feel so stuck. I had like 3 plans this week, all cancelled because im too scared that something will happen like sudden really bad pain or a migraine or literally anything ",2,0,brain fog,1,"Cognitive Symptoms: Brain Fog, Fatigue & Dissociation",-0.9807,1,1,0,1
a348e04fac16,Periods,Advice on studying whilst on period with brain fog?,I’ve been trying to write this essay all week but I’ve just had this brain fog and fatigue (on top of cramps and cold-y symptoms) which is making it so hard for me to focus. Usually the brain fog only lasts a couple days and I thought I’d be fine by now but im not and im meant to submit it relatively soon. Anyone had a similar situation and any advice? I feel awful and I am scared if it’s the same way tomorrow I wont be able to submit on time in decent quality. Sorry if this is similar to other stuff that has been posted. ,1,0,brain fog,1,"Cognitive Symptoms: Brain Fog, Fatigue & Dissociation",-0.8767,1,0,0,0
79e07b650633,Periods,Does anyone get brain fog before their period?,"I used to not have this symptom when I was younger but now I get brain fog before and during my period.

It’s harder for me to find the right words when I’m talking. Like I couldn’t remember the word “surveillance” for some reason. Is this a common symptom or am I having signs of early dementia omg",9,4,brain fog,1,"Cognitive Symptoms: Brain Fog, Fatigue & Dissociation",0.5023,1,0,1,0
28a3a9293b54,Periods,How to deal with Severe Dizziness &amp; brain fog? Any1 else?! 😢,"PLEASE dont suggest iron supplements because it doesnt work for me. I take :
iron + multivitamins , sometimes electrolytes, chocolate for energy, even when i eat healthy exercise the dizziness brain fog doesnt go away ! What should i do?! ",1,7,brain fog,1,"Cognitive Symptoms: Brain Fog, Fatigue & Dissociation",0.4245,1,1,0,0
8c5b26288d05,Periods,How to deal with PMS brain fog?,It’s making me feel so fatigued that I’m not able to study for my important exam. I’m literally wasting my days. ,1,1,brain fog,1,"Cognitive Symptoms: Brain Fog, Fatigue & Dissociation",-0.6144,1,0,0,0
094614b6a284,Periods,Brain fog during PMS?!,"Anyone else dealing with extremely bad brain fog during pms? My period is five days late and I feel like I’ve been pmsing for eternity - it’s terrible lol. This past week my memory has been awful! I couldn’t find words, couldn’t remember what I was about to do or look up, etc - I’m 40 so I think perimenopause is starting. 🥲",1,0,brain fog,1,"Cognitive Symptoms: Brain Fog, Fatigue & Dissociation",-0.7606,1,0,0,0
fba35ea98473,Periods,How do I mitigate my brain fog or 'period brain'?,"On my heavy days of my period, I just become really stupid and I just can't think straight.

My short term memory is almost nonexistent, I become very ditsy, I space out, I can't focus. When I'm at work, I forget how to do things I know how to do and make mistakes I wouldn't normally make, which really frustrates me.

I know I'm just probably being hard on myself, but is there any suggestions on how to feel more in control when your brain feels out of wack?

I feel like this Mr. Krabs meme

https://preview.redd.it/ryiuasidinke1.jpg?width=2880&amp;format=pjpg&amp;auto=webp&amp;s=2d86ae0a7a57b3af0d118fe68191c6f527a7ef1f",3,1,brain fog,1,"Cognitive Symptoms: Brain Fog, Fatigue & Dissociation",-0.5371,1,0,0,0
ccf6bfde2efa,Periods,Do any other creatives experience PMS / period brain fog?,"And is it normal? 

I’m a graphic designer and every month for the week before my period, I experience so much mental brain fog!

It’s like my ideas and creativity turn off in my head 😭 and I have no will to work on my clients’ projects, and it puts me in a state of even more anxiety because I feel guilty that I’m not getting anything done, while my clients are waiting on their work. I’m a freelancer that works from home, which makes it harder for me because I go through a mental battle between trying to work on some projects or just laying in bed all day. Or I’ll start working on something and then go blank. And this lasts from the week before my period up until like the 4th day, everytime. It also doesn’t help that I already have anxiety. Like out of all of the projects I have to complete, I’ll be lucky to actually complete 1-2 during these periods (no pun intended 😭)

Does anyone else experience this? Do you have any suggestions or tips I can use? I would really appreciate it!",7,3,brain fog,1,"Cognitive Symptoms: Brain Fog, Fatigue & Dissociation",0.695,1,0,1,0
f3cbc91f6606,Periods,Headaches and brain fog after period ends,"Does anyone ever experience horrible headaches, feeling off, brain fog after your period ends?? For whatever reason one or twos days AFTER my period I get horrible headaches and just feel off. I almost feel worse after my period then during. Does anyone else experience this? If so, is there anything you can do to help? As if feeling like crap before and during my period isn’t enough 😭",11,14,brain fog,1,"Cognitive Symptoms: Brain Fog, Fatigue & Dissociation",-0.8829,1,0,1,0
77011da3789e,Periods,Period brain fog,"Every time I get my period for the fist 2 to 3 days I have major brain fog! Its very frustrating when I forget things at work or just in general.  

Does anyone else experience this and does anyone else have any tips or remedies?    ",8,4,brain fog,1,"Cognitive Symptoms: Brain Fog, Fatigue & Dissociation",-0.6581,1,0,1,0
50788f0100ed,Periods,"Severe nausea, brain fog/confusion, debilitating pain","It's every period, I don'tt know how to handle it. Can't touch my own body from the neck down without feeling like I'm gonna vomit and pass out, can barely speak a full sentence at times, can't remember how I got to another room, partner caught me wide eyed staring at a wall and I don't remember it. I lose 3 days laying around in pain so bad I can barely make it to the bathroom, I have to remember to pile food and water by my bed so I don't just go without cause I can't make it to the kitchen. I don't know what to do anymore",4,2,brain fog,2,Personal PMDD Narratives & Life Decisions,-0.9557,1,0,0,0
cebf8ac9358f,Periods,Brain fog during periods,"My wife has extreme brain fog (inability to think clearly, apply logic, understand statements or read properly) during her periods. Is this a common thing to happen? We have started our journey to dive deep and understand this phase. 

Brain fog lowers her confidence during this time. This gets her anxious and depressed. 

Questions

* Is this normal?
* Is there any diet or lifestyle changes we can do to prevent or lower the impact? 
* Should we see a doctor?",5,6,brain fog,1,"Cognitive Symptoms: Brain Fog, Fatigue & Dissociation",-0.7026,1,1,0,0
4da89ed0997f,Periods,Brain fog and fatigue is so bad I can't even function these last two days.,"I'm glad I got a bit done today like grocery shopping and mopping the house. I had to really push myself especially since my mom's knee is fractured and she can't carry heavy stuff at the store. After coming home I couldn't even really function. Sucks being that tired. I think the THC drink is what made me sleepy too but I drank it to help with the discomfort.

Being dizzy sucks.😭 I haven't been able to do school work. I know I'll feel better tomorrow. This period was just one of those periods that make you feel more fatigued than others.",2,0,brain fog,2,Personal PMDD Narratives & Life Decisions,-0.9114,1,0,0,0
7db90be3fa71,Periods,Tips on sleepiness &amp; brain fog,Hi! I have super bad caffeine withdrawal but I badly need coffee and I’ve been noticing brain fog and I can’t focus on my readings. It’s a big issue for me since I’m studying for boards. Hope you have some tips or recommendations for me 🫶🏻,1,1,brain fog,1,"Cognitive Symptoms: Brain Fog, Fatigue & Dissociation",-0.088,1,0,1,0
3c06c1d8a362,Periods,brain fog before / during ovulation ???,,1,1,brain fog,1,"Cognitive Symptoms: Brain Fog, Fatigue & Dissociation",0.0,1,0,0,0
7cc93c43fcd8,Periods,Does anyone else get dizzy and lightheaded - almost like brain fog - when on their period? Even when you’re not bleeding a lot?,"I’ve noticed this has been happening to me just before and during my period, even if I’m not bleeding a crazy amount. Does anyone else experience this? Like, a dizzy, fuzzy vision, fuzzy head, and wobbly walking? Or is this something I should see the doctor about? This never happened until after I was fully vaccinated, which I have no idea if it has anything to do with it, but I just thought I’d throw it out there.",35,14,brain fog,1,"Cognitive Symptoms: Brain Fog, Fatigue & Dissociation",0.4623,1,0,1,0
72887763602a,Periods,Periods and brain fog,"Hi! Does anyone else suffer from extreme brain fog while on their cycle? It's happened to me before, but this time around is AWFUL. I can't focus on food, water, work, my hobbies, or playing with the fur babies. I cannot seem to stay on track with/for anything. :(",6,1,brain fog,1,"Cognitive Symptoms: Brain Fog, Fatigue & Dissociation",-0.8478,1,0,1,1
e21c3d1116c1,Periods,Making it through PMS and the brain fog,"What do you do to get through those days when PMS is hitting hard and your feelings feel all out of whack? 

I’m usually pretty good at coping, but I feel crabbier than a crab and discouraged about all things today. Trying to be productive at work, but the brain fog makes me forget why I went to open this or that tab and I often have to keep bringing myself back from unintentionally zoning out. Ugh.

Thanks for the tips! Hope your current or next period is chill. &lt;3",3,0,brain fog,1,"Cognitive Symptoms: Brain Fog, Fatigue & Dissociation",0.3054,1,0,0,0
90ba5942a361,Periods,Does anyone else get light headed and experience brain fog on there period?,Is there anything that can help with this?,3,0,brain fog,1,"Cognitive Symptoms: Brain Fog, Fatigue & Dissociation",0.4696,1,0,1,0
07f3b27ac7f2,Periods,Insane brain fog or possible dissociation?,"Sorry for the formatting, typing this post on my phone.

It's been an incredibly weird day. I (23) got plenty of sleep last night and woke up feeling awful. Within 20 minutes, I was greeted by some lovely period cramps, the irregular period started. I'm on Nexplanon (the straw) and typically I have light bleeding with lots of period cramps. Today was different though, I've been feeling this strange fog ALL day! It's a similar sensation to shaking an arm or a leg after it fell asleep, so not necessarily painful, but it's a very present feeling. I feel very detached, unmotivated, and not mentally sharp as I normally am. My husband even said that I seemed out of it today.

I've been sitting doing nothing for the last 3 hours, getting frustrated that I don't have an interest to do anything that I normally do. Is this normal- or even a period related thing? I started searching and it seems like PMS brain fog is a thing, so I thought I'd post here. 

Advice is much appreciated!

TDLR: Got my irregular period today while on Nexplanon. Have unusual symptom of brain fog, possibly dissociation. Having a very weird, unproductive day. Starting to feel bummed, help!",7,3,brain fog,1,"Cognitive Symptoms: Brain Fog, Fatigue & Dissociation",-0.5989,1,0,0,0
8b35e8f6b6d9,Periods,Brain fog be wilding,"Brain fog is some serious weird shit. Does anyone else experience it? 

I have been so clueless and weird, I have no idea what’s going on. And I’m not even talking about complex tasks, just the most simple,mundane things too. I’m so lost. 

As if all the physical annoyance was not enough, here I have my brain betraying me too. 

(Actually took a long time to write this post because my brain was not able to remember certain right words??!! And had to re read it multiple times to make sure I grasped that I have written correctly)

Ugh.",3,2,brain fog,1,"Cognitive Symptoms: Brain Fog, Fatigue & Dissociation",-0.9653,1,0,1,0
6caf4794c015,Periods,[PMS] Serious Brain Fog,"While I am writing this I am extremely tired. Really really tired. Does anyone else experience it? The days leading up to my period everything just slows down tremendously.

Yesterday I was fine, happy even! Now I am agitated and want to sleep all day with a heat pack on my stomach.

Can anyone relate? And if you do, how do you deal with it?",7,4,brain fog,1,"Cognitive Symptoms: Brain Fog, Fatigue & Dissociation",-0.7181,1,0,1,0
3d018f2ebf84,Periods,What's the worst part of to your period?,"I know it's usually the cramps for most people but to those who don't have really bad cramps, what do you hate? My cramps usually aren't that bad, but I hate mood swings. For example, I once started crying over a political commercial.",51,95,brain fog,2,Personal PMDD Narratives & Life Decisions,-0.883,1,0,0,0
618e87c60958,Periods,"Girl bossing it up with my period meal , what’s yours?💅🏾","This is pasta salad with ham cubes, parmesan cheese, Italian dressing (oil based), and pepper! My drink is Oolong Milk Tea from Kungfu Tea. I find when I drink it, it nourishes my soul and body. I usually don’t eat anything on my period for the first two days but today is the third day and so I need to eat something. Usually I eat Jell-O or specific snacks or sandwiches but this month my body hurts all over for whatever reason ( period obviously) and so I’ve been sleeping, in pain more than usual, and have been binge watching Chinese dramas. Let me know SHAWWWWTAAAAAYYYYY😘",103,63,meal,2,Personal PMDD Narratives & Life Decisions,-0.7345,1,0,1,0
81a18e85b1e3,Periods,How come I get post-meal fatigue on my period only?? ,"This HAPPENS every month. I'll get so exhausted and weak after eating a meal that I have to take a nap. To combat this, I've started taking a brisk walk after a meal and it does help a bit but the fatigue is still there. This makes me not want to eat especially when I want to be productive on a certain day. ",3,0,meal,2,Personal PMDD Narratives & Life Decisions,-0.4497,1,1,0,0
87a7ce9e5753,Periods,Do big meals make you start early?,"Idk if this is for everyone but I’ve found a pattern that whenever I’m getting close to my starting day, if I have a takeaway or eat out somewhere or just have a larger meal then normal then I will start early. I don’t know why but I’m wondering if other people experience this?",1,1,meal,2,Personal PMDD Narratives & Life Decisions,-0.1431,0,0,0,0
ae1c79d3a177,Periods,Period meals for easing cramps and mood?,"Is there anything that helps make me feel satisfied and full?

And are there any foods to avoid? 
Please help a girl out!",1,6,meal,2,Personal PMDD Narratives & Life Decisions,0.8759,1,0,0,0
55230d242151,Periods,What are some of your healthier favorite snacks and meals for shark week?,,2,1,meal,2,Personal PMDD Narratives & Life Decisions,0.4588,0,0,0,0
96c572296a4d,Periods,AIO for not wanting to go on the pill at 15?,"I also posted this to AIO so sorry if you've read it already x

I (15f) started getting my periods late 2024. My mum said she'd take me to the doctor if i didnt get them by 16 but I did so thats irrelevant lol. For contect my periods have ALWAYS been a struggle: heavy flow, constantly feeling light headed/ dizzy, killer cramps, awful headaches and im either starving or dont want to eat. When my periods first started I'd have 2 a month then none for months always super random but now they're usually once every month.

Im on day 5 of my period and im starting to get lighter but i still have a really bad headache and I feel sick (loss of appetite) as I write this. It all started on wednesday when I was on day 2 (the WORST day ifykyk) when I had a welsh oral exam. Each group had time slots and mine was later in the afternoon so I had to be locked in the hall, with only a meal deal and my welsh book, from 9am till i got called for my exam. I didnt have any painkillers so even sat down i was struggling (for some reason I CANNOT take tablets it just makes me gag and its not from lack of trying trust me)! Before it was even 11am I bles through my pad, underwear and shorts! I begged an invigilator to let me go toilet but I had to get a pad from the office but it in my already bloody underwear and use tissue to clean my legs as best as I could. I asked if I could move my time slot earlier on so I could go home soon but it was just me and 1 other girl in my 'group' and the other girl refused even though she knew my situation. I was sobbing in pain and tried sitting with some of my friends in another class but the invidulators wouldnt let me! I ended up lay across 3 chairs literally crying and hugging my welsh book. It got to the point where I nearly passed out before they did something! An invidulator took me outside for fresh air then passed me a bottle of watet, a clean pair of underwear (still in packaging) and 2 pads. I binned my stuff, got changed and went back into the hall.

After my exam (I got out around 1:15pm) the teachers told me to put on my blazer and go back to lessons but i ran off and phoned my grandad in tears. He came and got me straight away, my grandma gave me a hug and some liquid ibuprofen then i put pajamas on and got in bed.

Here comes why im making the post. When my mum came home she was mad, she told me im never missing school for 'just a period' ever again and that in the morning she will be booking an appointment so I can start the pill or the injections. She said it'll help me with my periods for exam season (im in yr11and leave in the summer) and it will clear up my skin because i struggle with excema and get alot of pimples (my dad has psoriasis). I told her that I think the skin stuff is normal since im a teenager, I dont want to risk infertility and since i struggle to take even a paracetamol why does she think id be able to take the pill ever day?! She got annoyed and barely looked at me the rest of the day. Since then she's been treating me to candles, chocolate and stuff for my room (a new duvet some storage bins etc). Its almost as if she's trying to butter me up. She mentioned the pill again recently but ive stayed firm on my decision and insisted on trying to take ibuprofen etc and manage my periods naturally, but now she is snappy with me so AIO?

Also sorry if the post is really long 💗",1,30,meal,2,Personal PMDD Narratives & Life Decisions,-0.9518,1,1,0,0
bff6e03eb8c2,Periods,‘Fasting’ on period,I don’t really know if this is relevant to this subreddit but I’ll give it a shot. Basically it’s a specific event and i ‘need’ to fast everyday until 19th. Thing is my period started and my mom won’t let me not fast for reasons I won’t disclose. I have severe cramps and a pretty heavy flow and my period just came after 2 months (very irregular). I have fainted before on my period and it makes me VERY weak and fatigued. I literally don’t know what to do since I’m going to be fasting 5am to 6pm like seriously is this even possible or healthy..? I don’t have a choice. I was thinking to sneak food and take medication (I take strong meds like naproxen and mefenamic acid) but it won’t work unless I eat a big meal and my mom has eyes on me 24/7 I can’t eat anything other than snacks in secret. My periods last more than a week so I can’t really just wait it out. I really DONT want to fast even if I wasn’t on my period I’m not medically able to fast but that’s really just how my mom is. Does anyone have any tips?,6,18,meal,2,Personal PMDD Narratives & Life Decisions,0.7331,0,0,1,0
539563024e42,Periods,Has anybody found a natural way to decrease their period?,"Hi all! I have recently decided to take my health more seriously and a part of that is to reduce my periods.

I am a 27 year old female, 138lbs, 5ft 2 inches tall as of 2-3 weeks ago at the doctor, normal blood pressure, no NCDs. No previous pregnancies. fairly sedentary life style. I do not consume junk food, most meals I eat are homemade. I rarely eat snacks as well. I have a normal 28-32 day cycle every month, and almost no PMS

I previously had a copper iud where I would lose around 450ml of blood per cycle with periods lasting 9 days. I use menstrual cups to measure.

My pap smears always return as normal (last one was a year ago). I did a pelvic exam 2 weeks ago. Results: no abnormalities, no fibroids, cysts, polyps and uterine lining is normal.

I decided to remove the IUD and now my periods are 4 days, 210ml of blood. This feels like heaven now but still a concerning blood flow. 

I do not want to take synthetic hormones to decrease my flow. Has anybody been able to decrease their flow from heavy to normal naturally? and how? ",1,12,meal,2,Personal PMDD Narratives & Life Decisions,0.2469,1,1,0,0
3ca29ff50081,Periods,Understanding your cycle without the noise,"I wish someone had explained in school that your cycle isn’t one flat line of “PMS,” it’s four distinct phases. When I started tracking energy, sleep, pain and mood by phase, it got easier to plan work, training and social stuff around my body instead of fighting it. If you look back over your month, can you see a phase that consistently feels better or worse for you?",93,16,meal,2,Personal PMDD Narratives & Life Decisions,0.1531,1,1,1,0
8e800d37dea0,Periods,Constant fights with my mum over food and my period…. Need advice,"I’ve been tracking my calories and macros for around two years because I’m really focused on building muscle. Right now I eat about 2000 calories (my estimated maintenance is 1800–1900), with multiple balanced meals a day, around 50–60g of fats, plenty of carbs, and around 130g protein. I weigh 51kg for reference.

I eat mostly whole, nutritious foods and occasionally eat out with friends, although not often. I don’t track to restrict but to ensure I’m eating enough to support my training and progress.

Recently, my period has been irregular (has been coming every 3-4months). I personally think it’s from very bad stress and anxiety from school, but my mum believes it’s because I’m not eating enough. We’ve seen a doctor, and he said it’s unlikely to be diet related given my intake and weight, and more likely due to stress. But my mum doesn’t agree.

I eat a variety of healthy fat sources like avocado, walnuts, and butter, and my overall fat intake is within a normal range. But she says that the issue is because I don’t specifically use olive oil, which doesn’t make sense to me and has been frustrating. Like she gets all her info from chat GPT. She wants to see a dietitian which is fine but I’m worried they might not fully understand my situation or assume I’m restricting when I’m not.

A lot of people associate tracking with disordered eating, which I don’t feel applies in my case.

What should I do? Is my mum misunderstanding?😭",4,3,meal,2,Personal PMDD Narratives & Life Decisions,-0.8325,1,1,1,1
a768639458ee,Periods,getting cramps in one country but not the other??,"i moved to the UK from Singapore for uni last year. noticed the strangest thing - i only get period cramps while in singapore?? 

so far, each time i am at the UK, i am there for 6 months, and i dont get a single cramp, not even the slightest bit of discomfort. 

then, just today, after i’ve been home for a little over a week, i got my period. I proceeded to experience one of the worst cramps i’ve ever experienced (not top 1 tho LOL) - i was cramping down to the legs, pale, hands and legs lost sensation, and vomitting (yikes).

to cite a difference, the UK is a temperate and dry country while Singapore is a tropical and horribly humid country. 

I am not doing anything different, i probably ate a lot more while in singapore (as a student does when they return home from uni) at uni i tend to skip meals mostly due to laziness. but would that even cause any difference??? I also did a lot more walking while at the UK, commuting to and back from uni.

is this strange?? has anybody else experienced this? from what i’ve described what could be the cause?",1,2,meal,2,Personal PMDD Narratives & Life Decisions,-0.9672,1,0,0,0
760cc79de777,Periods,I’m building a period app because every app I tried missed the point,"ok i got so frustrated with period apps that i started building my own

the moment that fully broke me was logging everything. cramps. exhausted. bloated. crying over nothing. and the app just being like “Day 24. Luteal phase.”

like yeah obviously. i know. i am literally the one on the couch.

that’s what annoys me about most of these apps. they can tell you what phase you’re in, but not why you feel insane or what to actually do with that information. it’s just a label and then you’re left there.

so i’m building something called Sync With Me.

the 2 parts i care about most right now:

sharing with your partner in a way that is actually useful  
not charts, not symptom logs, not a bunch of stuff they won’t read. just a simple heads up that helps them get it a little more. like “bad energy day, keep it gentle” or “she wants comfort, not advice.”

food stuff based on your cycle  
because food affects everything for me. mood, cravings, energy, all of it. and no app i’ve tried really does anything with that in a helpful way. i want it to be simple. you take a pic of your meal and it gives feedback based on where you are in your cycle.

waitlist opens in a week and i’m curious if anyone here would actually try something like this

also i’d genuinely love to know this: what was the exact moment a period app failed you? not just generally sucked, but the specific moment where you were like ok this is useless",1,2,meal,2,Personal PMDD Narratives & Life Decisions,0.9877,1,1,0,1
aeb6bc7a0d44,Periods,What do you guys normally eat during your periods that DON'T upset your stomach?,"23 years old here &amp; here's my summary:

Normally, I don't get period pain like at all. Though once in a while I get some one or two time in the week slight flair ups of mini-pain, but it doesn't usually last long at all. NOW this past week frame, almost every single day, I've been getting shots of pain &amp; no matter how much Buscopan I take once daily, it still comes back. I didn't even notice anything different in my diet, but it still hurts like it should've been all along. Now like I said, I'm one of those rare cases where it don't normally hurt, so something must've changed for me enough to start this new wave of my period journey. So what meals do y'all typically eat that DON'T stomach at all or enough to take a pill to calm it down cuz every time I eat this past week, it brings the pain all over again? Cuz right now I see no progress this week &amp; it's getting on my nerves.",2,1,meal,2,Personal PMDD Narratives & Life Decisions,-0.4238,1,1,0,0
d3d9129255a6,Periods,Does anyone just not eat for a week after their period?,"I have pmdd, and used to think I had an eating disorder but after tracking I realized every month looks like this 

\- first week, repulsed by foods even my favorites, can’t stand the texture of food in my mouth and usually have to drink my calories here, and no hunger pains (I lose about 6 pounds) 

\- next week and a half is normal, regular appetite I eat regular portions and feel normal hunger (weight will either stay the same or go down) 

\- the rest of the month, (mostly luteal phase) I am filled with a deep hunger that just cannot be satiated, I go to bed in genuine pain from hunger after eating a full meal and snacks, I feel the need to eat every two hours if not every hour. (I gain 6 pounds obviously) 

I’ve tried to eat on a schedule but some days I physically can’t do it and some days I just need more to eat. Im not really bothered, I’m a healthy weight,  I’m just trying to understand. ",2,2,meal,2,Personal PMDD Narratives & Life Decisions,0.324,1,1,1,0
3427f109c9c9,Periods,Got my period 2 weeks early and I'm scared,"23 years old. I got my period 2 weeks early and I'm worried because I have a regular cycle of 28-30 days, which haven't faulted in 5years. 
Haven't had sex in weeks or been penetrated since my last period. I'm not on BC or gotten an IUD, or under any other medication. I eat 3 meals, drinks 3 liters of water but lacks on the exercising. I haven't smoked or drank in 2 months. My BMI is average. The weather is really hot and I work (work isn't stressful).

I don't know whats going on and my friends are freaking me out. The period isn't painful either.",1,3,meal,2,Personal PMDD Narratives & Life Decisions,0.7253,1,1,0,0
18f191652ea9,Periods,Master list of how I went from horrifying cramps to almost none at all,"I’ve been meaning to make a post like this for a while, and I’ve finally taken the initiative of it.



I want to start off this post by expressing how much empathy I have for all of you who suffer from completely horrifying cramps. You don’t deserve that, and you shouldn’t have to endure it. I will swear here and say I fcking hate society for not spreading knowledge on how to deal with this pain, so I’m going to take the initiative. My heart absolutely goes out to all of you, and I'm sorry you have had to endure so much pain.



This is going to be a longer post, emphasizing my experience, the science behind how you can help your cramps and lesser known methods that changed everything.



First off, I’ve never been diagnosed with anything. My first few years having a period as a teenager was a living hell, the first 3 days I couldn’t leave the home due to extreme pain. Even to this day I have trouble talking about it. I do believe that women who experience extremely painful periods can develop trauma from it, and that’s fcking hell to deal with.



I remember vividly sobbing on my bathroom floor, trying heat, medication, stretching, absolutely nothing working. Terrible panic attacks realizing I couldn’t escape the pain and I just had to wait it out. 6 hours straight of immense pain only to be dulled the slightest bit later. Those first 3 days were hell on earth for me and I wouldn’t wish it upon my first enemy.



It’s not stupid or weak to suffer from this. Society likes to frown upon it, view it as unserious and or ‘fragile’ but it's not. Those with dysmenorrhea, endometriosis and other period related illnesses are my heroes, you guys are some of the strongest people I have ever met and I look up to you for your resilience.



Now, I want to share my experience on how I went from the most unforgiving cramps to, well, my last period had *no* cramps. 



You heard that right, *no cramps.*

  
Sometimes I still have minimal cramping the lasts an hour or two the first day, but that's it. Minimal, barely noticeable. Some cycles I don't get cramping at all.



Now I’m not saying this is a fix all strategy, but if it worked for me so it has to at least have some sort of impact on others.



I’m truly so immensely grateful, to the point of pure relief, that I’ve found a way to manage my cramps. I never thought I’d see the day I could actually go to work or continue my average daily activities on day 1, or even 2 or 3. 



But here I am, and so is my guide to eliminating or significantly reducing period cramps.



There are 4 main sections I want to cover here, diet, vitamins, exercise, and extra alternatives. I really really hope you stick around because I truly just want every woman and others to experience the relief I have, I just have so so so much empathy for those in pain and I just want to help.



Let's start with vitamins, probably the lesser talked about of everything.



There are 5 main vitamins I will discuss here, those being Magnesium, Omega 3, B6, vitamin D and vitamin E.



Magnesium: This vitamin is often found in Bananas, salmon, avocado and pumpkin seeds. As you could have guessed, or already known, these are period super foods, amazing for easing cramps. Now I recommend buying Magnesium Biglycinate and taking up to 400mg/day about 7-10 days leading up to your period. I generally like to start preparing for my period about 2 weeks in advance, but generally start taking magnesium around 10 days before. Though I will warn you it can lead to some mild stomach troubles if your stomach isn’t used to taking magnesium. 



If you aren’t into taking vitamin pills, you can attempt to get your magnesium through food or maybe take 200mg/ day and substitute the rest in food.



Omega 3: Salmon is probably the richest source of Omega 3 that you can find, as well as flax seeds and walnuts. You should aim for total EPA + DHA 1000-1500 of Omega 3 everyday, around 7-10 days again, leading up to your period. You can find this in vitamin form. Again if your stomach isn’t used to Omega 3 it can cause a little mild stomach trouble.



*Also, if you are on blood thinning medication, check with your doctor first.*



I don’t take B6, Vitamin D or Vitamin E at the moment, but I plan to start incorporating Vitamin B6 into my vitamin list as well as D and E. Here I will write the recommended dose and what foods you can find them in:



B6: Salmon, sweet potatoes, chickpeas, bananas avocados

(50-100mg/day)



Vitamin D: Salmon (yes, again), tuna

(1000-2000 IU/day)



Vitamin E: Almonds, avocado, peanuts, Spinach

(200IU/day)



Additionally, Zinc (hemp seeds, chickpeas, lentils, around 30-40mg/day) 



**If you’re to take anything from what I’ve listed about vitamins here it would be to take Magnesium 300-400mg/day and Omega 3 1000-1500/day the 7-10 days leading up to your period.**



Now, diet.



**Yes, I am going to tell you to cut junk food, caffeine, salt, sugar,** etc out of your diet 7-10 days leading up to your period, now let me be specific because people like to find their way around this:

\-No caffeine, no coffee, no tea with caffeine, no energy drinks

That actually goes for any sugar filled drinks too, no orange juice, apple juice, store bought juice, anything like that. Those are filled with crazy sugar and additives that are going to cause inflammation and make cramps x10 worse.

\-No unhealthy oils/ fats, meaning no using oil to cook (sunflower oil, vegetable oil, butter, margarine, etc)

\-No junk food (chips, sweets, fast food, potato, fried food, etc)

\-No crazy carbs because they are often made with sugar and flour (bread, pasta, white rice) these are simple foods that people don’t normally blink twice when eating, and normally that would be okay, but with someone who experiences intense cramping they can make it significantly worse

\-Alcohol

\-NO RED MEAT. Please for the love of god, I am so sorry meat lovers, but beef, ham, bacon, steak, etc worsens prostaglandins (what worsens cramps) quite significantly

\-Salt, avoid anything with excess salt as well as seasoning or spices



Now make a list of foods you *can* eat before your period and only stick to those.



Here are my top recommendations:



Bananas, almonds, chamomile tea and honey. If you ate only these foods for 10 days leading up to your period I can say for sure your symptoms would alleviate so much, but this is a limited selection so I don’t recommend you only eat these as your body requires more diversity.



That being said, try to work bananas into your meals, they’re generally quite cheap and do absolute wonders. I swear, bananas are my magic food. And guess what? They’re rich with potassium, magnesium and B6 which all work to relax the uterine muscles.



Almonds are also magic carrying Magnesium, Vitamin E and Omega 3 reducing inflammation.



Chamomile tea with a little bit of honey is both a lovely drink before bed, getting you cozy and sleepy while also being this little thing we call ‘anti-inflammatory’, the antispasmodic will relax the uterus reducing the uterine contractions, the main cause of cramping.



Honey itself in medicine is used as a pain relief, it is anti-inflammatory and often used for dysmenorrhea. Some people even say that chamomile tea and honey can be as effective as some painkillers.



So yeah, 3 bananas, 2 handfuls of almonds, 2-3 cups of chamomile tea a day, for 7-10 days leading up to your period is a fcking miracle. There's been times I literally just eat 6 bananas a day because it has crazy good cramp easing properties. Pair that with vitamins and you’re already doing really really good.



Now, here’s an actual list of foods I would recommend:

Berries/ fruit: Blueberries, raspberries, strawberries, black berries, apples, bananas, 

Vegetables: Spinach, avocados, cucumber, sweet potatoes

Nuts &amp; seeds: Almonds, walnuts, peanuts, pumpkin seeds

Meat: Salmon, tuna 



These are the foods I know for sure are safe from my front, if I were to recommend anything, it would be this. 



You can do the research for what vitamins exist in all these if you’d like, but it’s all crazy good for cramps. And, I will list it again, bananas, almonds, chamomile tea, as well as spinach and salmon are my top recommendations.



Now that I’ve got that out of my system, I’ll detail you on exercise.



My two main exercise forms before my period is walking and flexibility training. 



Yes, that is correct.



Get your walking in and then stretch to your heart's desire.



I attempt to get 10k-20k steps everyday 2 weeks before my period, but even hitting as much as 8k steps is going to make a difference. Walking even eases cramps when your period does hit, sometimes when I cant handle my cramps I just go out on a run.



And let me tell you something about exercise. It is a natural pain numbing. It cuts off those messages being sent to your brain saying “you’re in pain!” because you got endorphins running, adrenaline, you’re body is in moving mode, and this is what some people call a ‘runners high’. Things such as laughter and socializing produce endorphins as well which trigger the body and therefore it stops receiving such painful signals.



You ever noticed your cramps eased when you were on the phone laughing? Or when you were speed walking? That’s why.



After walking I recommend having a good 30-60min stretching routine, search up some flexibility training maybe, that tends to get a good stretch. You might even get that nice sore feeling after where when you stretch it feels fcking amazing.



Anyway, that’s something I highly recommend.



Lastly are things I’m sure you guys already do, but heat and painkillers. Stick with your regular painkillers medication, heat on the area of cramps, and boom, you should have a much easier period.



I really *really really* hope some of you guys can implement these. I really recommend doing all of it to have maximum influence.



If I were to leave you with one last message it would be this:  
  


* **Magnesium and Omega 3 pills**
* **Bananas, almonds, chamomile tea(**\+ **honey), salmon, spinach**
* **No cramp inducing food**
* **10k-20k steps/day**
* **Heat + pain medication**



**All of it 7-10 days before your period.**



I truly wish you the best my friends, I wish this was talked about more because it truly has made the world of difference. Years of trial and error and I finally have a way to regulate and manage pain, I’m actually able to live life normally now.



I hope you guys feel better &lt;3. ",9,2,meal,2,Personal PMDD Narratives & Life Decisions,0.9997,1,1,1,0
152edbc3f0b9,Periods,period with only spotting??,"my period this time seems to have come in spurts of spotting?? which is very new for me and i'm not sure whether its normal or not. for context, last wednesday i worked out for the first time in months since ive been meaning to lose some pounds and got my period the very next day on thursday. then i continued to bleed in spotting levels until friday too and absolutely nothing from saturday to monday and assumed this period was just fucked up from working out a bit, so again i worked out on monday. now tuesday, when i woke up at noon i saw very light yet very obvious spotting and it's currently wednesday morning and the spotting seems to be in the same flow and hasnt really stopped?? if it matters, i have a past with eating disorders though id say im doing a lot better not but my eating habits are still very flawed and i often accidentally skip meals and eat just once a day, which i definitely did a few times over the course of this time period. is this normal?? and could someone please explain why this happened im rather anxious and my mom's kinda strict and id get yelled at over this if i were to ask about anything at all ",1,0,meal,2,Personal PMDD Narratives & Life Decisions,-0.8041,0,0,0,0
3ba3253357b8,Periods,Does anyone else feel extremely hungry a week before their period starts? ,"I’ve noticed this pattern for a few months now and I'm genuinely confused. About a week before my period, I feel like I could eat an entire truck of food! My appetite goes through the roof, and I find myself constantly eating. But during my period, it’s the opposite—I lose my appetite and eat way less compared to my usual meals. I do still crave sweet things while on my period, but the week before is where things get intense.

Right now, my period is due in 4 days, and this past week, I’ve been eating a ton. Has anyone else experienced something similar? Is this normal? Would love to hear your thoughts!

",156,41,meal,2,Personal PMDD Narratives & Life Decisions,0.8727,0,0,1,0
09a0854357af,Periods,The period towel,"I am the only female in my house of five. Everyone in the house knows when I am on my period because I will only sit on towels since all our furniture is fabric. My periods are stupidly heavy- even wearing multiple pads I bleed through. 

Anyone else have a 'tell' that signals the house hold the time has come? ",13,13,meal,2,Personal PMDD Narratives & Life Decisions,-0.4588,0,0,0,0
66bf48fe3ae2,Periods,At home remedies for severe period cramps that isn't medicine?,"So, I've been having severe period cramps. I'm talking debilitating, crippling, absolutely horrible. Shaking, crying, throwing up in pain, sometimes immobile. They last for anywhere from one hour to literally all day, and I have no relief. Neither ibuprofen or acetaminophen helps. Not even max dosage. It usually gets extremely bad any time I put anything of nutritional value in my body. Even something as small as three crackers or a few small sips of milk. I usually end up losing quite a few pounds because I avoid eating on my period most of the time. And when I do eat, it's about half a meal. This has only gotten worse as I've gotten older. I just saw a gynecologist yesterday and got prescribed some Naproxen, but I won't get it until tomorrow. I'm scheduled for an ultrasound, so hopefully I can get some answers.

  
Does anyone have any at home remedies? I'm willing to try just about anything at this point. I found that counter pressure with a heating pad helps, but it's very little relief, and I have to be able to sit/lay for longer periods of time. I'm already an active person and exercise pretty regularly and I have a pretty good diet. It's not perfect, but it's a lot healthier compared to the average person's diet. I will take literally any scrap of advice at this point.",1,5,meal,2,Personal PMDD Narratives & Life Decisions,0.8976,1,1,1,0
80ca1b2c409f,Periods,Am I overreacting to being offended by the difference in treatment compared to my own mother?,"So, i possibly have endometriosis, every month, i throw up from the pain, i can't walk, i have REALLY bad period cramp etc...And in my family, i feel like no one really care about that, i don't mind, except when they tell me i'm just ""acting"".
(My family = 2 big sisters, and my mom)
And today, my 50 years old mom had bad cramp due to her period, I immediately sympathized and I gave her the medicine that worked for me, I filled her hot water bottle etc, but afterwards, in the middle of the meal, while my sisters and I were eating, she called us to tell us to come and help her tuck her blanket into the sheet, my sisters did it together while I just sat down. My mom said I was useless then she proceeded to take MY hot water bottle from my stomach (because I, myself, had cramp today, so to feel better, I had my hot water bottle on my stomach), to warm her feet. I said ""But i also have cramps right now"", and one of my sister told me ""We don't care, she's hurting way more then you, so go refill it and give it to her"", so now, i don't have any hot water bottle and i'm hurting :(
Btw, the second my mom complained about some cramps, my sisters even offered to take her to the emergency room, which was never the case...I know I'm younger, but I would like to be taken as seriously as she is.

(Sorry if there's mistake, I'm French) ",6,2,meal,2,Personal PMDD Narratives & Life Decisions,-0.9574,1,1,1,0
100baa93cced,Periods,Missed Period,"So, I am not sure if this is HA or not but my period which is always regular is thirty one days late and my last period ended on January 19. I am 18 years old, 160 cm and weigh 44.2 kg and was 58 kg back in October. I also lost around 3 or 4 kg in the past month. I restricted and honestly ate around 1000 or less calories per day, usually only eating one meal and a light snack. I didn’t work out, I only took ten k steps most days and limited carbs and stopped eating sweets . 

I know my under eating and restriction is the cause for my late period. I really need some advice on what I can do to get it back as soon as possible. Is starting to eat three meals a day enough? Should I stop taking ten k steps everyday? Also, is weight gain necessary? I’m scared of gaining weight.",1,0,meal,2,Personal PMDD Narratives & Life Decisions,-0.4708,0,0,1,0
8f6ae4b41e4b,Periods,Has anyone tried the Cycle Diet app? Looking for an honest Cycle Diet review.,"Hey everyone, I’m curious if anyone here has used the Cycle Diet app. I’ve read a bit about it and know it’s supposed to sync workouts and meal plans with your menstrual cycle, but I’d love to hear real experiences.

* Did it actually help with energy and consistency throughout your cycle?
* Were the meal plans realistic and easy to follow?
* How useful did you find the trackers and challenges?

Any feedback or reviews from people who have tried the Cycle Diet would be greatly appreciated! Thanks in advance",75,12,meal,2,Personal PMDD Narratives & Life Decisions,0.9885,1,1,1,1
327aa21e49e2,Periods,Norethisterone,"I’ve just started taking Norethisterone to delay my period, but I’m a little worried about the times through the day that I’m taking each dose.

I’ve got to take 3 tablets a day, the instructions said to take them with each meal. However, I usually skip some meals as I get super busy with work so I eat at completely random times. I’m also worried I’m leaving too much time between my third tablet of the day and the first tablet of the next day.

I feel silly but I overthink these things a lot. Any advice on specific times to take them or space them out evenly? Thank you",1,2,meal,2,Personal PMDD Narratives & Life Decisions,0.6046,0,0,0,0
703f13661821,Periods,Why are my periods so bad and how can I help them?,"Ladies- what are your tricks for a cure for a horrible period? I’m not talking midol or heating pad?  I’m talking the cramps in the front and on the back, pain killers can’t even help bc these cramps are just hurting, either nauseous or I’m talking want to puke at the whiff of a meal I don’t like in the kitchen with the bedroom door closed. I’ve had endometriosis surgery before and don’t want to go down that route again ideally, especially if I don’t have to go down that route bc they can’t guarantee you have it till they go in and see u less things have changed, if so please lmk. Periods are still bad after surgery, have def gotten worse again over time and usually bad every other month, but not the last few months. I’m looking at every 26 day cycle. I usually have a bad period every other year, but this is getting worse the last few months or year.  Either horrible period symptoms seem to be bad the last couple of months before that it would be bad, enough to miss work every other month.  Plans during the period first 2-3, no way! 

Did someone put a spell on me bc sometimes it seems that way.  Tips other than just midol, bath and heating pad?  ",1,1,meal,2,Personal PMDD Narratives & Life Decisions,-0.9902,1,1,0,0
ad18e3ffed1d,Periods,could my period skip a month due to going from bed rotting and never doing anything all summer break to whole wake up at 6 get off at 3 school schedule?,,3,3,schedule,2,Personal PMDD Narratives & Life Decisions,0.0,0,0,0,0
ac5bebee1ca7,Periods,how long did it take for your period to become a regular schedule?,"Basically i got my first period late April which was VERY light basically just spotting and  it only lasted 3 days ,then 2 months later in late June I got my first ' proper' period which lasted a week until 5th of july and now i got it again only 20 days later?? ik its normal for it to be irregular at the start but how long will it take to regulate cuz its so annoying not being able to predict when its coming especcially with school starting again soon i dont want to randomly start it in school.",1,4,schedule,2,Personal PMDD Narratives & Life Decisions,-0.7656,0,0,0,0
597338544ed9,Periods,How would I make sure my period doesn't change it's schedule?,"Basically what the title says, but I wanted to provide more context.

So later this year I have a few plans, such as a trip and a concert, maybe even another trip but I'm still debating that. I'm sure nobody here wants to get their period while doing any of that stuff.

The problem is these plans are all over the months I'm going. My trip is at the beginning of the month, Concert is in the middle, and the other trip I'm debating would be at the end. 

My period lasts 5 days, and it's a bit heavy but it's quite light on the first and last day. I've somehow got it to be right in-between the dates I would be going in the next few months, which is good for me.

The problem is, I'm worried it might come a few days early or late, and overlap with something. My second last period was overlapping, but my last one corrected(?) itself by coming a few days early. Normally it's quite predictable as it normally comes on the same day every month, give or take a day. 

Is there any ways I can almost guarantee it doesn't fluctuate/change, preferably without going on birth control? Or since I have another ""sweet spot"" is there a way I can even push it back a week or two? 

Thanks for any tips, I'll try my best to answer to anyone who comments!",2,5,schedule,2,Personal PMDD Narratives & Life Decisions,0.9478,0,1,1,0
988e5fcd9620,Periods,can i schedule a gynocology appt just for a check?,"im a minor, i live in california and i was wondering if i could ask my doctor or ask to be referred for a vaginal exam. i am not sexually active but i am having mixed emotions about my discharge in terms of smdll and texture. just wanting peace of mind to know im healthy. i have kaiser btw, if that means anything.",1,3,schedule,2,Personal PMDD Narratives & Life Decisions,0.8258,0,0,0,0
b49daedaa075,Periods,Will Norethindrone change my schedule?,"Period is starting now, a bit early tbh. I’m usually a 30 day gal, the past two months have been 28 and now 27 days. 

I’m due to go on a trip in 25 days and I don’t really wanna chance it. I have Norethindrone, I took them once before but I can’t remember if it just delayed that cycle or if every cycle after was pushed back. 

Ex. If I start taking them now and push my period back a week, will my next cycle start 28ish after? Or should I expect it to continue as “scheduled”?",1,5,schedule,2,Personal PMDD Narratives & Life Decisions,-0.3073,1,0,0,0
a19906f6b414,Periods,"On my period, needs advice on how to handle this.",My bf and I work together. We were both scheduled on the same day. I’ve been needing a lot of breaks bc I’m in the first 2 days of my period (my worst days). I just need to know if I’m just not thinking right. I’m frustrated with myself.,434,343,schedule,2,Personal PMDD Narratives & Life Decisions,-0.8176,0,0,1,0
eb784e7bcf5f,Periods,I just scheduled an appt with my doc for a hysterectomy,"Fuck periods. Fuck bleeding so heavily that i have to change a super+ every 2 hrs. Fuck intense cramps that make me want to vomit. Fuck going to the bathroom and it looking like a murder scene.

 Im almost 40 and i dont want to wait for menopause, im so done and i hate this part of being a female. I called my doc today and i have an appt next wed to start the process. 

Thankfully i am a prime ""candidate"" (i have 2 kids, im older, etc) for this procedure but i hate that women just cant make these type of appts whenever and take control of their bodies, especially with the way the USA is currently heading. 

Idk if this is the wrong place for this but maybe this is period brain talking because im currently in the middle of mine, but any and all people with ovaries out there that are dealing with this, i just wanted to tell you that i wish painless periods for you in all the futures that you have one. FUCK PERIODS.",8,1,schedule,2,Personal PMDD Narratives & Life Decisions,-0.9525,0,0,1,0
5882f5e8ab77,Periods,Scheduled a hysterectomy and I'm honestly so relieved,"33f, have had menstrual issues since 16 and it's been increasing in severity for the last 5 years. Huge clots and pain. I've done hormonal birth control for a decade and had a Nexplanon implant for the last 6 months yet my period has been going since June 9th. This long of a period isn't unusual for me, either.

I do not want children, I am very certain of this. My partner does not want children either. I am adopted and queer, so if we ever change our minds, we would go the adoption route. I've considered getting a hysterectomy for a long time but heard horror stories about the risks from friends.

My regular ob-gyn referred me to another doctor who is extremely experienced with hysterectomies and I had a consult yesterday. She assauged all of my fears and the recovery process seems like something I can handle as I've had major surgeries before.

For the last day, I've been filled with such RELIEF and joy and excitement that this is going to be a much easier process than I originally thought. I'm so happy but simultaneously guilty that I'm celebrating something that a lot of women would be horrified by. But this is my life and my decision and I'm sick of menstruating. I also had some pre-cancerous cells on my cervix so removing the cervix will reduce the cancer coming back.

I can't tell my mother so I'm telling you, Reddit. I've considered this very carefully and now I'm counting down the days!",29,6,schedule,2,Personal PMDD Narratives & Life Decisions,0.9127,1,1,0,0
aa6e2bf8b75b,Periods,"I messed up taking the pill last cycle, how long will it take for it to get back on schedule?","Last cycle I got my period like 5 days early after accidentally taking one of my pills late. I started taking the pills every single night as scheduled right after, so no more mess ups. I’m almost to the end of pills for this cycle and I kind of feel like I might be getting my period a little early again. Is this because I got it early last cycle? How many pills packs before it will go back to normal?

Just want to make sure this isn’t something I should be super concerned about! Thank you!",1,1,schedule,2,Personal PMDD Narratives & Life Decisions,0.8786,1,1,0,0
ee8ffe125301,Periods,My period is on schedule and so will be done before my vacation!!! Yay!,"I've been blessed by the period gods lately! My period was not on Christmas, my birthday  while I was camping and now it's just about to start and will be finished for my flight and vacation next Thursday! The cramps are starting so I'm struggling to be motivated today but I don't think I've ever been so happy for my period to come 😂 now lets hope I have energy and motivation to get ready because I've been planning this vacation for months now!",10,3,schedule,2,Personal PMDD Narratives & Life Decisions,0.9836,0,0,0,0
c0aaff3deabf,Periods,My period schedule is horrible I’ve scheduled a doctors apt but the earliest I can go in is not until 3/8 can someone help me answer my situation:(," 

Hiii 
I ( F18) ever since last year I’ve been having rlly inconsistent period schedules Last year for half of the year I didn’t get my period. 
2023/12 I missed a whole month of my cycle but because of how I’m used to having it come sometimes and not I did not think much abt it 
Until January when I had got it for a WHOLE MONTH and more 
And all of the days were all very heavy too . Included blood clots etc 
I hope it isn’t something too serious 😅 but because I have not been in the doctors office I still get very anxious:((",2,3,schedule,2,Personal PMDD Narratives & Life Decisions,0.4957,1,0,0,0
5921a4675281,Periods,Is it normal for my period to still not be regular/on a schedule?,"I'm 15 and I've had my period since I was maybe 12 I think. It's still not rlly regular, some months I'll have it at the same time, but others it'll just skip over, is this normal?",3,3,schedule,2,Personal PMDD Narratives & Life Decisions,0.0,0,0,0,0
618b45a61b8b,Periods,Changing period schedule by one week,"I have a trip coming up in June. I am currently on tri-sprintec (generic for ortho tri cyclen) im supposed to get my period during week of trip so i just want to delay it by one week so that i will get it week after trip instead of week of trip. Im doint the experiment this month to make schedule is changed. Today i should of started the sugar pills of current pack and should get my period this coming saturday. Instead today i took first dark blue pill (the third week pills)  of a new pack,i plan on doing it for one week and then next wed start the sugar pills and if all goes according to plan get my period next saturday and therefore changing the schedule for upcoming months. The question is if this is a good plan? Im hoping no breakthrough bleeing during this week and that i will actually get the period next saturday. Any comments/ recommendations are appreciated!",1,0,schedule,2,Personal PMDD Narratives & Life Decisions,0.7473,0,1,0,0
5ba1b4976c64,Periods,my schedule changed?,"ok so this is probably literally not important whatsoever and i know nothing is probably wrong i just think its a little odd. i use flo, and usually my period is like 2 ish days later than what flo tells me, sometimes even like 3-5 days late. im used to that and its been like that since my period got more regular now that im not 11 anymore yk? i am 19 for reference, its been on that few days late cycle with a few exceptions of stress related week-2week delays, but my last three periods have been early? first two were two days early, and my period that just started like 10 min ago is a day early. obvi again nothing life threatening or genuinely bad i just think its weird that it seems go be a consistent change because idk what changed in my life/habits to invite a change. oh well tho im thankful that this is the least of my health related issues",1,1,schedule,2,Personal PMDD Narratives & Life Decisions,0.8997,1,0,0,1
6965ed9ce03d,Periods,So my period is late. I know I have nothing to worry about (not pregnant) but my period is on schedule most months. I do get painful periods is that somehow related to my period being late or am I worrying about nothing.,,5,9,schedule,2,Personal PMDD Narratives & Life Decisions,-0.7389,0,0,0,0
4eae5e6b5ece,Periods,Irregular schedule,"For 7 days a week I have the cramps, period poops, and mood swings but the bleeding only happens for like two or three days but it's mad heavy. Should I be worried?",1,4,schedule,2,Personal PMDD Narratives & Life Decisions,-0.5927,1,0,0,0
bc09292d6320,Periods,is it possible that the change of class schedule and being sick can delay your period?,"my GF (18) was supposed to start her period today Feb 28, 2023. Her last period started on January 30 and ended on Feb 3,2023. I was just wondering if there could be any factors causing her period to be delayed?

Also, we didn't have PIV sex so I see no reason for her to be pregnant. Our schedule for this 2nd semester is hectic since our class starts from Monday to Saturday and she is currently sick, it started on feb 24,2023 when she complained about a clogged nose, sore throat and body aches. Even today her nose is still clogged but she is feeling much better.

Could the change of schedule in our university and being sick for a few days can cause her period to be delayed?

Edit (March 4,2023) : She is now experiencing brown spotting, cramps and mood swings. Is this ovulation? she mentioned that she spots before her period comes but not all the time  


Update: She got her period :) (March 6,2023) She had some brown spotting yesterday and today   
her flow got heavier and it was red ",2,5,schedule,2,Personal PMDD Narratives & Life Decisions,-0.8122,1,0,0,0
0c59381486da,Periods,plan b 2 days before scheduled period?,okay so me and my bf had sex and the condom broke. we went and got plan b and i took it immediately. the only problem is that my period is supposed to start soon and i’ve heard that the plan b won’t work if you’re about to start your period. i’m literally freaking out right now.,1,4,schedule,2,Personal PMDD Narratives & Life Decisions,-0.7506,0,0,0,0
a5f413182c29,Periods,My wedding is next week my period is scheduled on my wedding day,Is there a way I could get it this week? I really hate having a heavy flow and bad cramps during my wedding. Any suggestions? Preferably something that can be done at home,1,5,schedule,2,Personal PMDD Narratives & Life Decisions,-0.834,0,0,0,0
7049fca8c51e,Periods,can my bad sleep schedule (staying up till 5-6am and sleeping during the day ) and exam stress cause my period to delay?,,2,1,schedule,2,Personal PMDD Narratives & Life Decisions,-0.8225,1,0,0,0
cd4082828341,Periods,Getting on schedule again after stopping then getting back on the pill,"I have been taking a generic Seasonique for about 10 years. If you don’t know what Seasonique is, its 3 month’s of pills and a week of sugar pills, so you only get your period 4 times a year. I stopped taking it in March and then decided to go back on it in May. Since then, I’ve been through 2 packs and I’m still not regular. The first period I had after I started taking the pills again in May, I was bleeding every day for 2 weeks, it was very light, but still annoying. This time it started 2 weeks before the sugar pills and has been going on for over a week now. I used to never even get a period before stopping the pills. Does anyone else have this issue? Does it sound normal? Or should I ask a doctor?",2,0,schedule,2,Personal PMDD Narratives & Life Decisions,-0.7744,0,1,1,0
23248a5530c2,Periods,Sleep schedule issues?,"Every time I get my period I become totally nocturnal, like clockwork. Ever since they started. Being on birth control helps a little bit but not much. I've tried everything to stay awake in the day, staying up, going to bed early, melatonin, benadryl to knock me out but my hormones are just too strong.
Does anybody else have this? Just curious if this is like at all common. Only found one other person on the internet who has this experience.",3,7,schedule,2,Personal PMDD Narratives & Life Decisions,0.9287,1,1,1,0
dc5f3dac1df9,Periods,"2 Weeks late on period, bleeding for 2 weeks, now 4 positive pregnancy tests","So, this is my first ever reddit post, so sorry if I’m not doing this right lol. To preface, I’m 21, engaged, we both are fortunate enough to have good jobs, and all of that stuff, so this isn’t me necessarily worried ABOUT a pregnancy, just worried about what is going on.

I also scheduled a Dr.’s appointment, but they can’t get me in for another 3 1/2 weeks so I’m just curious about what I should do and wanted the opinions of others.

My periods have always been very regular with no issues. This past January and February they both started on the 7th. Between February and March 7th, we went on a week long vacation (mentioning this because I know that can delay ovulation, which I’m pretty sure it did and put us in the window of possible pregnancy), my period was late and started on the 20th (very abnormal for me), and now I have been bleeding/ “on my period” for 2 weeks (this has literally never happened to me before).

I didn’t take a pregnancy test before “starting” because I told myself I would wait til it had officially been 2 weeks because I hear all the time about how it may not be reliable until then. Once that time rolled around, it came. Then like I said, it’s just never stopped. So I was discussing it in depth with my fiancée and he suggested I go take a pregnancy test. I thought there was no way because I track my ovulation (was unaware that travel affected it until recently, and I had my period so how could I be pregnant?) So I waited until this morning to take them, and lo and behold, I get 4 positives (not the darkest of lines, but you definitely don’t have to squint to see them).

Yesterday, I called three Dr.’s because even though I thought it wasn’t pregnancy, SOMETHING was wrong with me. The first is the hospital/ gynecologist and I didn’t say pregnancy was something I was worried about, just that my period was late and now it won’t stop. The soonest she could get me in was in 3 1/2 weeks. Then I called my old primary doctor (haven‘t been there since I was probably 14,) and I guess they no longer take insurance (??) so she recommended me to this women’s pregnancy center in town. Called them, told them what was going on and they said they only confirm pregnancies (I hadn’t taken the tests at this point), and that they couldn’t help me.

So, this may be a stupid question, but I’m just kind of lost, what do I do? Recall the gynecologist and tell them I took a pregnancy test and they’re positive and see if I can get in sooner? Do I try the women’s center again? Do I wait for my appointment at the end of the month (probably not??) If I actually am pregnant, why am I bleeding like this? Is this signs of a chemical pregnancy/ miscarriage?

I know I will go to the Dr. of course, just wanted the opinions of some fellow women. If you read all of this, thank you!

  
\*\*\*\*UPDATE\*\*\*\*\*  
It did end up being a miscarriage.

Thank you all for the comments. All of the comments helped me prepare for what my mind already knew, but heart refused to understand. I appreciate all of the concern and love ❤️",1,48,schedule,2,Personal PMDD Narratives & Life Decisions,0.9895,0,0,0,1
0972923548fe,Periods,Do you schedule your vacations around your periods?,i get heavy periods and it is hard to manage. I wonder if others plan their vacations or cancel plans when they are on their periods.,9,4,schedule,2,Personal PMDD Narratives & Life Decisions,-0.34,0,0,0,0
702cec473c89,Periods,You know your period is coming when…..,"I’m sure some of yall follow calendars to know when your period is coming (lucky ones who have a regular schedule) but..

What is a sign, specific to you, that you know your period is about to start? 

Mine recently, is that my nipples are CONSTANTLY HARD AND ITCHY. It drives me crazy, it happens for a whole week before my period starts. 
",71,116,schedule,2,Personal PMDD Narratives & Life Decisions,-0.5859,0,0,0,0
06a1938050ec,Periods,How do you cope with heavy periods when drying off after a bath/shower?,I always end up with blood all over the towel. I don’t always have time to do laundry right away but I don’t like having a wet bloody towel hanging up to dry either. It’s a nightmare when we’re staying in hotels too. I end up washing out the towel by hand in the sink but that only gets the worst of it out. How do other ladies manage this? ,20,41,cope,2,Personal PMDD Narratives & Life Decisions,-0.5122,0,0,0,0
f0288fcd29f8,Periods,Day 1 of ✨UNnECeSsArY✨ shower thoughts for coping!,"If you think about it, on normal days, if we cut our finger or scrape our knee, we bleed instantly.


BUT


During that time of the month, we all suddenly get slow blood. The flow can take days to stop.

Diagnosis: monthly spotting anemia


UNTIL WE MEET AGAIN",14,0,cope,2,Personal PMDD Narratives & Life Decisions,-0.4574,0,0,0,0
1f595297ca6e,Periods,Unending period how do you cope?,"For years now my periods have been pretty regular and predictable. 3-5 days bleeding, some cramps but nothing physically unbearable. The thing is for 2-3 days I'm so fatigued I just pretty much stay in bed. Blooodwork shows I'm borderline anemic (runs in my family) but Dr doesn't prescribe or suggest anything.

Anyway my latest period was 12 days late and has lasted over a month so far with no break. Doctors can't see me for another 2 weeks.

Just wondering if anyone has any self help advice or what action you would want your doctor to take.

Oh and I'm 46, no kids think I've been in perimenopause for a few years now (just cognitive symptoms). Not seen Dr about periods since I was a teen (used to be awful, had a lot of tests, nothing discovered).",1,3,cope,2,Personal PMDD Narratives & Life Decisions,-0.5817,1,0,0,0
0729000cfdb3,Periods,I haven’t had a true period since November. And I can’t cope with the pain for when my next period comes.,"I’ve had intense and painful periods for a few years now. And my IBS symptoms are getting worse. I’ve tried so many pain management methods for my periods and IBS but literally none of it works. 

I’m out of options. 

I’ve tried: warm baths, hot water bottles, gentle stretches, paracetamol, ibuprofen, nuramol, menfenamic acid and tranxenic (sorry for bad spelling) acid, meptid (opioid based pain killer) tens machines, birth control. 

None of it works. I have been referred for Gynaecology. But that will take weeks on the NHS even with family history and being out of work when it happens. 

Birth control is not an option for me, as it unmasked these problems in the first place, and made it significantly worse once I trialled them again. 

How do I cope? ",1,0,cope,2,Personal PMDD Narratives & Life Decisions,-0.9785,1,1,0,0
48bf42614e04,Periods,How do you cope with the PMS?,"I’m looking for an advice, how do you deal with PMS and more specifically with the “emotional” part? Lately I feel so mentally drained before and during my period, I cry a lot for stupid things, sometimes act irrational ;-; Even tho I know why I am so vulnerable during this period of time, every month is exhausting. Please help, how to not go insane??",1,1,cope,2,Personal PMDD Narratives & Life Decisions,-0.8853,1,0,1,0
95628f57f622,Periods,How to cope with pregnancy scare,"NEED YOUR THOUGHTS

I've been going through a pregnancy scare. It happened on April 10, and my partner normally has irregular periods. We didn't actually have sex, or have the intention to have sex-she just gave me oral, and then she sat on me. Our private parts barely touched. I'm scared I might have had prec*m at that time, and even though the electric fan was on, I'm still really scared. We didn't put it in and definitely did not finish. I swear I know for a fact that I didn't put it in, but because of my nervousness, my memory about that situation became foggy and I'm very anxious. She said the last time she had her period was at the end of March, and it ended during the first week of April. What should we do?

Okay so like… I’m really freaking out a bit. Her periods are super irregular, right? The last one started March 25 and ended April 1. So we waited and took a pregnancy test 20 days after—on April 30—and it was negative. Then we waited a bit more and took another one on May 6, which was 26 days after, and that one was negative too.

Now it’s May 17… still no period. We were kind of expecting it around May 17 based on Flo app, but nothing yet. And I know she’s irregular but still… I’m getting really anxious. Should I be worried? Like how reliable are those tests we took? Could she still be pregnant or is it just her irregular cycle messing with us again?



",1,3,cope,2,Personal PMDD Narratives & Life Decisions,-0.9722,1,1,1,1
b8ef8750fd94,Periods,New cramp coping mechanism unlocked lol,I listened to the Beatles during my period cramp and the pain went away immediately! Nah jk but it did help me cope with the pain better than moaning and groaning did 😂 Added to my list of 101 reasons why I love the Beatles. Jk I don't have a list like that but if I did it would be on there. Have you noticed that I like the Beatles? 😜,2,0,cope,2,Personal PMDD Narratives & Life Decisions,0.963,1,0,0,0
5c2597a88795,Periods,How do you cope with difficult emotions/mood sensitivity right before and at the start of your period?,"Pretty much what the title says. I often know that my period is coming by the fact that I get bothered by things more easily, feelings of frustration over relatively small things, feeling close to tears and everything feels harder and like it takes longer.

Cramps are easy because mine respond to relatively low dose painkillers and don't generally last beyond the first day. But the emotions are difficult.

How do you guys cope? Do you have any tried and true ways for soothing these emotions? How do you explain loved ones/others that you're just emotionally sensitive and not to take anything personally? ",3,4,cope,2,Personal PMDD Narratives & Life Decisions,0.9033,1,0,0,0
f80976a292a3,Periods,Tips for coping with very heavy periods?,"Im in my late 30s and my periods have always been unmanageably heavy. I frequently bleed through overnight pads showing up to school/work with stained clothes. I’m EXHAUSTED on my first or second day with all the blood loss. 

I’ve tried a bunch of different herbal supplements over the years but nothing seems to work. 

I’ve also been tested for hormonal imbalances (edit: also had ultrasounds for cysts/fibroids) and everything seems regular. Care providers always just recommend BC but I was on that when I was 16 and hated it and I really do not want to do that again. 

Outside of prescriptions, have any of you had this problem and found something that helps (other than pregnancy lol)? I’m really tired of my whole life having to be on pause when my monthly arrives and I would love to integrate this time into my life rather than just lay there and wait for the worst to be over. 

Any ideas, or even commiseration, is welcome. Thanks! ",18,17,cope,2,Personal PMDD Narratives & Life Decisions,0.7092,1,0,0,0
c6ce208b0ec0,Periods,Coping with pms draining all of my energy and making me incapable of doing anything,"every month, PMS hits me like a truck. I don’t get pain, I just get so depressed and numb I can’t function, to the point where I will harm myself. I need to be able to push past this, because if my period just happens to be around an important date (eg. production time in theatre, a test, when I have to babysit) I am guaranteed to fail. I hate seeing myself like this and the damage it causes to me and my surroundings, but I can’t stop. I need advice for dealing with this, and I really, really don’t want to have to see a doctor and get probed or something.

TLDR; how to cope with/be able to function despite severe depression caused by PMS",1,5,cope,2,Personal PMDD Narratives & Life Decisions,-0.5671,1,0,1,0
50bb96fd9194,Periods,"So, how does everyone cope with the cravings.","My least favourite time of the month is coming and I find myself craving way more food than usual, especially the kind I can't have (financial reasons). Trying to distract myself from all the pizza and sandwiches on my mind so I thought I'd ask everyone this, how do you all deal with your period cravings?!

I personally find myself always craving general junk food- ceaser salads, pizza. All that greasy high calorie stuff. My decent guess as to why I crave those things are because of how many calories I burn on my period, my metabolism burns through food quick and on my period it's doubled 🤣. I work around it by drinking a lot of water and herbal teas, some nice fruity herbal teas generally help, also distracting myself with work and video games. 

Not looking for any advice since I'm obviously a tea and water girl, I'm just curious to see what others do, especially with rising food costs. ",8,10,cope,2,Personal PMDD Narratives & Life Decisions,0.9036,0,0,1,0
9d4dba273b1b,Periods,how to cope with the pain?,"(f18) i’m currently on rigevidon, a combined pill which i’ve been on for over a year. i was on the mini pill beforehand which just made me bleed continuously. i take this pill every day with no breaks except for a few days a couple times a year when i start to get a few days of breakthrough bleeding as advised by my doctor. however since being on this pill my periods have been so incredibly painful, and tend to last for longer than my break so i might bleed for 10-15 days after having a 3 day break, and i often get random bleeds that last a day or two, especially after sex. i also get cramps often whether or not i’m on my period but when i am bleeding i can hardly move, and it massively affects my life especially with how heavy it is. 

can anyone recommend remedies for the pain? i usually take ibuprofen up until my daily max and use a hot water bottle where possible but it’s just ridiculous, i feel like i can’t go anywhere or do anything whilst i’m on my period and college/work is unbearable. maybe a different form of contraception?",2,0,cope,2,Personal PMDD Narratives & Life Decisions,-0.7734,1,1,0,0
91e63ea679f4,Periods,Ways to regulate and cope with PMS ,"For those of you that experience PMS (or PMDD) before your period (moodiness, fatigue, etc).

How do you cope? Do you have a ritual to help prepare yourself and the people around you? 

Example: Make sure the house is clean and smelling nice so a pile of dirty laundry doesn’t set you off of feeling unappreciated and just annoyed. ",1,2,cope,2,Personal PMDD Narratives & Life Decisions,-0.2406,1,0,0,0
2a81397bef08,Periods,How I emotionally cope while on my period,"When I’m on my period, I Like watching tv shows or movies about characters who are having a hard time navigating life’s challenges. Characters that may be considered clinical depressed, overly anxious, some kind of undiagnosed disorder that keeps them semi stuck in their bubble and they just overall move through life with resistance and humor. As I’m sure most women can relate, when I’m on my period my self esteem, drive and motivation plummets. So when I watch these shows they make me laugh, help me feel like I’m not alone and keeps my attention off of me. I can also find hope in these characters because despite the discomfort, they keep going.  Currently, I’m watching reruns of Monk on Netflix and life lessons with Uramichi Oniisan. Does anyone have additional suggestions of what to watch or can relate? ",1,0,cope,2,Personal PMDD Narratives & Life Decisions,0.9181,1,0,1,0
4cc01b47cbc8,Periods,advice on how to cope with period symptoms before appt?,"Hey all, I'm new here and thought that this would be the prefect place to ask this question! So, for backstory (this will be short lol) I got my period when I was 12 and I was diagnosed with PCOS at 13. I've always had SUPER irregular periods (like going almost a whole year without one) and now that I've been losing weight (I'm plus-size) and eating better, I've noticed that recently my period has literally changed patterns drastically! It's actually regular and perfectly spaced out! I never tracked my period before because of this issue, but I downloaded the Flo app and it has helped a lot! 

With that being said I (F20) had noticed that my symptoms are becoming a lot worse (cramping, extreme bloating, fatigue, tender breasts, extreme hunger, etc) and because of this it makes it extremely difficult during the week of my period to do ANYTHING. Today I have a dietitian appt at 4PM and it's almost 2PM and my cramps and fatigue are killing me! It's making me want to cancel because I have to go in person instead of telehealth like normal because of the high-volume of appts my dietitian has, but I can't because I didn't cancel 24 hrs in advance and I'll have to pay 50 dollars out of pocket for canceling at the last minute or not showing up and I cannot afford to lose 50 bucks. Not to mention that it could possibly take MONTHS to get another appt with her, so I'm forcing myself to go. 

Now, I have to go to the store regardless because I need to buy tampons, pads, and medicine for my period anyway because I'm running low on stuff and I wasn't expecting my period to come yesterday. So, now that I've explained, what the hell can I do to hype myself up to get ready and act normal during this appt? I have no pain meds in the house for my cramps (I live with my mom who doesn't get her period anymore and my brother so 😭) and I don't have anything that I can wear that'll fit correctly or feel comfortable because of my bloating/cramps. (I usually wear jeans and crop tops/shorter shirts) I have some loose sweaters, but I live in Texas and it's always hot and humid here and I don't want to sweat a lot. I can try to get away with some low-key pajama pants, but HEB is where the appt is located and HEB is like Target in Texas...you will get looked at weirdly if you go there in what would be called ""Wal-Mart attire"" and I'm very sensitive rn with my mood swings and I'll probably cry if someone looks at me wrong and I'll get self-concious. 

So...what should I do??? I'm literally desperate 😭 I need some hacks or something. Any advice is appreciated! ",1,1,cope,2,Personal PMDD Narratives & Life Decisions,-0.9815,1,1,1,1
906d62ed67d1,Periods,On the road to becoming anemic; 12 day streak going strong 💪 🔥 (laughing my disgrace out has been my coping mechanism lately),,45,6,cope,2,Personal PMDD Narratives & Life Decisions,0.2263,0,0,0,0
6c9b6057be53,Periods,How do you cope? PCOS + uterus polyp + anxiety + depression,"Ok so I'm not new to periods but I'm going through something fierce. It's day 12 of my period. Normally mine are long and heavy. Like 15 day average and happen every 2 months. Last period was on time starting a month prior... but it lasted 17 days so I literally had 2 weeks of no period. 

Ive tried pamprin, tea, heating pad, bath. Nothing is helping right now. 

Likely unrelated factor - has a biopsy of uterus polyp a few days ago (4?? So it shouldn't be bad after getting good) and I'm getting the polyp removed next month. 

I could google but its nicer coming here and hearing of things that help you guys.",1,0,cope,2,Personal PMDD Narratives & Life Decisions,0.9271,1,1,0,0
4429870b26c5,Periods,What Are Easy/Cheap/Homemade Ways To Cope With Intense Cramps?,My cramps are so bad. I don't know what to do to stop focusing on it or for it to stop hurting. Do I just take painkillers?,4,2,cope,2,Personal PMDD Narratives & Life Decisions,-0.8922,0,0,0,0
a301934a8ba6,Periods,Period Brain 🧠 -Let’s talk about this! I’m so spacey when I’m starting mine. Anyone else? 🤷‍♀️ Advice on how to cope? Specially at work? Lol,,35,14,cope,2,Personal PMDD Narratives & Life Decisions,0.5621,0,0,0,0
0401775cec7e,Periods,How to cope with odd symptoms?,So I get extreme cramps whenever I get my period. It is so bad it causes me digestive issues. I feel dizzy and tired too. I have tried everything but I always feel like crap. I hate how much havoc my period causes me. What are some coping methods to alleviate these symptoms?,1,0,cope,2,Personal PMDD Narratives & Life Decisions,-0.9565,1,0,1,0
77fe6f3ca013,Periods,Advice on how to cope with sadness during period?,I'm especially emotional this period... does anybody have advice on how to deal with this? Thank you in advance&lt;3,4,4,cope,2,Personal PMDD Narratives & Life Decisions,0.3022,0,0,0,0
59997ff05a2b,Periods,Can anyone give me some tips to cope with extremely painful pms or pmdd?,"I think this is the worst premenstrual symptoms I've ever experienced 
The symptoms started 3rd of march, today is 8th
And it's only getting worse 
I have tremendous back pain today and I feel nauseous and bloated and I can barely do anything 
Breast pain is also extremely painful 
I literally wake up at least 8 times a night from this pain
I did take 1200mg ibprofen when the pain was too much
But the pain is just too much and I have exams and I need to get myself together 
When I take ibprofen I cant focus or concentrate 
I sleep with sleeping pills so I can catch some sleep to work and study the next day 

My symptoms are: headache,  backpain, upset stomach, diarrhea, breasts pain,dizziness, lightheaded, fatigue, emotionally unstable

Is this normal? How can I cope with this?

I really need to study for my finals next 2 weeks",5,5,cope,2,Personal PMDD Narratives & Life Decisions,-0.9817,1,0,1,0
fc242f63e14a,Periods,First Period in a LONG time...Trying to Cope,"I feel silly writing this, but I'm stressed. I was on continuous birth control for a few years, which led to me not having a period (with the exception of breakthrough bleeding on rare occasion). Because of side effects from my birth control that I just couldn't take anymore, I decided to come off of it entirely. Well, my first period in 3 years started yesterday and I feel awful. The cramps, the bleeding, the moodiness...I did not miss this. I feel...gross? I feel like I'm 12 years old all over again trying to figure out which pads/tampons work for me and how to avoid embarrassing period stains/leaks/whatever.

How do y'all cope with your periods?? Does it feel normal to you? \[graphic sorry\] every time I feel it in any way I just want to cry. I'll probably get used to it eventually but I was wondering if there were any coping skills or whatever that you used to help yourself get through it when it feels particularly bad....",1,4,cope,2,Personal PMDD Narratives & Life Decisions,-0.9324,1,1,1,0
1676bac04f8f,Periods,How do I cope with severe cramps and hot flushes?,"I'm on my period and I've always had bad cramps and I've also had hot flushes that generally last for hours at a time.
I'm trying to find ways to ease my cramps that don't involve heat. Heat makes my cramps worse, makes me feel sick and dizzy and also I'm already sweating. 
If anyone has any recommendations to ease my pain and cool me down please let me know. I already drink ice water, take cold showers, open widows and use an ice pack on my stomach but is there anything else I can do?

Thank you xx",3,4,cope,2,Personal PMDD Narratives & Life Decisions,-0.2869,1,0,0,0
83d04ed0c6ba,Periods,Any tips for coping with leg and other muscle weakness during your period?,"Mine gets pretty severe. Going for a walk will sometimes help, and sometimes do nothing.

Even though right now my pain is way better than usual (omg so happy about that), my non-pain symptoms are pretty much the same. I get leg *and* arm weakness and clumsiness, but the leg weakness is the more troublesome one, and it lasts a solid week+ for me.

Any tips for improving this?

I currently:

* Go for a 15-40 minute walk every day
* Drink plenty of water (drain my water bottle multiple times)
* Do stretches every night and yoga 2-3 times a week
* Do leg strengthening exercise 3-4 times a week
* Am in PT for general pelvic area strength, including hips, glutes, and core
* Take general multi-vitamins most days
* Am on hormonal birth control
* Take ibuprofen as prescribed by my doctor

But my legs don't feel like muscle strain and the aches aren't overworked muscle ache, they're just...floppy and sloppy.

I do drink caffeine, but very minimal (50-65mg of caffeine, no more than 1 shot of espresso/day)",2,3,cope,2,Personal PMDD Narratives & Life Decisions,0.5577,1,1,0,0
a7e922556979,Periods,I cant function and it sucks,"Usually about 2 weeks before my period, I start feeling really bad. I keep stressing over things, getting overwhelmed, my mood changes a lot, I cant really function. When I have to do a chore, I feel like I cant. I sit and I cry because I cant make myself do it. If I do manage to get up to try and do it, my brain just stops working and I freeze in place or I suddenly get awful thoughts and I need to go back and sit down so I don't get in a bad state. I constantly have to do things that I want to do and feel like doing in the moment or else I'll feel horrible. It's as if im a parent to myself, I feel like I have to discipline myself but I cant because my brain is spoiled ? I dont know. Its extremely upsetting because I don't want to do the things that i feel like doing ALL THE TIME during this time but if i dont, ill get in a really bad state. I dont want to be lazy or spoiled and it bothers me so much that I seem this way. I try to fight this so much to the point I have huge breakdowns, chest pains and/or tic attacks (I have Tourette syndrome and chest pains when im stressed). I try to tell myself that I need to do the things that I need to do and its like my brain fights against it. I do occasionally manage to do some chores during this period but that is rare and after that I am completely unable to do anything, even the things that I want to do, for a few days. This really sucks because I live alone with my partner and he works A LOT and gets very tired from work. I want to be able to do everything that I need to do so that I can make it easier for him. But as soon as 2 weeks before my period comes, I can't. Is there anything that can help with this? Its been getting worse lately, I used to be on and off like this during the 2 weeks and id mostly be okay rather than not. But now its almost constantly bad and I dont know what to do about it. I need suggestions or anything please and thank you.",5,2,cant function,2,Personal PMDD Narratives & Life Decisions,-0.9861,1,0,1,0
7457184b0f7b,Periods,"My period is five days late and I am going through the worst pregnancy scare of my life. Completely, utterly miserable and confused. Worst PMS symptoms I have ever experienced. Can't function day to day anymore.","Hi all,

This is probably the most desperate I've ever felt, physically and emotionally in my entire life.

I am having the worst pregnancy scare of my life. Now, I am someone who is prone to anxiety and I work in healthcare myself so usually I can stay quite level headed about this but this situation has me freaking out because I am no longer in a relationship with the person I had unprotected sex with and I am completely alone in this.

My ex and I last had sex September 17th which was the day I was ovulating according to Flo. We didn't use protection (yes i know stupid) but he pulled out before finishing.

I had 7 days of bleeding (lighter than normal) 10 days after that incident. I hope it was a period and not implantation bleeding/something else.

My period is FIVE days late as of today. I have had severe cramping in my lower abdomen on and off for two weeks now, but very intensely the past five days and today. I don't have other known pregnancy symptoms other than extreme mood swings (worse than i have ever had) and food craving especially sweets. Over the past few weeks I have done about 12 cheap pregnancy urine tests, all came back negative. The last test I did was today after i finished work and came back negative. I had an ultrasound done a few days ago (when i would have been 7 weeks gestation hypothetically speaking) due to suspected endo (separate problem) and I got the all clear for endo/cysts and asked if there was any visual pregnancy on the ultrasound to which I was told no but I also understand at 5 weeks it might be too early to see a potential pregnancy.

(If anyone is experienced in reading ultrasound images and can help me interpret mine, I would be extremely grateful.)

I don't know what to do. I am freaking out. I have had crippling period like cramps all day but no bleeding, not even spotting. I sometimes get waves of nausea throughout the day, but they're very mild and transient.

How likely is a false negative at, hypothetically, 8 weeks gestation?

I have a poor relationship with my family and sadly live with them at the moment. They don't understand why I'm so moody this week. I can't be truthful with them. I'm completely terrified. There is nobody who can help me. I live in the UK where waiting lists for healthcare are long, my next ultrasound for the pelvic pain issue I had earlier this month is in mid November.

My mother has been nothing but cold and sarcastic to me when I mention any pain I am experiencing so I am learning to put on a happy face and bear the pain, which worsens the stress and emotional turmoil of the hormonal fluctuations I am experiencing.",1,1,cant function,2,Personal PMDD Narratives & Life Decisions,-0.9983,1,0,1,1
4da89ed0997f,Periods,Brain fog and fatigue is so bad I can't even function these last two days.,"I'm glad I got a bit done today like grocery shopping and mopping the house. I had to really push myself especially since my mom's knee is fractured and she can't carry heavy stuff at the store. After coming home I couldn't even really function. Sucks being that tired. I think the THC drink is what made me sleepy too but I drank it to help with the discomfort.

Being dizzy sucks.😭 I haven't been able to do school work. I know I'll feel better tomorrow. This period was just one of those periods that make you feel more fatigued than others.",2,0,cant function,2,Personal PMDD Narratives & Life Decisions,-0.9114,1,0,0,0
8b00d3df3a42,Periods,"Cramps are killing me! I need to study, but I am in too much pain to function. I took Tylenol (500 mg) like an hour ago I am still in pain. help? Should I take another Tylenol, I can't take Advil b/c of my other meds.",,7,7,cant function,2,Personal PMDD Narratives & Life Decisions,-0.7263,1,0,1,0
8ee962d7e7ab,Periods,rant about periods,"boy where do i even start. ok first the pain, it hurts like an absolute bitch every month. i get pre-period cramps about 2 days before and horrible cramps during the period itself. i have to take nsaids to help with the pain. it hurts so bad that it numbs both my legs and i cant feel them. in addition to the backache, hip ache and headaches.

and then i still have to go out and function like a proper human being and go to school and smile and laugh like nothings wrong. painkillers do help but not entirely with all the other aches and hormone imbalances. im always incredibly irritated and angry and my moodswings are horrendous. i also get v depressed etc. this is all leading up to the period as well.

and also pads are so uncomfortable. especially when its a hot day and its so sweaty😭 and also periods are viewed as such a taboo topic when half the population gets periods. my dad cant even look at a pad plastic wrapper without freaking out. it also pisses me off when adult men have zero idea how a period works or anything related, it just mind boggles me how unknowledgeable they are

the worst part is that us girls have to deal with this every single month, for about a third of the entire month. and my symptoms arent even that bad if u compare it to those with endo or pcos or any other special conditions

if i could rip out my uterus right now and give it to someone who needs it i would",2,3,cant function,2,Personal PMDD Narratives & Life Decisions,-0.9882,1,1,0,0
8555457ecae9,Periods,"Debilitating menophobia, anyone else ??","Im not sure if anyone else has experienced this, because ive looked high and low and i don’t see many people talking about this but, i have had a debilitating FEAR of periods way before i even got it. When i was young Before i got my period, the only way i could cope with the thought was “maybe i wont get it at all” or “maybe i wont get it till im 16”. I was taught about periods in a very healthy way from a normal age, i never thought it was disgusting if anyone else had it, in a matter of fact i tried to be the most supportive i could when someone else had it but once i did eventually get my period it was terror. Before i had my period i would wake up and my first thought would be “i hope i dont get my period today, no i can’t possibly right 😅” and eventually one of those mornings when i thought that i got up and went to the toilet and what do you know PERIOD. I had a full blown panic attack screaming and waking my mum up. I remember sitting in the bath that morning staring into space wondering if i could even continue life like this. I think i had 4-5 months of actual periods before i went on birth control because i could not cop with it, i cant even look back on those months without feeling physically ill. This issue just gradually got worse, in the beginning months all i could think about is “when is it gonna happen again?” Over and OVER. I cant even remember thinking much else honestly. Fast forward a few years (on the birth control) i was on a birth control where i would only get a period every 3 months. The 3 months was BLISS but once it started hitting the 2.5 month mark i’d be so anxious and terrified of what’s to come. Every experience i had on my period was tainted and ruined and contaminated. There had been multiple times i had to go to hospital because of the absolute terror and panic attack and suicidal ideation when it did happen. The first year of it was absolute fucking torture, but i eventually came up with sort of a method to cope and make sure nothing gets contaminated or tainted . When itd happen, i would change clothes to this black t shirt, i would change my diet, i couldnt eat things that i usually do in fear that they’d get ruined and i couldn’t eat them again, when i DID eat the stuff i usually eat regardless, when id next eat it all i could think about is the period time. I would also not bathe for the whole week (which is disgusting i know) but if i did, i would feel so disgustingly sad and i would feel more dirty than clean and its like thinking how could i ever think to try be clean in a time like this? Like i HAVE to be disgusting. Not only that, the next time i would have a bath all i would think about is the last time i had a bath was on my period, therefore the bath is no longer cleaning me. It’s like i am stuck when it happens, anything i do whatsoever will get tainted and ruined and i wont be able to see it the same again without feeling vile. It did get a LITTLE better over time, as i managed to develop coping strategies and things specially only for my period but obviously i dont wanna have to live like that everytime i have my period. Id basically never get up out of bed, i would try sleep all day so i wouldnt have to experience it more. And i would not DARE to go outside on it omfg, in the early days of my period i had to go out somewhere and i couldn’t bring myself go there again for 2 YEARS!! Its debilitating, its life ruining, it is DISGUSTING to experience. Seeing the bright red blood actually makes me sick and terrified. Like i say, if its anyone else having a period i dont find it disgusting. I am well aware it is just a normal bodily function and there is nothing disgusting about it. But when i have it, all i want to do is kms from how absolutely disgusting and vile i felt. I don’t even know where this has stemmed from… i am autistic, and the sensory side of it is quite bad too but i don’t think autism has anything to do with this. I am being assessed for ocd soon since i have had similar experiences like this with other stuff like emotionally contaminating other objects but it has NEVER been as bad as it has on my period. 

Life is torture. This has been happening for years apon years and i really need to find someone with a similar experience, why it happened and what they did to help. I feel fucking mentally ill to be thinking this way and i so desperately wish i could experience periods like a normal person but its actual mental torture and i feel so stupid being triggered SO hard by something like this. Someone please help me😢",3,7,cant function,2,Personal PMDD Narratives & Life Decisions,-0.998,1,1,1,0
046edcd6bf24,Periods,Post menstrual depression,"Everytime i finish my period, i get so depressed I can't function.

I know a lot of women go through this, but it's just so bad for me that i wonder how does everyone else get through this.

Sometimes i think i won't make it to the end of the PM cycle, my mind becomes a torture chamber",1,2,cant function,2,Personal PMDD Narratives & Life Decisions,-0.9556,1,0,0,0
6c261421ba35,Periods,"Feeling unproductive, disoriented and completely incapable","I got my period today and have spent most of the day crying and the rest of the day feeling so disoriented and dizzy that it is impossible to get anything done. I can't stand for longer than two minutes because my back hurts so badly, and every time I try to do anything, I can't think straight long enough to do it. My to-do lists are sitting untouched, and they keep growing.

The world feels like I am wading through soup and brain fog, and I wish I had smoked a blunt because then at least this feeling would make sense. As a result, I have gotten NOTHING done today (besides crying and walking around like a zombie), and I feel horrible about myself. I know, factually, that I am intelligent and capable and articulate and ambitious, but none of those things feels true in this moment. Now more than ever, it feels like my self-worth is tied to my productivity. Yet, my body has given me no choice but to sit around and feel sluggish.

I know a lot of what I'm feeling right now is self-imposed, and I know that if I just reframe my thinking a little, I could turn this into a positive thing and give myself a chance to rest, but catastrophising is the only thing I can do efficiently right now. Even now, I am sobbing in my office as I write this, feeling like I wasted a whole day hating my body for performing a function it can't control and hating my brain for not being given any other choice in the matter.

There's no real point to this other than to say this sucks and I can't wait for it to be over, and yes, I am so grateful to be a woman and experience all the joys and such, but this is not a joy, and I will not ever be grateful for it.",1,0,cant function,2,Personal PMDD Narratives & Life Decisions,0.456,1,1,1,0
ea01316f237e,Periods,i can't live my life on my period,"so i'm 17 and i've gotten my period every month since i was 9 and every time my period rolls around, i cannot function like a normal person.

i don't know if it's my autism or if i'm just being dramatic but i cannot do anything. i can't think for multiple days, i'm always nauseous, i can't eat or sleep and i'm always bleeding through my pants. i take the pills, i use the heat pads, i eat iron rich foods and still i can't do the things other girls do on their period.

i'm really worried that when i grow up and i have to get a job i just won't be able to function for 1/4 of a month. like how is that fair? how is that normal? i just want to exist normally but my body defies me because that jackass is pissed that i didn't get pregnant.

i'm just so pissed, i've already wasted this week resting in my bed and i'm behind on online school but i legit am in so much pain i can't even sit up and do schoolwork. i can't believe this is gonna be the next 30 or so years.",2,2,cant function,2,Personal PMDD Narratives & Life Decisions,-0.9713,1,0,0,0
a54685e3f278,Periods,Unable to concentrate pre and during my period. Advice?,"I work as a freelancer, and menstruation has become my worst enemy. I get PMS, so my ability to concentrate decreases, and then I get my period, and at least for a day or two I have cramps and can't work. Skipping one or two days of productivity is fine, but my PMS lasts for a week usually, and it's making it really hard for me to be productive, concentrate on tasks and just get the fuckin' job done. I am also a procrastinator and it just makes me feel even worse when I can't concentrate but I feel that these days my brain can't function the same way. I take magnesium supplements and I do weight lifting and cardio training 3x week, which helps. Has anyone encountered the same issue and if so, how did you manage it? Any advice that might help? ",5,2,cant function,2,Personal PMDD Narratives & Life Decisions,-0.212,0,1,1,0
7209ff56ac66,Periods,Ibuprofen doesn't work anymore,"My cramps hurt to the point I vomit and  have diarrhea. Before with only ibuprofen 400 worked, but now even if I take a 600 it will hurt anyway, I literally can't function because my body won't let me. Please let me know ANY other drug to help me. I don't take birth control or anything",18,23,cant function,2,Personal PMDD Narratives & Life Decisions,-0.6901,0,1,0,0
87ec702973b8,Periods,Is it normal for pms to be this bad?,"Tw: depression, suicidal ideation

I've always had pms before my period and gotten pretty used to the symptoms and how to manage them, but in the last 6 months or so they've gotten so much more intense.

Specifically in terms of my mental state, I become so depressed and numb I feel like a zombie and can't think clearly, it takes so much effort to move or do anything and I have moments of being really angry (I am normally a very calm, moderated person), breaking down crying etc. I also feel like I have to avoid talking to anyone,  including my family, because I'm scared I'll break down crying in front of them or get angry at them unfairly. I also have thoughts about... just not wanting to exist anymore which become so persistent during these couple of days that it's starting to scare me a bit. 

Tbh my mental health just has not been that great over the past year or so and I have been a bit depressed but it's normally very manageable with exercise, self care etc. The difference in how I feel in the days before my period is so pronounced and intense though, and just makes it really hard to function or feel ok.

Is it normal for pms to be this bad? And is there anything that can be done about it? I'd appreciate any advice, thanks in advance :)",1,4,cant function,2,Personal PMDD Narratives & Life Decisions,-0.9897,1,1,0,0
65b57d2b39d4,Periods,Is this normal?,"Hey! I'm 17, and recently, probably the last year or so everytime I get my period I get SO hungry to the point I can barely get up and get out of bed. I eat and eat and eat and I don't feel any better and just STARVING to the point I'm so dizzy, lightheaded and weak. It's so bad I can't even go to work, I can't take off a whole week every month. Everyone tells me that's just a normal symptom but I just don't understand how I'm supposed to normally function. I'll eat 3 times what I normally do and not feel any better, and then I can't even eat anything else because I've eaten so much but I'm still hungry :/ Anyways, is this a normal thing everyone is experiences? If so, it's horrible how do you guys get though that???",0,1,cant function,2,Personal PMDD Narratives & Life Decisions,-0.9633,0,0,1,0
7422724b3830,Periods,"People with ""normal"" periods - what's that like?","So I am genuinely asking here - I gather that my periods are abnormal, at minimum because:
- the pain is so intense as to cause fainting and vomiting sometimes,
- the pain doesn't ebb and flow, it just emerges and is there for 2-3 days, solidly (found that out when I first tried the pill and when I took breaks for periods the pain came and went rather than being one long agonising block, a novelty for me). 
- Taking over the counter painkillers barely helps and even then if I stick to the maximum recommended in 24 hours or the minimum gap between it doesn't cover the pain so I have to choose whether to try to sleep whilst in pain or whether to try to function with it. Prescribed meds worked for a bit then I guess I built immunity to those.
- The pain goes up to just below my belly button and out to just before my hip bones, I gather it's meant to stay roughly in the uterus area?
- Other symptoms include back pain for a few days before, diarrhea during and absolutely feral mental health.

I can't take birth control cause that causes major fuckery to mental health, even the coil which is apparently lowest level of hormones managed the because damage. Also pretty sure it was causing a lot of clots - had the coil out and stopped all BC a few months ago and clots are slowly getting less. So that route of pain control is out. Waiting on gynaecology appointment. 

Essentially, I feel like it'd be helpful if I knew what the average experience actually was? 

Things like:
- where does it hurt?
- how long for?
- does the pain come and go out just appear and stay constant?
- how many painkillers do you need and which ones?
- does the pain stop you doing things? 
- do you get other symptoms than pain?
- what side effects does birth control cause you? 

Thanks for being impromptu research group😇",3,4,cant function,2,Personal PMDD Narratives & Life Decisions,-0.9765,1,1,1,0
ca0da2700a3e,Periods,It's a long post but please help me out,"Every month i get my period and for the first three days im like UNABLE TO FUNCTION Z, it starts with butthole cramps like BADLY HURTING so much that i cant walk or sit just lay down wirh headache and nausea for few hours then the bleeding starts and oh boy its bad like my head, stomach, back,legs,feet everything will hurt and I'll lay down the whole day and when i stand up obv the blood gushes down and i manage to get to the bathroom before it all comes down and i feel the blood coming out it looks like clot to me because i see it coming out, big clots idk what to do it's my 2nd day today and i lost my appetite fully i didn't want to eat anything. 
I went to the bathroom and the blood came out on my pad it was alot and clots too i cried sm because of the pain and contant pad charging my legs were basically shaking, idk what to do is this much pain normal? Is it normal to see so many clots? I can't do anything because of my period i feel disgusted and legs and stomach hurts the whole time please help me out",2,14,cant function,2,Personal PMDD Narratives & Life Decisions,-0.9732,1,1,0,0
39fe8278e253,Periods,Anyone else’s period exhaustion turn out to be way more than just low iron?,"Y'all ever feel so exhausted during your period you can't even fold laundry? Been anemic my whole life but nobody connected it to my thyroid, or why my periods were destroying me. Turns out my genes were blocking everything. Iykyk 💔

I used to think being tired was just... me. You know, some people run hot, some people need eight hours of sleep, and I was just the person who crashed at 6 PM every single night. But during my period? Girl, I'd literally lay on the bathroom floor between cramps because standing felt like an Olympic sport. Day 1-3 I couldn't function. Like that meme of the deflated balloon? That was me, but make it bleeding.

My doctor kept checking my iron, my B12, my thyroid. Everything came back ""normal"" or ""slightly low but nothing to worry about."" Thing is, those ""normal"" ranges? They're kind of based on men's bodies, not ours. Meanwhile I'm taking so many B12 supplements I rattled when I walked. Nothing changed. My periods stayed heavy, the exhaustion stayed crushing.

Then I found out about this weird genetic thing. Basically, if you have certain gene variants (MTHFR is the main one), your body literally can't use regular B12. Like, you could take 5000mcg a day and your cells would still be starving for it. The supplements just float around uselessly in your blood, making your labs look fine while you feel like death, especially when you're bleeding.

But here's where it gets wild, this same genetic variant that blocks B12? It also messes with how your thyroid works. And when your thyroid is struggling (even if labs say it's ""normal""), it slows down your bone marrow. Your bone marrow literally stops making enough red blood cells. Add monthly blood loss on top of that? No wonder my periods felt like dying.

So you end up with this triple whammy: genes blocking B12 absorption, thyroid slowing down blood cell production, and periods draining what little you have left. Everything feeding into each other in this exhausting loop. No wonder I couldn't function past dinner time, or at all during my period.

The kicker is that B12 needs B6 to work, B6 needs B2, and if you're low on one, you're probably low on all of them. Everything depends on everything else. Your body is basically running a factory where half the machines are broken and the other half can't work without the broken ones. Like, imagine trying to build cars when your engine department is shut down and your wheel assembly line only works when the engine department sends signals. Nothing gets built, everything backs up, and you're just... stuck. Then once a month, someone comes and steals half your inventory.

I spent years thinking I was lazy. If you're feeling this way during your period, I completely understand. Turns out my cells were literally suffocating, and my periods were making it worse.

The crazy part? Once you know about the genetic thing, you can take methylated B vitamins, the kind your body can actually use. And suddenly your thyroid has what it needs to work. Your bone marrow wakes up. The exhaustion that's been there so long you forgot what energy feels like... it kind of starts to lift. Even my periods got lighter once my body could actually make enough blood cells.

But here's the thing, it's a continuous journey. I'm not saying everyone who's exhausted during their period has this. But if you've been anemic forever, your periods are heavy, your thyroid labs are ""borderline,"" and B12 supplements do nothing for you, maybe your genes are trying to tell you something. It's about discovering what your body needs and monitoring yourself as things change.

Your body knows when something's wrong, even when the labs say you're fine.",1,1,cant function,2,Personal PMDD Narratives & Life Decisions,-0.9958,1,0,1,0
ce25ea639f0b,Periods,How to stop suicidal thoughts from periods?,"Hi, I'm a 15 year old trans boy, which means I'm female.
I'm on birth control just to stop my periods because I can't function while having them.
I connect packets because having any bleeding makes me suicidal, but that causes spotting.
The spotting makes me feel terrible and a bit suicidal, especially because it doesn't go away.
Because of the spotting I'm taking breaks every few months.
It's terrible, the periods I have while taking a break are heavy enough so I can't function at all.

I feel like periods are ruining my life because of the loss of function (I have sensory issues so it gets pretty bad and i cant get out of bed) and because it reminds me I was born female.

Does anyone here know how to stop having suicidal thoughts because of periods?",3,3,cant function,2,Personal PMDD Narratives & Life Decisions,-0.9881,1,1,1,0
76b63cdf64a5,Periods,"How are we dealing with periods, I’m at my wits end","I am in my late twenties and I feel like I can't deal with my period anymore. It's becoming too much. I am in the worst pain of my life every month. I count down the days to my period in despair. Lately, my pain has been starting sometimes a week before my actual period starts. My first symptoms always start about 10 days prior to my period. I have to stop working out about 3 days before and everyday during my period. I feel like it's controlling my life. I have extreme pain when my period starts and I dread the first day because I can hardly get up just to get a glass of water. Currently, I am in the fetal position and I haven't done anything today. My cramps put me in tears this morning. It's just the most horrible experience to go through every month. Other women that I know still function with their periods. I don't understand how, I can't move or do anything for days. My husband takes care of me but I feel bad for basically being crippled every month. Is it normal to be in such extreme pain every month ? What are some fixes ? I've never been on birth control, does it help ? I'm wondering if I have endometriosis though I don't h be healthcare right now so I can't find out.

Thanks in advance !",3,7,cant function,2,Personal PMDD Narratives & Life Decisions,-0.9669,1,1,1,0
a8bf05f61c30,Periods,Should I get checked out?,"Hi!

I'm 16 and have had my period for 4 years. The past two years, they've been incredibly painful and difficult to deal with. They aren't irregular monthly but can last anywhere from 2 says to 2 weeks. 

The bad pain usually starts a few days before my period and continues for about half of my cycle, then it becomes manageable. I'm dizzy, I have pain from my knees to half way up my back, and generally can't function normally. I've had to be taken home from school because I've passed out or thrown up, or just can't handle the pain. 

Recently I had one of my worst periods and ended up passing a fleshly looking clot (which I think is a decidual cast?? idk) 

I just wanna know if I should see a doctor about it or if it could potentially be some sort of issue. Thx",6,1,cant function,2,Personal PMDD Narratives & Life Decisions,-0.9709,1,0,0,0
16e5d9b920a6,Periods,Why am I only ever productive on my Period?,"Title sums it up but i am only ever able to do the things i want to do on my period (and sometimes a few days before). I don't get to choose what i do sometimes i’ll draw the whole time and other times i’ll do nothing but play the same game over and over. This always ends when my period does.

When im not on my period i am unable to function and cant even think about drawing without getting overwhelmed.

Is there a reason for this? Or any thing that can help?

(To add bc it might be relevant i have autism and ADHD. I have just started ADHD meds to maybe help the problem but it takes a few days for it to start working and my period is soon so i probably wont be able to tell if it’s the meds or my period)",4,1,cant function,2,Personal PMDD Narratives & Life Decisions,0.4145,0,0,0,0
31b323dd4382,Periods,I Don't Want Another 30-40 Years Of This. Seriously.,"As the title suggests, I am freaking TIRED. Of periods. Not just physically handling them, but also mentally dealing with the ups and downs of moods. PLUS trying to function day-to-day.

I'm so frustrated because I find a lot of people who just... Don't really get it. Like they'll say that periods suck and move on.

I am literally struggling to work. Struggling! Most times I have to call off (at least one or two days) but I can't afford that every month. Walking hurts. Breathing hurts. Peeing hurts. Bending down hurts. Just. EXISTENCE. I'm nauseous as hell, and dizzy, and I want to go home and turn off my consciousness until it's done with. OTC medicine for me does not usually work that well, and if it does, it brings down the pain to discomfort. (Which honestly, I prefer. I know periods aren't meant to be comfortable.)

I literally want to reach inside and just pull it out myself. Maybe that's grotesque but I'm so terribly uncomfortable. All I can manage, barely, is to sit on the toilet for 20-30 minutes at a time. And even that hurts.

Having to explain to my bosses, some of which who are women, that I'm in pain and why also sucks ass. They say the same shtick of it being uncomfortable. This shit wakes me up multiple times a night! It isn't just uncomfortable for me, it's miserable. Absolutely, downright atrocious. I wish that everyone was more well informed on the experiences of women like this. Because it sucks dealing with the pain and other symptoms, and then also having to battle other people and their supposed views on how your body is supposed to run.",12,9,cant function,2,Personal PMDD Narratives & Life Decisions,-0.9979,1,0,1,0
7fc99a93cbde,Periods,period rant (courtesy of potential PMDD),"Can anyone else never sleep well right before their period? And yet you're exhausted? I fell asleep last night past midnight without even brushing my teeth and with gum still in my mouth. I woke up this morning before 5:30 absolutely starving despite literally eating an extra meal last night at 11:30. I got up, grabbed a protein breakfast bar (one of those Kind ones) and layed back down and a few minutes later, I'M STILL FUCKING STARVING. I have to add that I'm talking birth control but I've just started so it's not, yk, done anything to my period and hormones yet. I was also incredibly  emotional a few days ago and my mother was incredibly irritable for some reason (like anything I said would for some reason upset her) and I was crying like way too much bc of it. Honestly, I'm 90 percent sure she was also getting the emotional side of things due to a period and I don't blame her but still, I literally just mentioned in the car that a clean version of a song had just played and then the normal version and before that was 3 other songs by the same group (and this was a mixed playlist) and I jested ""Can we get some variety"" and my mom crashed out as if it was all her fault and I was directly blaming her and very angrily swapped the songs, threatened to not take me to my highschool like find-your-classes, get your photo, etc day saying that it wasn't necessary, and then didn't talk to me for like the rest of the car ride. This was the most I did to provoke her out of any of our conversations, and I left each conversation with her that entire day crying and incredibly confused. I don't normally cry when what I'm crying about doesn't make sense and I'm not really actually at fault but yk stupid hormones. My dad talked to me for a while and he was doing the best to calm me down at first and kinda on my side like he didn't understand why Mom was so upset with me either, but then later in the day I think he was being a messenger for Mom bc he said that my mom was on the verge of a mental breakdown because I never listen or consider others (I do consider others and feel rly rly bad when I inconveniences anyone, but the night before I had used a blender trying to make sorbet at like 10 smth PM and it should have had to blend for like 2 seconds- even then I felt bad and wanted to go outside to the garage but I knew my parents would be mad at me for going outside so late and I thought it would be worse than just blending inside for two seconds but smth went wrong and it took much longer and my parents got rly mad and I had a long, crying conversation with my dad) and blamed it on me not taking ADHD meds. My mom loves to pin everything on the ADHD, as if it's not me, as if all that matters are the bad parts of me and that ADHD is bad, and since I quit taking meds (completely different story but effectively they made me feel like a zombie and I HATED it and the affects weren't worth it to me because I still function and can focus perfectly fine without them, fine enough to keep straight A's) she's been bringing them up any time she can trying to coerce me back into taking them and encouraging me to try different types of medications. At previous times she's compared me to my ex-Uncle who cheated on my aunt, or my dad who dropped out of college, as examples of untreated ADHD. Even though mine literally isn't untreated I understand it and I have coping mechanisms, etc. Medications are just one route and they don't work for me, and how much my mom pushes me to take them thinking she knows what's best despite not even being neurodivergent, and the way she only ever sees the bad in me, all the mistakes, and always assumes the wrong intentions, all to try and blame it on the ADHD, is actually really upsetting to me even when I'm not right before my period.
I know she loves me and she's just trying to help, but I don't need her constant input and judgement. 

Anyways, this was a post on periods not family drama. I've got the emotional side of it, the appetite side of it, and the inability to sleep. At least I don't have cramps, my cramps used to be debilitating a few years ago but now I rarely get them. I have extra acne as well, so far no cravings but I always get them, and I have breast tenderness and nausea as well. Last night I had to get up out of bed and couldn't go to sleep for like an extra three hours after I wanted to bc I couldn't lay down without feeling like I was going to puke. 

I really can't wait until the birth control works and I don't have to deal with any of this anymore. 

Side tangent, I have two days to do 80% of my summer homework. I'm screwed.",1,1,cant function,2,Personal PMDD Narratives & Life Decisions,-0.9951,1,1,1,0
2120dc6656ac,Periods,Mid cycle bleeding- ovulation pain,"Looking for any advice please! Mid cycle bleeding 

I have terrible health anxiety to the point it's getting where I can't function daily ( you'll see me previous posts) but the past 5 years I'm having bleeding mid cycle.  I'll always get my period 26 - 28 days but from anywhere between day 10-16 I can bleed and the amount varies. It's like a mini period, it always happens in my fertile window which I only found out about 2 years ago, and I do get a positive ovulation test. I get intense left sided pain around my hip and back when it happens and I have to crouch when walking or when I bend to go to the toilet the pain gets intense! I've had a negative smear, clear swab and 2 clear transvaginal/transabdominal ultrasounds. I'm just so freaked out by this. People are saying to me it's probably hormonal or cause I'm not on birth control ( I'll add I was on bc from when I was 14 till 20 on and off and this only started a year after I stopped it) I also started it again for a dew months in 2020 and it also stopped then too. Sex is definitely out of the question when im like this. Its like a knife jammed in my side.  Ive also worried about endometriosis?Some moths there's only a bit or red blood but lately it's getting heavier. I'm so worried over something being missed like cancer. ",3,0,cant function,2,Personal PMDD Narratives & Life Decisions,-0.948,1,1,1,0
ae29c1e4644b,Periods,My mom won't let me get help,"I'm 16, and I get bleeding so heavy I have to change my pads that are supposed to last 10 hours every 1-2 hours. It wasn't that bad before, but now it's to the point where I'm in so much pain I can't function, I'm getting clots the size of my thumb, I'm dizzy and short of breath. This usually lasts about 14-18 days for me. I told my mom all my symptoms and she refuses to let me get medical help for it because she said it's normal. It's so bad that I have to set alarms at night change my pad at night. Do I need to go see a doctor for this or is she right about this being normal? If it keeps getting worse I might just tell an adult at school that she won't let me get medical help 
Side note: she's letting my 13 year old sister who experiences very painful periods and hers last about 4-6 days get birth control, but she won't even let me go to a doctor for mine",30,22,cant function,2,Personal PMDD Narratives & Life Decisions,-0.9491,1,1,1,0
208b6a012a79,Periods,Menstrual Migraines,"So I just discovered Menstrual Migraines are a thing, but is there such a thing as mild migraines, because I get the throbbing in the temple and behind the eye, but its not debilitating to the point of where I can't function or need to be in total darkness. like most migraine sufferers. so Im curious if mild migraines exist?",3,8,cant function,2,Personal PMDD Narratives & Life Decisions,-0.2316,1,0,1,0
ca9cf9a1181b,Periods,Who else is in their Luteal phase right now?,"Period should be here any day now, but currently I’m irritable, have back pain and unmotivated to do anything besides laying down. ",1162,57,luteal,0,Luteal Phase Decision-Making: Advice & Warnings,-0.9136,1,0,0,0
40d0ca8fcf73,Periods,Luteal Phase Energy &amp; Symptoms,"I get really tired during Luteal to the point where I don't want to do anything. I also get random bursts of angry energy that make me throw useless things away and declutter. Then it's back to the tiredness and downward mental spiral. 

Does anyone else get that random ""I need to purge everything, and god help anyone who gets in my way"" energy and clean like someone who is possessed? lol",6,15,luteal,0,Luteal Phase Decision-Making: Advice & Warnings,0.7639,1,0,1,0
38071ee7abfc,Periods,I(F23) am suddenly getting severe Depression/ suicidal thoughts before my periods(luteal phase) in,"This started recently, around three periods ago, I noticed I get depressed and hopeless around five days before my period starts and continues till my periods are done. I cried for hrs today and I’m not sure why this is happening. 

I have struggled with depression in the past but I was doing well this year. I think this situation is more hormonal. I feel some kind of emotional pain every second of the day. And everything is making me cry. I also have a lot of rage and lose my patience very fast. After my periods are done all the symptoms go away. I am getting some slight thoughts about self harm as well. 

I got my periods first when I was 11 years old and my periods have never been a problem for me, I would sometimes forget that I was even on my period. I had no cramps. But now I am 23 and getting PMS symptoms.

I am hoping this issue will resolve just as fast as it appeared. Is there any medicine that can help me fix this? Or any dietary changes? Can someone explain why this is happening to me? I am dreading my next period. ",1,2,luteal,2,Personal PMDD Narratives & Life Decisions,-0.9821,1,0,0,0
cb2510d85255,Periods,Late luteal soreness?,"I’m in my late luteal phase and my breasts are very sore. I’ve noticed that I don’t feel as much soreness or swelling in the morning, compared to at night. Is this normal or could this potentially mean that I am not producing enough progesterone? Could this impact fertility? Thank you! ",1,2,luteal,0,Luteal Phase Decision-Making: Advice & Warnings,-0.2789,1,1,0,0
3c3e6e4fdb5d,Periods,Is drinking okay in luteal phase,"I will just be drinking for one day ,will it impact the menstrual cycle negatively ",1,2,luteal,0,Luteal Phase Decision-Making: Advice & Warnings,0.2263,1,0,0,0
19a7de6b77a9,Periods,Question about luteal phase,"As someone with PCOS, my periods are VERY irregular (35-70 day cycles, extremely light only 1-2 days long). I’ve been learning a lot about the characteristics/symptoms of each cycle phase to try and understand my confusing body and symptoms. 

With that being said, does anyone know if, for example:

1.) if my cycle is 60 days long, am I just staying stuck in the awful  luteal phase for weeks? 

2.) If I never actually ovulate does my body even hormonally produce a “real” luteal phase? 

3.) Can I only re-enter the follicular phase if I have a period, or do things reset if a period is missed…

I know this very dependent on the individual, but generally speaking can anyone help me out! ",2,6,luteal,0,Luteal Phase Decision-Making: Advice & Warnings,0.3076,1,0,1,0
19bddd8c2637,Periods,Luteal Phase and intense muscle pain,"Hey all,  
I was recently diagnosed with PMDD by a nurse practitioner due to my emotional/mental symptoms and have started taking 10mgs of Fluoxetine (Prozac) during my luteal phase up to the first few days of my period.

I have been experiencing upper back/shoulder/neck pain and headaches during my luteal phase for the past few years, and only recently made the connection between the timing in my luteal phase and the pain. Prior to this my menstrual pain was more lower back, and I found that strengthening by core, stretching my hip flexors and avoiding certain movements have really helped, but now it seems to be my traps area.

I am wondering if anyone else is experiencing muscle pain during their luteal phase? and if so- anything have any tips? has anyone had success going back on birth control to handle the pain? It tends to occur around day 20 or my fairly regular cycle. The worst part is the throbbing headaches that come with it. 

I've met with a naturopath and have started taking magnesium malate, which has helped with DOMS from working out in general, had a clean blood test as well as regular hormone saliva test. I am working with a physio to work on posture and strengthening the muscles as well as getting massages, but sometimes the headaches and pain is so bad that I am in tears. I am debating maybe a personal trainer next (to make sure my form at the gym is good) and an osteopath as well as returning to my family doctor.

Any tips would be extremely useful!",1,0,luteal,0,Luteal Phase Decision-Making: Advice & Warnings,-0.6983,1,1,1,0
c3a821ca6271,Periods,Extreme grief during luteal phase before period,"I did some research (a quick google search lol) and I may have PMDD. Whenever it’s a few days before my period, everything traumatic and upsetting resurfaces and all of the grief and pain I’ve ever faced in my life comes crashing down on me all at once. My OCD also gets 100x worse.

I cry so hard for hours and hours and I grieve the people I’ve lost. The other night it felt like I was going to die of heartbreak, like something in my heart was going to snap. I cried so hard and for so long I had to skip all of my classes the next day. 

Now, it’s 2AM again and I am trying really hard not to start sobbing (again). This time, it’s not about grieving but more about future-grief with horrible intrusive thoughts from my OCD that ruin my life.

I’m trying so hard not to start crying, because when I start it usually doesn’t stop and I can’t afford to take another absence. it’s so hard and really painful. I become extra sensitive to everything around me, and it builds up very quickly to the point where a few negative things can make a great day a horrible one.

My heart feels heavy, I get so many negative thoughts, I feel depressed and like I need to be held and break down in someone’s arms. 

It’s not fair that society doesn’t accommodate for this, let alone periods in general. 

  
Does anyone else have all of their grief resurface a few days before their period/other mental disorder symptoms get 10x worse? ",12,5,luteal,2,Personal PMDD Narratives & Life Decisions,-0.9949,1,0,1,0
7b8e395a20e9,Periods,Luteal phase,Anyone else rage like scorched earth on the second week of their cycle? I am right now and I honestly don't care about anything and any one and want to punch something or someone. I am so ragey. ,1,4,luteal,0,Luteal Phase Decision-Making: Advice & Warnings,-0.1098,1,0,0,0
be5b7886ef0e,Periods,Please tell me if this is your normal experience during luteal,"I’m in my second/third day of my luteal phase and absolutely exhausted with no motivation to do ANYTHING. I sleep for 8.5 hours at night and need a daily nap. 

Not being able to do anything or get things done puts me in an even lower state of mind. My sisters don’t think this is normal and each month encourage me to get on antidepressants. When I’m not in this phase, I feel fine and can keep a regular schedule. 

Is this considered normal in the luteal phase or is there something others take to help this? ",1,1,luteal,0,Luteal Phase Decision-Making: Advice & Warnings,0.5163,1,1,1,0
6bac3bf95c46,Periods,Luteal phase SUCKS especially since getting married,"I guess this post is just to rant but MAN I am in the thick of the luteal phase and for some reason I have had WAY worse PMS symptoms in the last few months as a married woman.

I think the emotional rollercoaster is in part because I'm way more vulnerable with my husband than I've ever been with anyone so I guess my brain just lets the floodgates open when it comes to irritability and grumpiness and sadness around him/anything to do with him. Like he is seriously the sweetest man ever but the smallest things that he does slightly wrong I get PISSED about. For example, today in the early morning he was getting ready for work and I heated up some instant oatmeal for him. He was rushing to try and eat it because he didn't have much time and he burned his mouth so then he didn't really want to eat anymore. I was grumpy about it because it felt like he didn't appreciate me making breakfast for him but in reality he was just in a rush. Then I had packed him a lunch and pretty much every other day that I've sent him one, he eats it and doesn't go out to eat. But today some of his work buddies were going to get fast food so he went with them for lunch instead. He texted me about it and I was about to CRY over it because it felt like he was not appreciating my hard work to make him a (simple) sandwich, lol.

Also, my boobs are sore for like a week and half before my period and I crave allllll the carbs haha. And I'm more tired and extremely unfocused at work during these days. Like, dragging myself by the foot to do one simple task kind of unfocused. It's a struggle. 🫠",3,0,luteal,2,Personal PMDD Narratives & Life Decisions,-0.9739,1,0,0,0
233eaf7fa283,Periods,"Does anyone else structure their work around their cycle throughout the month? Like avoiding high pressure meetings during luteal, and putting more extroverted stuff during follicular",trying to figure out if i'm the only one that does this...also idk if it's placebo but i definitely feel different in luteal vs follicular vs when im literally bleeding,1,1,luteal,0,Luteal Phase Decision-Making: Advice & Warnings,0.4215,1,0,1,0
87957f2b31b7,Periods,does anyone else’s luteal phase really mess with their heads?,"my period has change during the whole past year and it’s been very “irregular” (meaning I literally don’t know how I’m going to feel during it in the months because they’ve all been different) but I’m noticing but during the luteal phase I just like, especially THINK things or overthink things I wouldn’t usually do - I just feel all weird and ‘paranoid’ and it usually goes away when I get on my period. does anyone else experience it? it’s been quite overwhelming sometimes because every month it’s different 🥹 and I’m just trying to understand my body",11,5,luteal,0,Luteal Phase Decision-Making: Advice & Warnings,0.1689,1,0,1,0
6138267ca418,Periods,Spotting during luteal phase ?,"Anyone else ever experience this? I spot a few times a year and it always seems to happen around my luteal phase or like 2 weeks after my period. I also possibly have thyroid issues (waiting on TSH results). Could this, in any way, be related? I was thinking of bringing this up to my doctor next time I go but since I don’t really experience health issues because of it, I was reluctant to.",1,1,luteal,0,Luteal Phase Decision-Making: Advice & Warnings,-0.316,1,0,0,0
951a497dffc0,Periods,I peed the bed in my luteal phase. Is this common?,"I’m four days away from my period. This morning, I dreamt about peeing and then I woke up to find I’d actually peed myself. I have a tight pelvic floor too, and I thought it was only a thing with weak pelvic floors. I am 32 and embarrassed.",0,5,luteal,0,Luteal Phase Decision-Making: Advice & Warnings,-0.6597,1,0,0,0
e4eb9ec0b7b2,Periods,Mood swings becoming worse during luteal phase as I grow older. Has anyone anything similar?,"When I was a teenager, I don’t remember my mood swings being this bad. But now, as I’m almost 25, it feels like they’ve gotten significantly worse.

It hits especially hard if I’ve had a rough week or if my partner and I haven’t had much quality time together. In the days right before my period, I become extremely irritable. I genuinely dislike having my husband around me, even though I know I love him. But I also don’t like when he is not around. It’s all bonkers. 

I feel this intense urge to either cry or scream because I feel so awful emotionally, and if we end up arguing, I want so bad to throw a punch.

So, has anyone else experienced this?

Did your mood swings feel mild or manageable as a teenager, but then get worse as you got older?",9,1,luteal,2,Personal PMDD Narratives & Life Decisions,-0.9876,1,0,1,0
cb37b43c4d83,Periods,Unexplained Luteal Phase Spotting and TTC,"
Hi there, 

I’m 34 years old and my husband is 33 years old. We started to try for a baby this month.

However, I’ve had luteal phase spotting since I was 32 years old. Like clockwork, I spot brown or pink blood and get mild cramps starting 4 dpo until my period on cycle day 30-33. I have a long luteal phase (17-19 days) which I’m told is good.

I did a work up at an OBGYN. 

Bloodwork is normal. 
No polyps or fibroids. 
Lining looks fine. 
I had a hysteroscopy (which was brutal) and they found nothing. 
Thyroid is fine. 
Progesterone on CD 23 is fine. 
Estrogen on CD 3 is fine. 
AMH normal. 
FSH normal. 

I confirm ovulation with LH strips on CD 13-14. My cervical mucus changes, but I dont make a lot of it. My temps go up after ovulation - they stay high but they can be a bit wobbly.

Doctors dont know why I spot, don’t seem concerned, and told me to go ahead and TTC. 

I asked them for 200 mg progesterone because my friends said it helped them hold pregnancies after miscarriages. I found that 200 mg progesterone taken vaginally stops the spotting/cramping - orally doesn’t do much. 

However, vaginal progesterone pills make my periods WICKED painful. Cramps wake me up at night, if I go out in the world during my period, people ask me what’s wrong because I looked pained (because I am). My period is only 2 days though. 
 
I’m losing my mind because Chatgpt and Gemini are telling me opposite things about if this spotting means I’d have trouble conceiving or not. Gemini says yes, ChatGpt says no. I havent found a single post of anyone with an identical spotting pattern who came back and said they conceived. None of the threads ever have a follow up, and some of the posts are women who only spot 4 days before their period (like omg try 14 days!)

Should I take the progesterone vaginally, and stop thinking I can conceive without it? ChatGPT says as long as the uterine lining holds up until the period (mine does), then the spotting and cramping doesn’t matter. Gemini is not optimistic, and tells me studies show that spotting reduces your chance of conceiving in that cycle by 70%. No doctor has told me this.

I don’t have a lot of patience and tend to spiral a lot when waiting for something. It took me a long time to find a husband, and this feels the same anxiety-wise - it’s hard to stop worrying about it.  All of my friends are on their second or fourth kid by now! So I’d obviously like to conceive sooner rather than later (who doesn’t)

I can’t decide if I should TTC naturally for a few months, or just take the damn 200mg progesterone during my luteal phase and suffer the bad periods to shut my anxiety up. If you were me, what you do?

This got removed in r/TryingForABaby and I’m not sure why, I think because youre not allowed to ask for success stories. 
",2,3,luteal,2,Personal PMDD Narratives & Life Decisions,-0.9883,1,1,0,0
78a569621299,Periods,Luteal phase/ hormone flares?,"About a year ago, my luteal phase started getting really hard, and over time my body just began flaring up nonstop. By flare-ups I mean inflammation, bloating/constipation, eczema/dermatitis, mood swings, and feeling generally unwell.

I eventually stopped working out because it seemed to make everything worse, and interestingly, a lot of the flare-ups calmed down when I did. But my cycle symptoms have continued to evolve.

Now during my luteal phase, I’ll have 4–5 days where I’m extremely sleepy—like I can’t wake up, can’t function, sleep all day. Then suddenly I flip into the opposite: I can’t sleep at all and feel wired but exhausted at the same time. My hormones feel off for most of the cycle until I get my period. Once my period starts, I feel pretty good for a few days… and then things slowly start getting messed up again.

I’ve done a ton of testing and seen multiple doctors, but nothing clearly explains what’s going on. Most labs come back “normal,” though there’s been some mention of mild insulin resistance. I can’t shake the feeling that this is metabolic or hormonal in a way that’s just not showing up clearly on standard tests.

I’m almost always bloated, inflamed, and uncomfortable, and it’s honestly really defeating. I used to be very functional, and now my body feels unpredictable and fragile.

Has anyone experienced anything like this—especially the luteal-phase exhaustion → insomnia pattern, flare-ups that improve when you reduce stress/exercise, or symptoms that don’t show clearly on labs? If so, what ended up being the missing piece for you?",2,0,luteal,0,Luteal Phase Decision-Making: Advice & Warnings,-0.6254,1,1,1,0
90effbd5ef38,Periods,asymmetrical face during luteal phase?,GUYS ISTG MY FACE LOOKS LIKE TWO DIFFERENT FACES JOINED TOGETHER IT LITERALLY PMO SO MUCH. Like i never look as asymmetrical than i do in my luteal phase this genuinely pisses me off so much. one side of my jaw looks bigger than the other and my eyebrows arent even sisters anymore they are DISTANT cousins. does this happen to any of you?,2,0,luteal,0,Luteal Phase Decision-Making: Advice & Warnings,0.5004,1,0,0,0
c3987ec28d2d,Periods,Why do I feel angry during luteal phase?,"There are a few days in a month when I feel angry at everyone and for everything. And since last teo months I accidentally checked my flo app and saw that I am in my Luteal phase. The worst part is that I cannot be unapologetically angry, I feel guilt even when I am angry at my family or say something that I didn’t want to say, though not unreasonable. But I am not surrounded by people who will consider it justified just because I am having hormonal issues. So, I really want to control my PMSing. Please tell me how I can do this.",1,0,luteal,0,Luteal Phase Decision-Making: Advice & Warnings,0.0363,1,1,0,1
6dcc9ca49cdb,Periods,"For those who love to walk for movement, how much are we walking during late luteal/PMS and period?","I tend to feel better after a day or two of my period, but I feel so much worse mentally and physically the day or two BEFORE my period (late luteal/PMS stage). I've been getting back to my walking routine finally in the last couple of weeks, hitting 9K-11K steps daily. But today, I'm at 4K and it's almost dinnertime. I'm feeling sluggish, sensitive, INSATIABLE, and know my period will come any day now. 

It got me wondering, do you slow down your roll around this time? Or do you just give yourself a break (if you do) during your bleed? Just curious how this time in your cycle reflects in your walking routine 🩵",2,0,luteal,2,Personal PMDD Narratives & Life Decisions,-0.4221,1,1,0,0
d44e177ab135,Periods,The luteal phase is killing me,"I'm so tired.

I just got laid off last week and I've kind of just been wanting to take a breather for Christmas because I've been burnt out since I started that damn job. But people keep asking me what I'm gonna do at the end of January when my contract expires, as if my untrained, unmedicated, unmotivated, megaloser self could just immediately get a new job like that. 

And now I'm in my luteal phase, which is as bad as it hasn't been in a long time, I'm sitting here in this disgustingly bright shared office, feeling like a wet piece of cardboard and probably also looking like one. 

This morning was already ridiculous enough, I couldn't find my belt and didn't have time to look for it because I needed to rush to the fuckass bus that proceeded to be 10 minutes late. I also forgot to take my supplements and put on setting spray. 

My brain fog is so bad I feel like somebody blended my brain. I feel like I'm developing dyslexia as I'm typing this (autocorrect is saving my ass rn).

I just want to lay down and cry and be left alone but I'm at work and be asked questions I don't have answers for.",8,0,luteal,0,Luteal Phase Decision-Making: Advice & Warnings,-0.9623,1,0,0,0
eb86f33cf3f0,Periods,Luteal phase study!!,"Hi Folks!!

I am currently running a study for my university dissertation project surrounding the differences individual  with and without ADHD face during the luteal phase of their menstrual cycle. 

Taking part in this study won’t take any more than 10-15 mins (doesn’t have to be done in one go) and can be done from any electronic device. 

Unfortunately if you are on hormonal birth control, pregnant/breastfeeding, menopausal, diagnosed with a genealogical condition that makes your cycle irregular or taking any gender affirming hormones you can not take part. 

You do not have to have an ADHD diagnosis or ADHD symptoms at all. I also require non-ADHD individuals participation!! Gender identity does not matter so long as you are menstruating and meet the requirements stated above. 

Participation 18+ 

Anything else you need to know is available when the study is accessed!!

https://nupsych.qualtrics.com/jfe/form/SV\_0Gl8qPtYvpLq8Ie",2,0,luteal,0,Luteal Phase Decision-Making: Advice & Warnings,-0.5635,1,1,1,0
53e842861985,Periods,Norethisterone 5mg.. like a prolonged luteal/ PMS phase?,"I've been on norethisterone for the past week and no longer need to take it to delay my period. While I took it, I was extremely emotional, it exacerbated my OCD, I am extremely bloated, slight weight gain and my appetite at time was huge... it's like a prolonged luteal phase or PMS.. Has anyone else had this experienced it? How long did it take symptoms to go back to normal? How were your periods afterwards?",1,1,luteal,0,Luteal Phase Decision-Making: Advice & Warnings,0.8305,1,0,1,0
6429fd15dfa0,Periods,Anyone else get 0 motivation during luteal phase?,"I start off the month crushing workouts and work deadlines, and then BOOM-suddenly I just want to nap. I think it’s my luteal phase hitting. How do you deal when your productivity just dies mid-cycle?",2,0,luteal,0,Luteal Phase Decision-Making: Advice & Warnings,0.1431,1,1,0,0
